Actual_ROI,Predicted_ROI,Residual
-0.96,-0.9130039972107924,-0.04699600278920757
10.24,8.114776557427462,2.1252234425725387
-0.69,-0.5169846211383781,-0.17301537886162188
3.37,2.5654850845032877,0.8045149154967124
-0.31,-0.05055109339682281,-0.2594489066031772
3.26,2.119265550831565,1.1407344491684346
-0.29,0.7577106316808145,-1.0477106316808145
1.04,0.6590652361347864,0.38093476386521363
1.45,4.608033429137585,-3.1580334291375847
2.98,1.698439971422612,1.281560028577388
-0.23,-0.32659214078137244,0.09659214078137243
0.25,0.6878471330457693,-0.4378471330457693
-0.4,0.001867196017946778,-0.4018671960179468
0.1,1.424279904542971,-1.324279904542971
0.51,0.3404308724783477,0.16956912752165232
4.96,5.112366437131987,-0.15236643713198728
-0.29,-0.28762416783354516,-0.0023758321664548165
-0.66,-0.6308627838569151,-0.029137216143084954
3.93,3.82392082571834,0.10607917428166003
1.33,0.6038894103290018,0.7261105896709983
16.14,8.520362040790037,7.619637959209964
-0.53,0.032524677514568584,-0.5625246775145686
12.0,6.344515150042569,5.655484849957431
2.3,1.7763973683677288,0.523602631632271
-0.78,-0.5413503480645769,-0.2386496519354231
-0.49,-0.31129710813070943,-0.17870289186929056
6.83,3.927598709101338,2.9024012908986623
1.69,4.011774986755916,-2.321774986755916
0.39,0.20014981291365633,0.18985018708634369
9.06,6.2205708628834895,2.839429137116511
4.77,6.029492051333202,-1.2594920513332024
4.34,2.4973821094102653,1.8426178905897346
0.61,1.5353063022375972,-0.9253063022375972
2.51,7.237755246072302,-4.727755246072302
-0.69,-0.17924419224113905,-0.5107558077588609
-0.34,-0.31523993273235446,-0.02476006726764557
0.77,1.5946367416420661,-0.8246367416420661
1.91,1.2982614151644887,0.6117385848355112
0.39,1.4374835544825024,-1.0474835544825023
3.89,7.130671537828703,-3.2406715378287028
1.18,1.3634477469609343,-0.18344774696093435
1.5,0.670344272550087,0.829655727449913
2.74,1.5750565828483751,1.164943417151625
-0.5,-0.41471002651724065,-0.08528997348275935
-0.66,-0.27937032376482357,-0.38062967623517646
-0.6,-0.29225605782457426,-0.3077439421754257
4.04,5.835986134993742,-1.7959861349937416
-0.2,-0.1430174180946682,-0.056982581905331814
0.29,0.7475903391925861,-0.4575903391925861
2.66,2.4330401996353497,0.22695980036465047
1.35,3.1250058263393417,-1.7750058263393416
0.7,0.29422012940251957,0.4057798705974804
-0.38,0.5418548509154086,-0.9218548509154086
2.64,1.353196642568187,1.2868033574318132
0.46,0.9536071994177218,-0.49360719941772174
3.69,2.1680427766401027,1.5219572233598972
0.79,0.6081198620186284,0.1818801379813716
1.0,1.5961824473557809,-0.5961824473557809
0.54,0.1808217149484308,0.35917828505156923
12.55,8.231569279633637,4.318430720366363
1.87,0.9218775625400745,0.9481224374599256
0.13,-0.31582436979098394,0.44582436979098394
0.53,0.07317972096008543,0.4568202790399146
0.88,0.7024712406034733,0.17752875939652668
2.63,2.493926817820845,0.13607318217915498
-0.12,1.0585670867396026,-1.1785670867396028
1.23,0.6905710976765846,0.5394289023234153
0.05,0.005136102747225986,0.04486389725277402
1.85,1.9238711463098555,-0.07387114630985536
9.56,11.839419402890904,-2.2794194028909036
1.1,0.4898269191967413,0.6101730808032588
2.37,1.942917354118037,0.4270826458819632
7.92,7.035063568320687,0.8849364316793134
3.04,1.9991052140125414,1.0408947859874587
9.21,12.927854914513,-3.7178549145129995
7.14,8.807716545400792,-1.6677165454007925
0.11,0.9099894938615203,-0.7999894938615203
3.65,2.4079272880367855,1.2420727119632144
9.57,6.677151014428029,2.8928489855719715
2.95,3.0770515389932847,-0.12705153899328447
-0.9,-0.9288566996161732,0.02885669961617321
1.05,0.9406120774273901,0.10938792257260999
-0.64,-0.5422569786327415,-0.09774302136725854
6.04,3.5263996991540383,2.5136003008459618
0.1,-0.22644258404157483,0.32644258404157483
0.82,1.8008203912280873,-0.9808203912280874
4.04,10.188129988234785,-6.148129988234785
0.88,2.517416499233875,-1.6374164992338751
-0.48,-0.41946970163793285,-0.060530298362067136
-0.05,-0.20742657526998565,0.15742657526998566
0.55,0.7420258106686352,-0.1920258106686351
0.17,0.8095185929902936,-0.6395185929902936
-0.76,-0.5249394177729664,-0.23506058222703363
-0.05,-0.18443878185219403,0.13443878185219404
4.51,6.8149501840660855,-2.3049501840660858
3.55,2.7648944429349704,0.7851055570650294
1.15,3.58764287770052,-2.43764287770052
3.67,2.0515467637511233,1.6184532362488766
1.66,1.0272546631213781,0.6327453368786218
4.1,3.60113427562368,0.4988657243763197
0.04,1.4315103334791963,-1.3915103334791963
1.26,1.7317053828711346,-0.4717053828711346
0.41,0.14340095534460215,0.26659904465539785
-0.35,-0.5105348342017044,0.16053483420170445
4.92,6.084043598903762,-1.1640435989037616
-0.29,-0.1791261156721862,-0.11087388432781378
0.68,0.6088545195376198,0.07114548046238023
0.57,0.8201732783384195,-0.2501732783384195
0.39,1.9097566630321157,-1.5197566630321155
1.75,3.4589181963535514,-1.7089181963535514
0.91,0.48796080344049597,0.42203919655950406
2.81,3.516210115222838,-0.7062101152228379
1.35,1.3619445703499429,-0.011944570349942785
11.34,15.522839379890177,-4.1828393798901775
32.99,25.97720916445153,7.012790835548472
0.86,1.8666163828152358,-1.0066163828152357
0.23,0.7588080636567659,-0.5288080636567659
4.72,7.096294777197598,-2.3762947771975984
1.06,0.37845007611110043,0.6815499238888996
19.77,15.743660153362095,4.026339846637905
4.38,2.9771301796308176,1.4028698203691823
2.38,6.832732227365488,-4.452732227365488
0.93,0.925114142649804,0.004885857350196088
-0.76,-0.8048665950920252,0.044866595092025174
7.18,5.42969872122844,1.75030127877156
14.74,12.759177950544709,1.9808220494552913
0.61,0.5365716672430972,0.07342833275690275
27.46,18.081547792847264,9.378452207152737
-0.34,-0.5452397194913308,0.20523971949133074
1.98,1.30466312918439,0.67533687081561
0.49,0.5993463107965207,-0.10934631079652068
1.58,2.5801447577406154,-1.0001447577406153
2.69,2.226479873239938,0.46352012676006193
1.43,1.1408861994928592,0.28911380050714075
0.56,1.0639272729930753,-0.5039272729930753
19.62,29.476126196948474,-9.856126196948473
-0.09,0.1741140159522698,-0.2641140159522698
8.02,4.364552683483623,3.6554473165163763
4.14,7.407739659168166,-3.267739659168166
1.2,1.3780524103428553,-0.17805241034285535
-0.23,-0.4722547893542334,0.24225478935423336
4.0,2.0235214424961603,1.9764785575038397
-0.52,-0.1382201409495113,-0.3817798590504887
0.99,3.360632135072242,-2.370632135072242
0.42,1.1458806487459159,-0.725880648745916
5.73,10.361914915577959,-4.631914915577958
16.31,17.892799523834956,-1.5827995238349573
1.62,1.3271937746951499,0.29280622530485023
2.81,6.896299407689543,-4.086299407689543
0.24,1.6690528988318114,-1.4290528988318114
-0.88,-0.7188889843930113,-0.1611110156069887
12.48,15.561283385990048,-3.081283385990048
12.3,11.507364785609449,0.7926352143905522
2.79,1.801334748635993,0.9886652513640071
-0.81,-0.6045993126176242,-0.20540068738237582
0.58,0.6905798850338504,-0.11057988503385041
0.83,0.21143154364600447,0.6185684563539955
3.72,5.719543274097338,-1.9995432740973382
0.22,-0.11498086562845425,0.33498086562845425
0.74,0.6053068090325858,0.13469319096741417
1.09,1.3886418042516444,-0.2986418042516443
0.86,0.21917415277654115,0.6408258472234588
4.84,2.855952942547298,1.984047057452702
3.17,3.116707300288925,0.053292699711074754
0.36,0.6029901527800214,-0.24299015278002145
1.35,2.138601425957077,-0.788601425957077
3.93,2.1858632587376117,1.7441367412623885
1.3,0.6910428833814103,0.6089571166185898
0.96,1.7029892000619102,-0.7429892000619103
4.74,3.0248483714362577,1.7151516285637425
-0.61,-0.5420212071609125,-0.06797879283908748
1.32,0.5723033563582366,0.7476966436417635
1.97,1.4073810600292993,0.5626189399707007
5.24,3.505622893810803,1.7343771061891973
24.18,21.046241308071288,3.133758691928712
0.19,1.4868404790493135,-1.2968404790493135
0.22,-0.01579198467548804,0.23579198467548804
1.33,0.962593170384486,0.3674068296155141
0.29,2.180163091995776,-1.8901630919957761
1.27,0.9164326890263894,0.3535673109736106
-0.79,-0.5223078983935784,-0.26769210160642165
0.37,1.4279011930780114,-1.0579011930780116
6.43,4.337926382545584,2.0920736174544157
0.31,1.6238688659437754,-1.3138688659437754
6.72,6.717048038603672,0.0029519613963273628
3.02,2.3261416017056686,0.6938583982943314
3.47,2.201844650492023,1.2681553495079774
-0.21,-0.049446455125508916,-0.16055354487449108
1.97,5.2030220012679145,-3.2330220012679147
0.56,0.0298936351758143,0.5301063648241857
9.8,7.969781014360615,1.8302189856393856
0.08,-0.25829575582015607,0.3382957558201561
-0.29,0.4261022941621251,-0.7161022941621251
-0.82,-0.639191728123512,-0.18080827187648796
1.78,0.9669583239984813,0.8130416760015188
0.42,0.040344033817639284,0.3796559661823607
-0.31,-0.27638571824363006,-0.033614281756369935
-0.75,-0.7078020704177551,-0.042197929582244886
13.4,15.125422053103327,-1.7254220531033262
0.86,1.2811641805411813,-0.4211641805411813
1.39,4.481036234225861,-3.0910362342258617
1.1,0.9018081748633842,0.19819182513661593
-0.63,-0.2841128704863108,-0.3458871295136892
1.78,1.2136802011434533,0.5663197988565467
-0.18,0.3827257960670405,-0.5627257960670404
-0.66,-0.37459382200171826,-0.2854061779982818
1.74,3.5397724234547914,-1.7997724234547914
1.1,2.55501033904221,-1.45501033904221
-0.74,-0.6112472590003398,-0.12875274099966016
6.89,7.931820242398535,-1.0418202423985354
6.05,4.250235717792436,1.7997642822075637
1.6,2.5373900194043606,-0.9373900194043605
2.14,1.4341641565781496,0.7058358434218506
-0.67,-0.7861609519724296,0.1161609519724296
0.53,0.4693834276619506,0.0606165723380494
4.25,4.2277823155744185,0.022217684425581474
-0.36,-0.21379727442257543,-0.14620272557742456
-0.18,0.8811897564049175,-1.0611897564049175
3.12,1.5581397784297675,1.5618602215702326
3.38,3.267829516054182,0.11217048394581797
0.47,0.0314810901182318,0.43851890988176817
-0.57,-0.6546484216058321,0.08464842160583219
2.86,2.276405151463359,0.5835948485366407
2.94,2.936388645848201,0.003611354151798807
-0.48,-0.4003423879354601,-0.07965761206453986
1.29,0.539314781838433,0.7506852181615671
5.1,3.411125148482054,1.6888748515179457
6.42,7.827022110178295,-1.4070221101782954
7.79,19.82214331812598,-12.032143318125982
1.06,1.941827549950036,-0.8818275499500359
4.16,2.97444586428153,1.18555413571847
2.82,3.1855773621730448,-0.36557736217304493
1.03,0.5285845048984551,0.5014154951015449
20.02,14.541390850629572,5.478609149370428
5.61,3.8962993315342516,1.7137006684657488
-0.14,-0.11944045056928004,-0.02055954943071997
-0.3,0.37283431500768394,-0.6728343150076839
-0.58,-0.4476360838650595,-0.13236391613494047
-0.37,-0.07803990129711426,-0.29196009870288575
2.98,1.4942268714251894,1.4857731285748106
16.45,10.367281569392814,6.082718430607185
8.88,5.469818154993788,3.410181845006213
-0.21,0.1916148051207,-0.4016148051207
-0.14,0.2504300060046333,-0.3904300060046333
1.56,0.9334119283488492,0.6265880716511508
2.8,1.4762393537889364,1.3237606462110634
5.41,10.3606755647676,-4.9506755647676
1.59,1.4293234444542413,0.16067655554575877
-0.42,-0.530663775585419,0.11066377558541901
1.01,0.9658362856021777,0.044163714397822296
0.78,2.2674060238391234,-1.4874060238391233
3.46,2.249636466754828,1.210363533245172
2.61,2.6150506473909094,-0.005050647390909546
0.12,0.30158526814076386,-0.18158526814076387
9.37,6.594029162343725,2.775970837656274
-0.46,-0.3978640146061218,-0.06213598539387821
-0.92,-0.8144994610569829,-0.10550053894301714
4.57,4.731986583552264,-0.16198658355226403
1.28,1.2541633824869753,0.025836617513024684
0.2,0.71811753475269,-0.5181175347526901
11.94,21.763611653819343,-9.823611653819343
5.57,4.327354375065126,1.242645624934874
9.39,7.343698360156522,2.0463016398434783
-0.16,-0.3096802440952723,0.14968024409527228
1.54,2.451203479753129,-0.9112034797531288
-0.6,-0.42660771826033594,-0.17339228173966403
0.28,1.4047501374292872,-1.1247501374292872
-0.47,-0.47433634096840277,0.0043363409684027965
1.09,1.4837021186522372,-0.39370211865223714
-0.55,-0.5635835988082388,0.013583598808238784
6.28,3.6706612766725484,2.609338723327452
1.32,1.712968208536357,-0.39296820853635683
-0.2,0.4794883827097572,-0.6794883827097572
6.07,7.990578220617619,-1.9205782206176183
0.15,-0.1398749997655824,0.2898749997655824
13.99,13.417459447605124,0.5725405523948766
1.85,0.9760352525020989,0.8739647474979012
-0.04,-0.20551496572248293,0.16551496572248292
21.92,13.706653873429616,8.213346126570386
-0.28,0.7367326481341179,-1.016732648134118
11.04,16.96657139899179,-5.92657139899179
7.51,5.534107434481815,1.9758925655181852
0.08,0.2651136589294945,-0.1851136589294945
-0.04,0.8457878372292575,-0.8857878372292576
1.21,4.400347570742026,-3.190347570742026
1.08,1.381185305267664,-0.30118530526766385
8.3,4.575079741058105,3.7249202589418955
1.82,0.9765040273235926,0.8434959726764074
-0.75,-0.7231966691322038,-0.026803330867796182
-0.75,-0.7692564480303206,0.01925644803032056
0.74,0.7417428922607201,-0.001742892260720108
-0.57,-0.48397903955386207,-0.08602096044613788
-0.16,-0.11564892834476535,-0.04435107165523465
2.89,1.5343564557861917,1.3556435442138084
-0.16,0.2848700326670114,-0.4448700326670114
19.6,11.914871573046003,7.685128426953998
5.71,5.115450409992225,0.5945495900077749
6.23,3.64461912038238,2.5853808796176203
0.51,1.4261349474977432,-0.9161349474977432
43.44,23.327164887312506,20.112835112687492
0.57,2.0762875550402065,-1.5062875550402066
0.99,2.173536323880619,-1.1835363238806191
1.78,1.8339676297312402,-0.05396762973124014
2.29,2.0996200715137427,0.1903799284862573
2.82,4.199078712179163,-1.379078712179163
0.1,-0.19626753783126677,0.2962675378312668
-0.33,-0.46419821855695964,0.13419821855695963
3.98,9.443519630879518,-5.463519630879517
-0.19,0.22358052982947707,-0.4135805298294771
0.8,0.2970634452677341,0.502936554732266
-0.42,0.19518142997551213,-0.6151814299755121
0.32,0.3131401588374786,0.006859841162521418
0.28,0.8092217927442261,-0.5292217927442261
1.53,2.8636819163092055,-1.3336819163092055
4.94,2.7058943366090937,2.2341056633909067
0.66,1.237602471174437,-0.5776024711744369
3.21,2.035712224461295,1.174287775538705
0.17,0.7936609746497181,-0.623660974649718
10.84,6.873616859483806,3.966383140516194
0.91,1.041404892339092,-0.13140489233909192
-0.28,-0.0008279690411587275,-0.2791720309588413
2.01,1.8584495676385093,0.15155043236149046
0.87,2.1943861832137874,-1.3243861832137873
0.2,0.01675130492718365,0.18324869507281635
2.96,5.260039449500087,-2.300039449500087
-0.91,-0.8780685597988976,-0.03193144020110239
0.48,0.38843002137558863,0.09156997862441135
0.88,1.3238371541284013,-0.4438371541284013
4.23,4.939534584094672,-0.7095345840946718
0.33,0.1742648466245604,0.1557351533754396
3.04,1.9731804361812089,1.0668195638187912
1.67,1.608453212697479,0.06154678730252083
5.84,5.8032678603540555,0.03673213964594435
0.28,1.061928717981397,-0.781928717981397
1.58,2.1562826103708224,-0.5762826103708223
-0.73,-0.7600308740380329,0.03003087403803295
0.21,0.6305496716563634,-0.4205496716563635
7.63,4.82795702244968,2.80204297755032
1.53,2.2399111131151566,-0.7099111131151565
14.57,9.112565965257126,5.4574340347428745
0.25,0.45188818802229574,-0.20188818802229574
0.8,1.2509163980073796,-0.4509163980073796
-0.01,-0.1918533757606779,0.1818533757606779
5.05,3.5328163418659098,1.51718365813409
1.67,1.4077011771505226,0.26229882284947736
9.61,10.958885163040305,-1.3488851630403058
-0.43,0.29431475346412744,-0.7243147534641274
-0.2,0.7209469860622297,-0.9209469860622297
-0.78,-0.49535870716047375,-0.28464129283952627
7.23,5.229094659704498,2.0009053402955024
4.97,8.957863926809807,-3.9878639268098075
-0.82,-0.6108423116324394,-0.20915768836756055
-0.5,0.12119284507976248,-0.6211928450797625
1.73,3.7431260191987317,-2.0131260191987317
-0.27,0.4221199933676788,-0.6921199933676788
0.59,0.33437766960865156,0.2556223303913484
2.56,2.1448889746033406,0.41511102539665945
0.2,0.5190055803970368,-0.3190055803970368
-0.75,-0.7879596476314068,0.0379596476314068
0.6,1.7469284052494678,-1.1469284052494677
0.17,1.1593492567040977,-0.9893492567040977
2.23,2.5587432043937266,-0.3287432043937266
5.27,8.529723947275277,-3.259723947275278
13.62,9.412380938744649,4.20761906125535
1.25,0.8742525700370007,0.37574742996299926
0.63,0.5045879040673048,0.1254120959326952
1.01,0.3031661106089405,0.7068338893910595
-0.19,-0.04412324218581881,-0.1458767578141812
0.05,1.4339951761876457,-1.3839951761876457
2.59,1.4115860199426449,1.178413980057355
1.36,1.0375469375085262,0.3224530624914739
1.63,1.4643439137062944,0.16565608629370554
0.39,0.8336225618518148,-0.4436225618518148
0.53,1.5434396195332623,-1.0134396195332622
0.84,0.2980100257730803,0.5419899742269196
-0.41,-0.5667477058769914,0.15674770587699144
4.84,4.295015515444083,0.5449844845559166
0.08,-0.08578550772596373,0.16578550772596373
3.46,2.204670261812098,1.255329738187902
1.9,4.319298173621062,-2.4192981736210624
-0.8,-0.7814526381519621,-0.018547361848037958
0.88,0.1469676921773943,0.7330323078226058
1.5,3.0366065907058117,-1.5366065907058117
8.21,6.111265674976929,2.098734325023072
1.39,2.288826376020204,-0.8988263760202042
-0.78,-0.7332984142351927,-0.04670158576480732
0.55,0.8562789860757505,-0.30627898607575044
0.28,0.13461604900005442,0.1453839509999456
5.06,3.9016071961017906,1.158392803898209
-0.67,-0.6865663354573279,0.016566335457327885
-0.13,-0.38676455097975593,0.2567645509797559
3.86,4.53149698071689,-0.6714969807168898
0.79,2.3242024337690506,-1.5342024337690505
0.11,-0.06146520220065303,0.17146520220065303
0.25,0.023509835122917554,0.22649016487708246
-0.1,0.24407452601548418,-0.34407452601548416
3.17,3.021583390630186,0.14841660936981382
8.79,9.359029466097303,-0.5690294660973034
8.15,12.706489173281614,-4.556489173281614
3.81,2.3539741867180655,1.4560258132819346
3.75,3.963701436730783,-0.213701436730783
1.3,0.476869305500946,0.8231306944990541
3.72,2.629528624147734,1.0904713758522662
-0.54,0.1559630516949526,-0.6959630516949527
0.68,0.5251243101718874,0.15487568982811262
5.39,4.516772520113264,0.8732274798867357
-0.55,-0.25099473665194594,-0.2990052633480541
0.67,1.377957154051821,-0.7079571540518209
0.53,0.3226395899404195,0.2073604100595805
0.96,0.6595176789838383,0.3004823210161617
-0.57,-0.7391413132536687,0.16914131325366877
2.53,3.1914642354001947,-0.6614642354001949
0.49,0.5658462259595488,-0.07584622595954882
10.39,11.30929010732011,-0.9192901073201103
-0.49,-0.19391034184040595,-0.29608965815959404
-0.47,-0.6261253807762316,0.15612538077623161
-0.21,-0.45858799413000934,0.24858799413000934
4.35,2.5064781454887823,1.8435218545112173
8.69,8.686775595972083,0.00322440402791635
0.15,0.033185229030572444,0.11681477096942755
14.41,11.350967074685043,3.0590329253149573
1.07,3.051234795135172,-1.9812347951351719
5.04,8.906488617134254,-3.8664886171342543
7.8,8.229987624827709,-0.42998762482770925
5.14,4.742285084374631,0.397714915625369
1.3,1.4648490089782873,-0.16484900897828725
-0.84,-0.6342584970989942,-0.2057415029010058
2.44,8.06845610641237,-5.62845610641237
0.66,0.3165177845395469,0.34348221546045316
2.16,2.5784988589129685,-0.41849885891296834
3.25,4.458235286254412,-1.2082352862544123
-0.16,0.9692949265663939,-1.1292949265663939
0.93,0.5962096184566938,0.3337903815433062
0.76,2.3183270837433465,-1.5583270837433465
0.06,1.1179821279441047,-1.0579821279441046
2.69,1.2019766100229363,1.4880233899770636
-0.2,-0.42686482095250067,0.22686482095250066
9.12,6.219147373622675,2.9008526263773247
-0.69,-0.523150118818983,-0.16684988118101696
2.22,1.4692264588041046,0.7507735411958956
1.1,3.513736893271063,-2.413736893271063
-0.14,-0.17079187996914352,0.03079187996914351
1.02,0.737561124121354,0.282438875878646
1.95,1.3916321554921447,0.5583678445078553
5.35,12.070959401888214,-6.720959401888214
0.87,1.3059686577558012,-0.4359686577558012
0.96,0.48336897743026525,0.4766310225697347
-0.38,-0.5192394832313487,0.13923948323134872
-0.52,0.1712512316165951,-0.6912512316165951
-0.62,-0.5180530292948394,-0.10194697070516057
-0.04,0.5042989386581956,-0.5442989386581957
0.52,0.022613011258325138,0.49738698874167486
-0.68,-0.7673779677805684,0.08737796778056839
1.33,1.703619620800752,-0.37361962080075184
2.41,1.0508824492611686,1.3591175507388316
0.17,0.510156489982211,-0.34015648998221093
0.57,0.1625223701779771,0.40747762982202285
-0.72,-0.7094069543252627,-0.01059304567473729
-0.2,-0.10708925445829752,-0.09291074554170249
-0.4,0.5433844988320908,-0.9433844988320909
-0.56,-0.28110220769049293,-0.2788977923095071
-0.34,0.4182706178960351,-0.7582706178960351
2.51,4.219837025098243,-1.7098370250982429
0.47,-0.045667420585913464,0.5156674205859134
0.44,0.03011937221959844,0.4098806277804016
1.54,1.091756882933648,0.4482431170663521
2.49,2.137924655823168,0.35207534417683206
1.15,2.813612963494394,-1.6636129634943941
7.84,4.489015791571723,3.350984208428277
1.52,1.9560351051354485,-0.4360351051354485
1.95,0.8576087390718182,1.0923912609281818
0.53,2.1756936611547775,-1.6456936611547774
-0.35,-0.21461819141329394,-0.13538180858670604
7.53,7.663552363231591,-0.13355236323159048
4.31,2.952894510388554,1.3571054896114454
0.48,2.1914739505528464,-1.7114739505528465
-0.46,-0.5414570173310762,0.08145701733107619
0.52,0.0008306098405340614,0.519169390159466
2.17,1.0879139792440615,1.0820860207559384
12.95,8.652328331116935,4.297671668883064
1.48,1.8232910641555562,-0.3432910641555562
3.89,5.602542167753516,-1.7125421677535155
0.62,1.4965665830165193,-0.8765665830165194
7.46,6.326944756580621,1.1330552434193786
11.61,8.005552017102083,3.6044479828979163
-0.01,-0.14840336611609048,0.13840336611609047
19.47,14.690924089885254,4.779075910114745
10.39,8.734902656774437,1.6550973432255631
1.24,0.9001489583096877,0.3398510416903123
8.72,8.949199469003744,-0.22919946900374377
0.11,-0.10074458835068088,0.21074458835068088
9.07,8.067086330701455,1.002913669298545
2.62,8.519445045368059,-5.899445045368059
-0.28,0.7792944781837937,-1.0592944781837939
-0.15,-0.4225764484202605,0.2725764484202605
0.74,1.7169291292151767,-0.9769291292151767
0.59,0.7421627191468153,-0.15216271914681534
-0.88,-0.8295837610431936,-0.05041623895680636
1.16,1.2753666845875573,-0.11536668458755739
5.97,4.294830063496128,1.6751699365038721
12.33,7.3366679864443265,4.993332013555674
1.93,1.2301619663205683,0.6998380336794316
8.83,7.573893191394666,1.2561068086053337
2.21,2.309735010043598,-0.09973501004359786
2.59,3.002879986255635,-0.41287998625563516
4.15,2.9893953266989257,1.1606046733010746
0.59,1.1713168491646966,-0.5813168491646966
1.79,1.6757523677030555,0.11424763229694457
-0.59,-0.18253531485396998,-0.40746468514602996
6.59,3.4030332879398526,3.1869667120601473
0.51,0.03515642333718682,0.4748435766628132
-0.18,0.41475179399162587,-0.5947517939916258
2.33,3.4257184419731432,-1.0957184419731432
-0.11,0.32222747849067734,-0.43222747849067733
9.04,9.384166782096527,-0.3441667820965275
-0.6,-0.3806839662435358,-0.2193160337564642
2.32,1.3332372577725604,0.9867627422274394
0.39,0.42471251281849115,-0.03471251281849114
1.34,1.0257046733094446,0.3142953266905555
2.26,4.9393244228606665,-2.6793244228606667
-0.39,0.40262669411681107,-0.7926266941168111
2.8,1.6913394321290942,1.1086605678709056
0.64,2.141841962944476,-1.501841962944476
4.38,3.343241802733831,1.036758197266169
34.88,22.09942173478292,12.780578265217084
0.91,0.8812738891832199,0.028726110816780115
2.91,1.7245447481846425,1.1854552518153576
0.26,0.7884471685845688,-0.5284471685845687
-0.31,-0.08028902953566092,-0.22971097046433908
2.95,4.548536621603357,-1.5985366216033565
2.38,2.5591966578280845,-0.17919665782808458
0.29,1.082904697640808,-0.7929046976408081
1.91,6.363663299334322,-4.4536632993343215
1.53,1.46331456739883,0.0666854326011701
1.59,1.1628459202399282,0.4271540797600719
31.35,25.621352800280906,5.728647199719095
0.27,0.2296031147472984,0.04039688525270163
5.94,5.187383087165268,0.752616912834732
4.41,6.68277594948827,-2.2727759494882696
0.44,0.3921122227370791,0.04788777726292093
2.88,2.2597425948441647,0.6202574051558352
0.24,-0.13315392418981883,0.37315392418981885
2.68,4.141819467963493,-1.4618194679634926
0.59,0.4949549758458346,0.09504502415416538
2.69,3.8386657529170143,-1.1486657529170143
0.78,0.7486585627876308,0.03134143721236926
6.2,3.5629261087410495,2.6370738912589506
7.07,4.049394869247968,3.020605130752032
1.56,0.688040842245193,0.871959157754807
2.75,1.5578041985593105,1.1921958014406895
8.76,7.647675421873221,1.1123245781267785
-0.22,-0.10054833008719989,-0.11945166991280011
1.3,2.316013514289866,-1.016013514289866
-0.58,-0.7115978988883138,0.13159789888831386
-0.63,-0.6897933252678569,0.059793325267856856
6.8,6.828742883016533,-0.02874288301653305
-0.63,-0.28366229263789894,-0.34633770736210107
4.95,3.184728562957628,1.7652714370423723
1.58,1.8445112557437415,-0.26451125574374146
7.7,8.491249359959873,-0.7912493599598731
1.42,2.1919633795519675,-0.7719633795519676
1.19,3.6248067063632736,-2.4348067063632737
1.34,0.4734787854852203,0.8665212145147798
-0.35,-0.3701525094643821,0.02015250946438213
2.8,1.649152224056267,1.1508477759437328
0.16,-0.16461701470353024,0.3246170147035302
1.58,3.4778188027129975,-1.8978188027129974
0.48,1.7502377932831799,-1.2702377932831799
0.55,-0.030335314456722138,0.5803353144567222
-0.54,-0.6220569076539425,0.08205690765394247
-0.67,-0.16294214440402655,-0.5070578555959735
22.8,17.211256410078217,5.588743589921783
-0.41,-0.17773575475795902,-0.23226424524204095
1.15,1.7018504290994476,-0.5518504290994477
1.27,0.48616540085791615,0.7838345991420839
1.95,6.060212646516081,-4.11021264651608
22.16,27.603207531418413,-5.4432075314184125
3.19,1.8020267906457366,1.3879732093542634
4.31,3.441028433633209,0.8689715663667905
0.25,0.7257306331957692,-0.47573063319576925
0.35,0.20938439787721896,0.140615602122781
3.07,2.319441037991711,0.7505589620082889
2.15,1.7227165235426105,0.4272834764573894
3.71,2.7720324219146386,0.9379675780853614
6.42,3.670060082321141,2.749939917678859
3.43,2.6554742773592808,0.7745257226407194
0.04,-0.13538714380263872,0.17538714380263873
0.52,2.916339647624206,-2.396339647624206
4.12,3.223579763264065,0.8964202367359353
-0.35,-0.30479719594925525,-0.04520280405074473
15.85,11.628401668714837,4.221598331285163
-0.37,-0.5502261457138151,0.18022614571381512
3.95,2.5465518757535732,1.403448124246427
5.06,4.024736519078513,1.0352634809214862
0.36,0.46756694527763215,-0.10756694527763216
0.05,-0.289451255145369,0.339451255145369
5.37,3.43623473203852,1.9337652679614803
0.78,1.1052159445898837,-0.3252159445898837
5.02,3.501267103949124,1.5187328960508757
3.03,1.8601198311303255,1.1698801688696743
3.0,4.322634657833981,-1.322634657833981
-0.82,-0.6079195094399634,-0.21208049056003653
4.22,10.918928520999096,-6.698928520999096
5.46,5.230761628340394,0.2292383716596058
2.66,2.2465712607180577,0.41342873928194246
-0.52,-0.4238109879782814,-0.09618901202171865
0.84,0.9537781800845251,-0.11377818008452512
6.41,9.750890269771368,-3.340890269771368
32.86,26.67951461070332,6.180485389296681
3.16,1.7420045941854911,1.417995405814509
4.44,2.4945605023361703,1.94543949766383
6.53,5.80926555622184,0.7207344437781602
2.99,1.4780767780246782,1.511923221975322
-0.6,-0.14901557978044674,-0.4509844202195532
1.28,0.46992660501303474,0.8100733949869653
-0.07,-0.3414149210323491,0.2714149210323491
0.71,0.4501468249817994,0.25985317501820054
1.92,1.2541988986269441,0.6658011013730558
4.92,4.597529506108564,0.3224704938914362
6.98,4.491728869649395,2.488271130350605
7.01,4.955942710539458,2.054057289460542
0.29,-0.09877954893171663,0.3887795489317166
1.18,0.6609946805766018,0.5190053194233981
-0.56,-0.12465905416969703,-0.435340945830303
0.6,1.4087066733578146,-0.8087066733578147
14.81,8.551328233187517,6.258671766812483
3.71,4.372814046645459,-0.6628140466454591
0.02,0.8019696203239547,-0.7819696203239547
0.42,1.5860182753012095,-1.1660182753012096
0.27,0.4111876685341,-0.14118766853409997
0.13,0.401989087173427,-0.271989087173427
1.88,2.2564597213057813,-0.3764597213057814
1.08,0.9155257735928647,0.16447422640713538
0.29,0.22294696275944698,0.067053037240553
0.19,0.8899456197513783,-0.6999456197513783
-0.5,-0.5273246790643525,0.02732467906435254
8.78,13.952161813320942,-5.172161813320942
-0.36,0.5313179771783691,-0.8913179771783691
0.14,0.5705586675015422,-0.43055866750154215
2.65,1.3701205746880907,1.2798794253119092
2.89,2.9145723434791218,-0.024572343479121628
-0.51,-0.5882909461868581,0.07829094618685806
2.31,3.210808501770692,-0.9008085017706922
1.55,1.7236970410189623,-0.17369704101896222
2.08,0.9833560227237174,1.0966439772762828
2.63,1.6127537130407485,1.0172462869592513
2.91,2.503538786661489,0.40646121333851104
1.5,0.8622211257224754,0.6377788742775246
-0.32,0.17356091184872396,-0.49356091184872397
2.2,1.056307441698238,1.143692558301762
0.57,2.504522804784956,-1.9345228047849563
-0.04,-0.10709719680030166,0.06709719680030166
2.57,3.413692184209545,-0.8436921842095453
2.47,6.755693070143539,-4.285693070143539
0.99,0.3505797927679459,0.6394202072320541
4.48,10.044724819531243,-5.564724819531243
5.05,3.314020746455857,1.735979253544143
0.03,-0.3018841477259708,0.33188414772597075
-0.36,0.07407751354960251,-0.4340775135496025
0.28,-0.10176188745038374,0.38176188745038375
0.12,0.3456661349049899,-0.22566613490498988
0.81,0.47366566336691573,0.3363343366330843
13.79,11.48875750756924,2.3012424924307595
0.61,0.5526932602625595,0.05730673973744049
3.88,9.93411130931751,-6.05411130931751
-0.18,-0.01923610462490419,-0.1607638953750958
-0.69,-0.5029708727064824,-0.1870291272935175
0.56,-0.032617281012616066,0.5926172810126161
3.36,2.2597224864863454,1.1002775135136544
2.86,3.542101273399748,-0.682101273399748
-0.12,-0.18640582596888144,0.06640582596888145
10.56,6.201221457677463,4.358778542322537
0.16,0.5473531820482164,-0.38735318204821634
-0.44,-0.30292349570877686,-0.13707650429122314
2.65,6.7775533237362815,-4.127553323736281
-0.47,-0.5267216209789595,0.0567216209789595
2.5,2.2403155595423954,0.25968444045760464
0.09,0.262693061590284,-0.172693061590284
6.39,6.028305414469294,0.36169458553070566
-0.61,-0.5743945835949478,-0.035605416405052215
-0.4,-0.359226423311891,-0.04077357668810905
-0.28,-0.2771082766291041,-0.002891723370895938
1.1,0.45961850573973523,0.6403814942602648
-0.09,0.7511873762174959,-0.8411873762174958
-0.19,-0.35292579645274436,0.16292579645274435
-0.31,-0.09185981814336873,-0.21814018185663125
0.23,0.6030406078305539,-0.3730406078305539
-0.84,-0.7795379621277001,-0.06046203787229987
3.04,5.856221844505954,-2.8162218445059537
-0.65,-0.5290046419292509,-0.12099535807074913
0.99,3.6894033899242866,-2.699403389924287
0.69,1.0108617401354787,-0.32086174013547875
-0.39,-0.3174473097156854,-0.0725526902843146
-0.51,-0.5185714140197761,0.008571414019776125
0.42,1.7635396707641886,-1.3435396707641887
0.08,0.3134671404919035,-0.23346714049190348
0.98,3.783317660390278,-2.803317660390278
4.3,2.5430043235886575,1.7569956764113424
-0.29,-0.45293081773665334,0.16293081773665335
8.38,11.283533824550139,-2.903533824550138
0.19,0.09090932994743374,0.09909067005256626
-0.79,-0.5258749406544893,-0.2641250593455108
2.73,2.538172491684085,0.1918275083159151
0.24,-0.12185952904548047,0.36185952904548047
-0.18,-0.02125314319563223,-0.15874685680436776
-0.23,0.48226035297782865,-0.7122603529778286
4.07,2.072956663199118,1.9970433368008824
3.01,4.081593301485412,-1.0715933014854127
0.48,1.5306709385969173,-1.0506709385969173
1.87,3.785892550214732,-1.915892550214732
-0.84,-0.8271915320080266,-0.012808467991973327
1.83,3.0479898441632454,-1.2179898441632453
0.65,0.8826643214715059,-0.23266432147150584
8.49,5.082231478107863,3.4077685218921374
0.62,0.1193195466058999,0.5006804533941001
2.73,4.591008300143939,-1.8610083001439386
11.19,7.394618003065774,3.7953819969342257
-0.56,-0.0997082634924982,-0.4602917365075019
-0.82,-0.7765700053722122,-0.04342999462778774
5.82,3.5058559208439486,2.3141440791560517
1.31,1.5663084622962864,-0.25630846229628634
6.14,4.545263797988079,1.5947362020119211
0.32,0.26592880510848066,0.05407119489151935
2.16,1.1256886367236416,1.0343113632763585
1.02,0.7213651615663862,0.2986348384336138
4.91,6.0061747781177095,-1.0961747781177094
-0.49,-0.010178935153502214,-0.4798210648464978
-0.83,-0.6207950398478291,-0.20920496015217083
1.31,2.4874487053837475,-1.1774487053837475
7.88,7.870328376379803,0.009671623620197245
1.7,1.9254164268644052,-0.22541642686440522
1.71,1.6203253999054117,0.08967460009458827
3.76,2.8665659142321616,0.8934340857678382
0.02,1.4038058598709533,-1.3838058598709533
2.15,2.4712462011840928,-0.32124620118409286
16.61,15.402130987191242,1.2078690128087572
-0.44,-0.6246907638822748,0.18469076388227484
8.77,8.726289591651705,0.04371040834829465
0.3,-0.12427416204106663,0.4242741620410666
-0.26,-0.5412859257852749,0.2812859257852749
-0.02,-0.14019615781041053,0.12019615781041053
3.38,2.11603563549171,1.2639643645082899
2.68,1.4039879955842671,1.276012004415733
0.17,-0.20954698222970555,0.37954698222970557
1.87,4.602843838907805,-2.7328438389078045
3.24,3.739386892198799,-0.4993868921987987
-0.41,-0.33735407857201,-0.07264592142798998
1.98,3.960381738941071,-1.980381738941071
1.69,1.2748881252237485,0.41511187477625144
18.82,12.246709037036958,6.573290962963043
0.81,2.096407212258418,-1.286407212258418
-0.52,0.02220929656241482,-0.5422092965624148
3.82,4.7497933561337256,-0.9297933561337257
2.54,8.040516193225663,-5.500516193225663
4.68,3.4365376392365823,1.2434623607634174
-0.58,-0.6376226391945247,0.057622639194524705
1.41,1.2510558722663168,0.15894412773368316
6.7,3.9328360812529657,2.7671639187470345
-0.43,-0.25417002651822973,-0.17582997348177026
2.35,3.389133504056229,-1.0391335040562288
0.41,0.9211437580853276,-0.5111437580853275
-0.29,-0.5215436897138701,0.23154368971387013
0.97,0.9148404154052756,0.055159584594724365
3.58,2.4413382667972314,1.1386617332027686
-0.2,0.04492826890202707,-0.24492826890202707
4.78,3.765574850285286,1.014425149714714
2.37,1.6944226336365893,0.6755773663634108
4.78,3.5696604795387943,1.210339520461206
2.53,7.909136763220247,-5.379136763220247
7.53,5.643633025623538,1.886366974376462
9.12,6.220053838283055,2.8999461617169446
0.75,0.7097130570251922,0.04028694297480784
1.29,2.0871665030400015,-0.7971665030400015
1.73,1.0979807679800182,0.6320192320199818
-0.61,-0.601637873197444,-0.008362126802555991
-0.16,0.7836338935276053,-0.9436338935276053
3.45,5.816705944746411,-2.3667059447464105
0.77,1.9832974325193993,-1.2132974325193993
0.15,0.4250634976845712,-0.27506349768457117
0.49,0.5468376128600843,-0.05683761286008426
0.8,1.3674356623916915,-0.5674356623916914
1.07,0.4752365997469802,0.5947634002530199
0.06,-0.22129210071627245,0.2812921007162724
-0.24,-0.46413996597214396,0.22413996597214397
0.14,0.47292430167748534,-0.3329243016774853
-0.17,0.04288552299590068,-0.2128855229959007
0.43,1.0320843829176802,-0.6020843829176803
-0.23,0.17958809842132747,-0.4095880984213275
4.73,5.16592146397842,-0.4359214639784197
-0.72,-0.40256501758253727,-0.3174349824174627
1.46,0.9785745162322752,0.48142548376772476
4.95,3.1112762003827337,1.8387237996172665
3.72,6.258172334871605,-2.538172334871605
4.92,6.6214857823080635,-1.7014857823080636
0.16,0.056843708883336695,0.1031562911166633
5.34,3.7825048411543016,1.5574951588456982
0.51,2.1543975395928077,-1.6443975395928077
0.86,3.347994268201904,-2.4879942682019043
0.33,0.8880528499736215,-0.5580528499736215
1.77,2.8233578737591345,-1.0533578737591345
-0.62,-0.3165204449654952,-0.3034795550345048
1.67,3.7973672934546117,-2.1273672934546117
-0.76,-0.5245026712257131,-0.23549732877428686
5.38,4.125084684627054,1.254915315372946
1.49,0.7519225844560804,0.7380774155439196
4.95,3.9013005293275635,1.0486994706724366
0.05,-0.005300095242801242,0.055300095242801245
0.26,0.8743655721271405,-0.6143655721271405
-0.35,-0.4340962677850439,0.08409626778504392
1.0,2.138665185371522,-1.1386651853715222
2.07,3.6717992600781404,-1.6017992600781406
-0.51,-0.45017809434020695,-0.05982190565979306
-0.87,-0.7502046165893762,-0.11979538341062379
3.0,4.848531357276269,-1.8485313572762694
-0.42,-0.28163426678459,-0.13836573321540996
0.67,0.9000777247484296,-0.23007772474842958
-0.17,0.6773960985734129,-0.8473960985734129
3.61,4.15230848122137,-0.5423084812213701
-0.66,-0.4582335509692919,-0.20176644903070812
0.98,0.8242735118560677,0.1557264881439323
0.95,2.889490082454962,-1.939490082454962
3.8,3.6580521798538963,0.14194782014610352
-0.58,-0.569455673198791,-0.01054432680120898
-0.18,-0.38441986503107,0.20441986503107
2.12,1.2152822512532448,0.9047177487467553
7.76,6.826796714173115,0.9332032858268846
15.28,11.423454618112514,3.8565453818874857
0.2,1.0836073980593885,-0.8836073980593886
2.74,2.393647105546682,0.34635289445331807
3.12,1.9581111299351748,1.1618888700648253
3.63,2.0145224653279694,1.6154775346720305
-0.26,-0.4145848640080392,0.15458486400803917
2.47,2.0393319725347614,0.4306680274652388
7.74,8.190943738268894,-0.45094373826889367
3.33,1.804541493898723,1.525458506101277
-0.39,0.45205986081063315,-0.8420598608106331
-0.48,-0.1285982242041027,-0.35140177579589726
0.26,0.13187963823497323,0.12812036176502678
0.59,0.6837725486584613,-0.0937725486584613
1.32,2.2470249454861557,-0.9270249454861557
19.86,15.169636640614318,4.690363359385682
-0.61,-0.6770273155323161,0.06702731553231611
6.54,4.885911015719388,1.6540889842806124
0.8,0.4968507151165499,0.30314928488345017
1.49,4.227483058612125,-2.737483058612125
-0.34,0.11996115633425085,-0.4599611563342509
1.61,4.773840203464592,-3.1638402034645914
2.43,2.489450318207056,-0.05945031820705582
0.84,0.24732293275253076,0.5926770672474693
11.62,9.075123207641145,2.5448767923588544
1.68,2.280879534644812,-0.6008795346448121
10.13,8.186533901750986,1.943466098249015
-0.84,-0.8202148216008208,-0.01978517839917915
1.24,0.4707556717348367,0.7692443282651633
0.83,2.305556094814622,-1.475556094814622
2.29,3.584960043786875,-1.2949600437868751
1.48,1.5591625662892683,-0.07916256628926832
-0.45,-0.41808364531603887,-0.031916354683961146
0.08,0.001866283886915832,0.07813371611308417
13.75,11.042111297293754,2.7078887027062457
1.09,1.0587592058138917,0.031240794186108367
2.8,9.215275206336377,-6.415275206336378
1.13,0.7185065097039108,0.41149349029608906
-0.18,-0.13628726641381006,-0.043712733586189934
-0.78,-0.7682910457914695,-0.011708954208530575
15.55,12.087415782144788,3.4625842178552126
-0.02,0.4736058701967636,-0.4936058701967636
13.75,16.769772373983585,-3.019772373983585
-0.11,0.03265793402225314,-0.14265793402225313
0.07,0.48794664327289183,-0.4179466432728918
5.09,2.8511209982377963,2.2388790017622036
3.14,2.770395625867486,0.3696043741325141
4.55,2.7122568330929795,1.8377431669070203
0.01,-0.14466112664824274,0.15466112664824275
1.84,1.2647658013731224,0.5752341986268776
0.26,0.7732829742176925,-0.5132829742176925
2.68,2.2714817548775064,0.4085182451224938
6.15,5.798702881087556,0.3512971189124441
2.16,3.1105236596481145,-0.9505236596481144
1.73,2.8661518708069624,-1.1361518708069624
1.96,1.2520504781062434,0.7079495218937566
-0.11,0.9471371604207567,-1.0571371604207567
1.87,0.9286550126279632,0.9413449873720369
0.86,0.28318684508583986,0.5768131549141602
4.41,4.913857807894903,-0.503857807894903
3.87,4.17528336639715,-0.30528336639715015
1.44,2.6377911070620232,-1.1977911070620233
8.15,5.4525436549406585,2.697456345059342
1.45,0.7765286695023891,0.6734713304976109
0.97,2.2587553784445684,-1.2887553784445684
6.0,4.037479909045986,1.9625200909540137
-0.3,0.31979066504795883,-0.6197906650479588
0.45,0.19211833267088665,0.25788166732911333
4.39,5.070002983534852,-0.6800029835348527
3.01,2.7069794461975314,0.3030205538024684
-0.74,-0.7364981955726561,-0.0035018044273439353
3.0,4.410893338382513,-1.4108933383825129
0.87,0.1454703568997564,0.7245296431002436
3.74,3.7870933336768933,-0.04709333367689306
-0.33,-0.4709707102688379,0.1409707102688379
-0.13,0.07392322888172238,-0.20392322888172237
-0.03,-0.3242591765920212,0.29425917659202117
5.55,3.4636376468052434,2.0863623531947564
4.66,4.764450032168053,-0.10445003216805304
4.8,4.1985966524711085,0.6014033475288914
-0.48,-0.04240422945278483,-0.43759577054721516
-0.69,-0.7646162931103639,0.074616293110364
1.27,0.5719298683818015,0.6980701316181985
-0.14,1.1204235798378506,-1.2604235798378505
-0.49,-0.22706489875993205,-0.2629351012400679
0.69,1.8782397355644163,-1.1882397355644163
-0.83,-0.7738602480498183,-0.056139751950181616
9.56,12.866409042222113,-3.3064090422221124
0.5,-0.03498377504092392,0.5349837750409239
0.65,1.6631327346331835,-1.0131327346331833
1.56,2.8374259904337675,-1.2774259904337675
1.73,3.5506565915798145,-1.8206565915798145
5.47,4.248817846510807,1.2211821534891927
-0.71,-0.5199624525374992,-0.1900375474625008
-0.34,-0.5566725245383113,0.21667252453831126
0.93,1.006005213697245,-0.076005213697245
1.92,1.375497323277859,0.544502676722141
0.17,0.04771317185431341,0.1222868281456866
-0.31,-0.49254225784106365,0.18254225784106365
2.15,1.2958117557846476,0.8541882442153523
16.56,11.071383533262125,5.488616466737874
11.19,7.966246128693115,3.2237538713068847
1.78,1.3052990784834106,0.4747009215165894
4.18,2.34167389507158,1.8383261049284196
7.34,4.322474712336481,3.017525287663519
-0.45,-0.4582539059116646,0.008253905911664583
0.14,-0.2765658094331816,0.4165658094331816
13.37,8.544775116624036,4.825224883375963
1.82,2.0949446131866694,-0.2749446131866693
0.49,0.42923705265590456,0.06076294734409543
10.94,6.983570087976667,3.9564299120233324
0.09,0.5386656838377185,-0.44866568383771854
-0.3,-0.42056964656003404,0.12056964656003405
1.91,2.525768810073896,-0.6157688100738963
0.34,0.561422093296795,-0.22142209329679502
0.63,1.8020828751653157,-1.1720828751653158
0.14,0.272742612577449,-0.13274261257744896
2.62,2.1772140997668443,0.4427859002331558
0.16,0.7381575067928012,-0.5781575067928012
1.25,1.422955064050779,-0.1729550640507791
-0.13,0.14604428553233742,-0.2760442855323374
-0.45,-0.09910919686004792,-0.3508908031399521
-0.72,-0.6198356175437121,-0.10016438245628789
1.63,2.354990688162263,-0.7249906881622632
2.18,0.9851210137069286,1.1948789862930715
-0.65,-0.7564958387505201,0.10649583875052004
2.21,4.475146878110617,-2.2651468781106168
-0.47,-0.1337220452780958,-0.33627795472190414
-0.92,-0.829351289295084,-0.09064871070491609
12.7,15.27107759024668,-2.5710775902466807
13.41,13.622626410272371,-0.21262641027237095
-0.07,0.026558289972004174,-0.09655828997200418
0.76,0.6943866041471796,0.06561339585282044
3.99,5.24808269499267,-1.2580826949926696
0.08,0.9786781795016346,-0.8986781795016346
2.37,1.7363593316881967,0.6336406683118034
1.47,1.402143600880743,0.0678563991192569
3.27,5.323234299484307,-2.053234299484307
2.01,3.341764183652046,-1.3317641836520462
4.79,3.541390929205478,1.2486090707945219
-0.19,0.690736750490046,-0.8807367504900461
4.34,2.3804393708261293,1.9595606291738705
1.61,2.3140616083967904,-0.7040616083967903
2.57,2.9572878998380294,-0.3872878998380296
-0.79,-0.6689266317761308,-0.12107336822386927
1.38,1.0023865462019699,0.37761345379803
2.89,7.291973912412088,-4.401973912412087
0.18,0.22498744148118002,-0.04498744148118003
2.85,2.442852412393656,0.4071475876063442
-0.57,-0.39559955129804064,-0.1744004487019593
6.74,3.68325899577969,3.05674100422031
2.12,1.2263446751447604,0.8936553248552397
11.32,8.199048364120353,3.1209516358796474
-0.27,-0.15256897353825236,-0.11743102646174766
-0.49,-0.25050022358412555,-0.23949977641587444
-0.6,-0.5092977876145134,-0.09070221238548659
11.75,8.058602347046872,3.6913976529531283
0.03,-0.34275463443705445,0.3727546344370545
-0.63,-0.7405254048892422,0.11052540488924223
0.82,2.215447433379637,-1.395447433379637
2.54,2.427466148653611,0.11253385134638894
4.44,3.447317797451256,0.9926822025487443
0.81,1.2801251584974325,-0.4701251584974324
4.14,2.355998890731947,1.7840011092680528
5.08,11.216325162198105,-6.136325162198105
2.64,1.5806551205906738,1.0593448794093263
1.11,0.7322291956203727,0.3777708043796274
-0.61,-0.7050507316106739,0.0950507316106739
1.91,3.5424470336642546,-1.6324470336642547
-0.13,-0.4273139504091159,0.2973139504091159
1.18,1.0397276678358942,0.14027233216410573
21.04,13.023997449160733,8.016002550839266
0.66,0.6784640855691101,-0.018464085569110056
6.95,3.6821279048243354,3.267872095175665
2.09,2.084790202231991,0.005209797768008784
1.28,0.7327283669799081,0.547271633020092
1.24,4.0590684094905365,-2.8190684094905363
1.09,0.40697303388829864,0.6830269661117014
8.03,5.930397394149056,2.0996026058509436
2.13,3.1394536954117456,-1.0094536954117457
1.97,1.2523556604161479,0.7176443395838521
-0.19,-0.09407131808216156,-0.09592868191783845
1.92,1.6237902040616075,0.2962097959383925
4.78,3.4506668321274225,1.3293331678725777
3.4,3.8858655103217234,-0.48586551032172354
-0.19,-0.4427804633878098,0.2527804633878098
3.7,5.998465926491715,-2.2984659264917147
3.71,4.1050015689325505,-0.39500156893255056
4.66,9.348714513173691,-4.688714513173691
0.32,1.3309323393705683,-1.0109323393705683
12.86,7.473191688330174,5.386808311669825
28.11,26.80145850488882,1.3085414951111787
1.11,1.004878093627745,0.10512190637225505
5.37,4.744462604007364,0.6255373959926365
-0.66,-0.1536013237323498,-0.5063986762676502
-0.64,-0.562463172796204,-0.07753682720379607
9.1,8.511963088503977,0.5880369114960224
0.37,0.11457484517850659,0.2554251548214934
7.73,6.143935352141293,1.5860646478587075
-0.12,1.0178693517922819,-1.1378693517922818
14.74,14.209979680191255,0.5300203198087452
4.24,2.5010131070665382,1.738986892933462
2.95,1.6262520031208232,1.323747996879177
5.2,4.444742771129453,0.7552572288705468
-0.22,-0.3706025845866846,0.1506025845866846
9.42,5.898956378799682,3.5210436212003176
0.14,0.49063165796291097,-0.35063165796291096
0.19,0.13994901637459042,0.05005098362540958
-0.95,-0.9346623995984518,-0.01533760040154819
4.52,3.5820182503216067,0.9379817496783929
1.07,0.31623760535083506,0.753762394649165
-0.4,-0.14625690524572985,-0.25374309475427015
10.2,7.155039470392177,3.044960529607822
1.19,1.2930458192660736,-0.1030458192660737
1.16,0.5974157928184987,0.5625842071815013
0.05,-0.306444367253702,0.356444367253702
1.12,1.5406211983400069,-0.4206211983400068
11.49,11.204411508836287,0.285588491163713
0.86,0.397785413253421,0.462214586746579
-0.14,0.18122572765117279,-0.3212257276511728
1.59,1.240280975155234,0.34971902484476614
0.87,3.281613987941154,-2.411613987941154
0.4,0.2289338789462107,0.17106612105378932
1.72,3.1062667570575515,-1.3862667570575515
13.06,28.32592759184988,-15.265927591849879
3.02,2.4633312124809104,0.5566687875190897
-0.28,0.5510073059743266,-0.8310073059743266
4.07,4.570647877322905,-0.5006478773229048
10.63,10.664906959935852,-0.034906959935851134
3.07,1.6016827137925207,1.4683172862074791
2.43,3.1265085594808726,-0.6965085594808724
-0.74,-0.8185128861046355,0.07851288610463547
5.34,9.742865494190951,-4.4028654941909515
12.92,19.68179186531191,-6.761791865311912
21.88,14.855944869254293,7.024055130745706
7.47,7.535432700730889,-0.06543270073088969
2.42,2.455650680050283,-0.03565068005028316
1.76,0.9461835709649885,0.8138164290350115
-0.13,-0.1660930307929717,0.036093030792971686
2.09,4.920091948753485,-2.830091948753485
0.5,1.3826911831047395,-0.8826911831047395
11.7,8.858544825785517,2.8414551742144827
17.01,13.174112716407409,3.8358872835925926
1.47,1.3953721979685378,0.07462780203146213
1.09,0.6556706330110208,0.4343293669889793
10.83,21.883285827675202,-11.053285827675202
1.49,1.2178353240652207,0.27216467593477933
0.5,1.0453308112389983,-0.5453308112389983
3.17,2.472155729494511,0.697844270505489
5.61,4.27349951745926,1.3365004825407407
3.05,4.825943891119749,-1.7759438911197494
0.29,1.7881286073901508,-1.4981286073901507
-0.13,-0.11501425167272274,-0.014985748327277268
11.48,14.925621806886744,-3.4456218068867432
2.72,4.816682794538118,-2.096682794538118
3.66,2.564674770555716,1.0953252294442843
-0.66,-0.5280351333511073,-0.13196486664889273
0.45,1.43334951372494,-0.98334951372494
3.35,3.5342210982678623,-0.18422109826786226
1.33,0.6653203286352519,0.6646796713647481
-0.43,0.16453114204019534,-0.5945311420401953
4.11,3.512933874818318,0.5970661251816822
-0.46,-0.45994052692670806,-5.9473073291960166e-05
2.41,1.6215172086047813,0.7884827913952188
0.02,-0.09573715913291113,0.11573715913291113
10.64,13.82417404744849,-3.18417404744849
19.24,14.41852593358796,4.821474066412039
0.12,1.0032718504738756,-0.8832718504738756
-0.44,0.29439139985153323,-0.7343913998515332
2.82,2.5130833341180523,0.30691666588194755
0.54,2.239331484859603,-1.699331484859603
-0.61,-0.5029016690712256,-0.10709833092877441
-0.46,-0.6214309826608099,0.16143098266080985
1.42,1.354621754052215,0.06537824594778496
-0.07,-0.19276416990265988,0.12276416990265987
0.8,0.4001234803552254,0.39987651964477466
-0.37,-0.47963459099403055,0.10963459099403056
1.53,1.0661539572936076,0.4638460427063924
11.56,9.0850081573521,2.474991842647901
0.62,0.4282191724694861,0.1917808275305139
2.39,4.507252603858986,-2.117252603858986
4.47,8.002278003934206,-3.5322780039342065
0.07,-0.13929235545402135,0.20929235545402136
-0.79,-0.7645961376601514,-0.025403862339848593
8.88,6.0559925869430735,2.8240074130569273
2.54,1.407379609129904,1.132620390870096
0.77,0.20147557754154025,0.5685244224584598
8.25,6.044780260552745,2.205219739447255
-0.17,0.23581300167086222,-0.4058130016708622
2.57,1.6956180592062702,0.8743819407937297
-0.57,-0.34778491940750006,-0.2222150805924999
-0.61,-0.12029881569757897,-0.48970118430242104
15.65,15.057943325454877,0.5920566745451232
0.36,0.9855930577304867,-0.6255930577304867
0.86,0.4969210036190778,0.36307899638092217
0.02,0.07073099347815215,-0.050730993478152145
6.53,5.136338082931591,1.3936619170684095
-0.84,-0.7153671735597876,-0.12463282644021234
1.33,1.277447453455306,0.0525525465446941
4.91,4.724481228499839,0.18551877150016072
6.63,13.59810077736634,-6.968100777366341
-0.53,-0.2640455380513506,-0.2659544619486494
1.03,3.3525768878725497,-2.3225768878725495
0.61,1.0365155089714944,-0.4265155089714944
2.28,4.05788719933393,-1.77788719933393
-0.05,0.4163189336959272,-0.4663189336959272
9.8,5.8564368466720005,3.9435631533280002
0.09,1.2910666150613312,-1.2010666150613312
5.48,3.034762969375604,2.4452370306243965
0.19,0.562593896489317,-0.372593896489317
0.97,0.8502018983866826,0.11979810161331739
5.42,7.187404388139018,-1.7674043881390178
7.99,9.035422340783184,-1.0454223407831833
0.9,3.4477178463171145,-2.5477178463171146
4.65,5.116780882821201,-0.466780882821201
0.43,0.1812935780032159,0.24870642199678408
-0.13,0.48106509962344735,-0.6110650996234473
3.98,2.505536125812857,1.4744638741871432
2.7,7.669301874816522,-4.969301874816522
1.57,2.034884716528523,-0.46488471652852303
1.85,2.860715360782859,-1.010715360782859
-0.41,-0.3896719041146414,-0.020328095885358555
4.31,8.888548039215559,-4.578548039215559
6.03,10.938260042514148,-4.908260042514148
2.0,2.9204802827697876,-0.9204802827697876
0.91,0.2603663876685908,0.6496336123314093
0.71,0.6847038763695804,0.025296123630419554
1.9,2.052426012054977,-0.1524260120549772
-0.04,0.7357260236445777,-0.7757260236445778
-0.26,0.1908025726092865,-0.4508025726092865
17.44,15.258662705571151,2.1813372944288503
4.43,2.1874526023610747,2.242547397638925
7.03,8.325062229024406,-1.2950622290244054
-0.32,0.1233249307673875,-0.4433249307673875
4.3,2.703859423408146,1.596140576591854
-0.33,-0.21791317548938408,-0.11208682451061594
2.59,5.668512211750963,-3.0785122117509633
0.11,-0.26335735299330454,0.3733573529933045
6.29,4.447415652074147,1.842584347925853
-0.12,0.14148059358349033,-0.2614805935834903
10.05,7.3711372599605545,2.6788627400394462
2.67,7.307916256455027,-4.637916256455027
-0.74,-0.7393034108095448,-0.0006965891904552324
0.68,1.9457068776184334,-1.2657068776184333
12.63,8.891352501743903,3.738647498256098
-0.29,-0.348998610668321,0.058998610668321017
3.71,7.063736348767917,-3.3537363487679173
-0.38,-0.017574895833176653,-0.36242510416682333
0.14,1.6647619526711193,-1.5247619526711191
9.57,10.613310594728357,-1.0433105947283572
0.73,0.4942923036207743,0.23570769637922567
2.1,2.0901292353081113,0.009870764691888745
-0.5,0.1647155091839086,-0.6647155091839085
14.91,9.837378013107266,5.0726219868927345
0.75,2.5708321181530036,-1.8208321181530036
4.51,2.6815478823496295,1.8284521176503703
1.29,0.9410866259058666,0.3489133740941335
3.74,2.300872403006258,1.439127596993742
1.33,3.3911992480480904,-2.0611992480480903
2.93,1.9076835136332082,1.022316486366792
-0.01,0.8639730943686172,-0.8739730943686173
2.88,2.4015455750964394,0.4784544249035605
-0.53,-0.1364925427718139,-0.39350745722818614
2.9,4.75860252910124,-1.85860252910124
2.14,1.3037180787579692,0.8362819212420309
-0.38,-0.35580115914281646,-0.024198840857183546
3.15,6.058723195931283,-2.9087231959312834
3.38,4.663459764902864,-1.2834597649028643
16.94,12.057600500126407,4.8823994998735945
-0.58,-0.081030846057822,-0.49896915394217795
7.2,11.071502851584912,-3.8715028515849115
5.55,4.03534033812262,1.5146596618773795
1.06,1.1048224004375629,-0.044822400437562804
-0.14,-0.30145622919021997,0.16145622919021996
-0.45,-0.3984262780960712,-0.05157372190392884
3.63,3.146130596045676,0.4838694039543241
17.41,16.86850012273787,0.5414998772621296
-0.39,-0.4620149161396756,0.07201491613967559
0.58,0.23682265044557507,0.3431773495544249
-0.27,-0.5191696673330932,0.2491696673330932
0.62,1.4790903897495096,-0.8590903897495096
2.24,2.8067865029921633,-0.566786502992163
10.23,7.316802709142372,2.913197290857628
11.29,8.735993355513665,2.554006644486334
-0.47,-0.6259398992611448,0.15593989926114482
0.35,-0.08117321094806569,0.43117321094806565
2.47,4.113828783182061,-1.643828783182061
-0.5,-0.4927745254092866,-0.007225474590713377
4.15,3.878456387169036,0.2715436128309645
0.26,0.4426263421734304,-0.18262634217343038
-0.21,-0.4134318848359847,0.2034318848359847
0.7,3.002302689007772,-2.302302689007772
7.82,9.912811794665771,-2.0928117946657707
2.09,1.323556020204318,0.7664439797956819
1.31,1.2093044186918942,0.10069558130810585
1.09,1.4057459067279447,-0.31574590672794467
3.19,3.0943392348697514,0.09566076513024857
-0.18,-0.2418882975956834,0.0618882975956834
-0.59,-0.6479632255281129,0.05796322552811295
-0.17,0.7140715542076927,-0.8840715542076928
1.03,0.6715433375725058,0.3584566624274942
4.62,3.3027441471490753,1.3172558528509248
-0.62,-0.4414501769773798,-0.17854982302262018
5.42,7.7543647765840085,-2.3343647765840085
1.37,3.3468603514512316,-1.9768603514512315
-0.77,-0.8470496399038068,0.07704963990380675
-0.33,0.15013093057600435,-0.48013093057600437
-0.75,-0.4888826671058963,-0.2611173328941037
-0.69,-0.4566252452994195,-0.23337475470058044
0.67,0.8825422321684667,-0.21254223216846668
2.39,2.828505722259915,-0.4385057222599147
16.75,12.033106271752004,4.716893728247996
2.15,1.5090077014276104,0.6409922985723895
0.23,0.6471560955129926,-0.4171560955129926
4.95,4.076646812388253,0.8733531876117473
12.3,9.42380163144329,2.876198368556711
2.71,2.212022425265772,0.4979775747342279
0.83,0.6042389072483113,0.22576109275168865
-0.09,0.8597817391837249,-0.9497817391837249
0.19,0.9253383044706991,-0.7353383044706991
5.02,6.360798077345682,-1.3407980773456822
5.17,4.877542513691323,0.29245748630867663
2.55,1.802948282894738,0.7470517171052617
12.56,12.125296615642673,0.43470338435732714
0.31,0.3009698280209236,0.009030171979076407
3.2,2.567842918093148,0.6321570819068523
1.17,0.49857414457195953,0.6714258554280403
6.81,5.8024740544990046,1.007525945500995
3.26,4.615469225013101,-1.3554692250131009
2.25,2.241176603091458,0.008823396908542058
0.98,0.8009626889048497,0.1790373110951503
6.57,7.503075461930934,-0.933075461930934
0.82,0.7525294248675589,0.06747057513244104
0.82,0.6719385725139773,0.1480614274860227
8.48,5.490277841080032,2.9897221589199683
0.15,-0.25026304534121474,0.4002630453412147
0.17,1.4025151337842807,-1.2325151337842808
1.84,4.280890319807608,-2.4408903198076084
-0.2,0.16221229149014146,-0.36221229149014145
1.17,0.5009146605094014,0.6690853394905986
1.12,2.5237000160008596,-1.4037000160008595
3.31,3.1444272508517215,0.16557274914827858
2.32,3.1723133628631754,-0.8523133628631756
1.27,0.7224489241882959,0.5475510758117041
3.58,5.667751489924595,-2.087751489924595
0.22,1.5612468466555525,-1.3412468466555525
2.93,5.187505206797938,-2.2575052067979375
10.4,11.932797890916156,-1.5327978909161555
28.11,17.102921832224514,11.007078167775486
-0.13,0.16527022166546534,-0.29527022166546535
1.62,3.3066245437123856,-1.6866245437123855
10.24,22.304904351475834,-12.064904351475834
0.09,-0.19208532439229142,0.2820853243922914
-0.7,-0.4594175841712316,-0.24058241582876838
0.97,0.7226972935056776,0.2473027064943224
5.19,5.216330860028156,-0.02633086002815599
-0.25,-0.03521101342570658,-0.2147889865742934
0.34,0.8989521645635172,-0.5589521645635172
-0.32,-0.22235278341836784,-0.09764721658163217
13.42,7.945590513874071,5.474409486125929
0.63,1.8403760098444732,-1.2103760098444734
0.36,0.48677153434060744,-0.12677153434060745
0.37,0.34964961505529385,0.020350384944706146
-0.36,-0.11795612660251259,-0.2420438733974874
5.37,5.58107315933823,-0.21107315933822957
7.37,4.962333692949736,2.407666307050264
-0.69,-0.692006973773447,0.0020069737734470516
0.76,0.21155076174928303,0.548449238250717
0.35,1.413696543401827,-1.0636965434018268
-0.06,-0.1821596906704747,0.12215969067047469
2.64,2.0805360401387825,0.5594639598612177
-0.44,-0.43258859549929035,-0.007411404500709651
0.67,0.18902675099481117,0.4809732490051889
0.88,1.8247975763927105,-0.9447975763927104
1.57,3.7465187459933396,-2.1765187459933397
15.66,13.149538450165402,2.5104615498345986
-0.36,-0.14878742900136283,-0.21121257099863716
-0.54,-0.1890803774539637,-0.35091962254603637
4.84,5.751725604096305,-0.9117256040963051
10.12,6.744320374124029,3.3756796258759705
1.7,2.062644266517882,-0.3626442665178822
6.47,7.3748187684654765,-0.9048187684654767
5.33,5.586275665267101,-0.25627566526710055
-0.43,0.25715138725209574,-0.6871513872520958
3.04,1.6631501546929195,1.3768498453070805
2.69,7.018022777790778,-4.328022777790778
1.4,1.0129086690696392,0.38709133093036074
0.4,1.1772900406592808,-0.7772900406592808
-0.35,-0.5063933317741863,0.15639333177418635
0.08,0.011747055111452055,0.06825294488854794
0.56,1.5263939519244532,-0.9663939519244531
-0.25,-0.485314634318538,0.235314634318538
1.66,2.2511514959003134,-0.5911514959003135
2.39,1.7824604955115562,0.607539504488444
-0.58,-0.6057910598994567,0.025791059899456736
6.16,4.414200643991499,1.7457993560085008
2.19,3.5355513735810065,-1.3455513735810065
14.83,23.625887050927975,-8.795887050927975
2.03,5.403508712861622,-3.373508712861622
0.14,0.010766480605707727,0.12923351939429228
1.82,2.8015170015614648,-0.9815170015614647
27.75,26.488730990860983,1.261269009139017
4.16,3.9923670194070153,0.16763298059298481
-0.43,-0.5271548511246567,0.09715485112465666
1.6,0.8377988846512877,0.7622011153487124
2.8,4.065063277324318,-1.2650632773243178
14.8,8.500493828963062,6.299506171036938
2.06,0.9316120861638132,1.1283879138361868
-0.83,-0.7110822030838178,-0.1189177969161822
-0.08,-0.43439478092813705,0.35439478092813703
1.74,4.956858880935379,-3.216858880935379
-0.69,-0.30313705922181033,-0.3868629407781896
1.44,1.9722534728599639,-0.5322534728599639
0.22,0.9926016684153914,-0.7726016684153915
5.22,4.955417173631735,0.26458282636826436
-0.2,0.644781136137433,-0.8447811361374331
11.11,6.899322487927637,4.210677512072363
13.71,9.729602716946399,3.980397283053602
1.69,3.254510889477369,-1.564510889477369
2.46,3.317289865486132,-0.8572898654861318
15.46,10.911909896122085,4.548090103877916
5.12,8.343846424660477,-3.2238464246604766
5.29,3.216973165734367,2.073026834265633
18.74,12.2953950334611,6.444604966538899
9.85,6.8551091372574255,2.994890862742574
4.07,2.3269864720709603,1.74301352792904
-0.83,-0.7660598021433241,-0.06394019785667582
1.05,0.7679645274153768,0.28203547258462325
3.45,6.979263336675635,-3.529263336675635
5.94,7.848178555152984,-1.9081785551529835
0.73,0.47555526842561,0.25444473157438996
-0.65,-0.7605626085670686,0.11056260856706857
2.05,0.9121048075054343,1.1378951924945655
-0.11,-0.11264832294330923,0.002648322943309231
3.78,3.504365415979747,0.27563458402025276
-0.63,-0.727567799346026,0.097567799346026
5.25,3.5414672406207197,1.7085327593792803
1.69,1.5294425246394499,0.1605574753605501
4.78,2.834158328853873,1.9458416711461273
2.46,2.635260993998365,-0.17526099399836514
-0.63,-0.5799031783439823,-0.0500968216560177
0.02,-0.1235355496404137,0.1435355496404137
0.51,0.6527563777882572,-0.14275637778825723
15.15,8.264008803772315,6.885991196227685
0.55,2.5396617254109257,-1.9896617254109257
8.09,17.56550411690281,-9.475504116902812
0.21,-0.12331204064266582,0.33331204064266584
7.1,7.079577849563774,0.020422150436226083
0.14,0.39760647009717365,-0.25760647009717363
2.61,4.056986468660571,-1.4469864686605711
0.29,-0.14896029325938454,0.4389602932593845
0.31,1.356170664127435,-1.0461706641274349
0.26,1.1976080660845188,-0.9376080660845187
1.67,5.334051551465726,-3.664051551465726
0.04,0.16529838253626258,-0.12529838253626258
2.13,2.0417552396367755,0.08824476036322437
7.53,6.229229266139685,1.3007707338603156
-0.9,-0.8179450655001884,-0.0820549344998116
4.33,10.0377462369457,-5.707746236945701
7.14,8.716347152702195,-1.576347152702195
1.36,0.7220079599623256,0.6379920400376745
-0.77,-0.6354465346310628,-0.1345534653689372
0.23,-0.23895733446289402,0.468957334462894
1.31,0.7718090465862939,0.5381909534137062
7.26,10.420659898061738,-3.1606598980617377
1.79,1.6128695297129274,0.17713047028707263
1.77,1.4045079501491515,0.3654920498508485
-0.37,-0.39571577140346365,0.02571577140346365
1.81,1.050306217335169,0.7596937826648311
-0.53,-0.6276969726075485,0.0976969726075485
-0.64,-0.7852209376465192,0.14522093764651922
3.0,1.4609724283122687,1.5390275716877313
-0.16,-0.3938472148024073,0.2338472148024073
-0.54,0.023924880923965556,-0.5639248809239656
2.46,3.4426515763138394,-0.9826515763138395
2.61,5.857929183862384,-3.2479291838623845
17.46,22.676455603067332,-5.216455603067331
-0.35,-0.5218380069602665,0.17183800696026652
-0.58,-0.527470377105602,-0.052529622894398
-0.61,-0.21565399654435016,-0.39434600345564985
11.53,8.292384073105957,3.2376159268940423
1.53,1.2618915021349104,0.2681084978650896
-0.49,-0.5091013541633749,0.019101354163374884
-0.62,-0.5143956607127768,-0.10560433928722324
2.55,2.81910136106622,-0.26910136106622007
2.67,2.4994575459184696,0.17054245408153035
-0.71,-0.4083224039595953,-0.30167759604040467
18.53,11.036006382189361,7.49399361781064
-0.34,-0.42673175894993515,0.08673175894993512
1.17,1.2805453852807984,-0.11054538528079849
-0.54,-0.0904561295017938,-0.4495438704982062
3.58,2.1234488025312044,1.4565511974687957
4.44,3.2077423111775762,1.2322576888224241
-0.58,-0.14637428797057897,-0.433625712029421
0.1,0.277519092223022,-0.177519092223022
-0.4,-0.12911025506818502,-0.270889744931815
15.24,13.68028850121783,1.5597114987821694
1.16,0.6946900899541065,0.4653099100458934
18.21,12.409574306160728,5.800425693839273
2.32,1.3167679310667508,1.003232068933249
1.48,0.6699522873509104,0.8100477126490896
1.18,0.5001982501166431,0.6798017498833568
0.11,0.08294988817887185,0.027050111821128153
-0.82,-0.7688666096976292,-0.05113339030237074
0.71,1.4215730001861535,-0.7115730001861535
0.7,2.0318740212342745,-1.3318740212342746
1.98,1.034329085205535,0.9456709147944651
4.57,2.570698358885093,1.9993016411149074
2.76,4.313863759308524,-1.5538637593085243
1.35,1.5114053584218319,-0.1614053584218318
-0.39,-0.5415639950743378,0.15156399507433782
-0.44,-0.4454140551314117,0.005414055131411688
0.32,0.9583831628571527,-0.6383831628571528
8.08,5.362753241304794,2.7172467586952065
0.33,0.5714789071146676,-0.24147890711466763
0.76,0.6881657923590555,0.0718342076409445
1.14,0.3099615080225498,0.8300384919774502
1.35,0.6948818486456502,0.6551181513543499
1.41,0.7997281707680535,0.6102718292319464
-0.8,-0.7548712253387119,-0.045128774661288173
1.27,1.0966903432670707,0.1733096567329293
8.26,4.382930489783529,3.8770695102164705
4.76,9.048603950428348,-4.288603950428348
0.4,0.0315141307053685,0.3684858692946315
1.88,2.555931475226674,-0.6759314752266743
0.79,0.6896377422660084,0.10036225773399166
1.46,0.7638121709886331,0.6961878290113669
6.06,4.85930598271554,1.2006940172844596
0.0,0.32597491700672493,-0.32597491700672493
1.42,1.8354540884695894,-0.4154540884695894
-0.75,-0.7759654040478933,0.02596540404789327
1.11,0.5874971138104396,0.5225028861895605
6.17,6.82410721983789,-0.6541072198378899
1.01,0.7599440443662627,0.2500559556337373
0.95,0.6496513022084913,0.30034869779150863
0.18,0.21736096864638674,-0.037360968646386744
2.45,1.414932643499507,1.035067356500493
0.01,0.4963132652027987,-0.4863132652027987
0.34,0.04663797616742457,0.2933620238325755
1.14,1.6999219136298438,-0.5599219136298439
0.1,-0.10812437022619316,0.20812437022619318
2.19,1.2380513880462056,0.9519486119537943
1.33,2.0746931528423262,-0.7446931528423262
-0.71,-0.7268025984380385,0.016802598438038552
5.27,4.42873358380763,0.8412664161923695
9.66,6.072993259802493,3.5870067401975074
0.98,2.1946607934398585,-1.2146607934398586
2.75,4.377586116825091,-1.627586116825091
1.35,1.5258584288584311,-0.17585842885843106
1.3,1.0780950078471256,0.2219049921528744
0.38,0.5839304432478323,-0.20393044324783227
1.17,0.9084898647722377,0.26151013522776223
2.18,0.9638163767898603,1.21618362321014
0.77,0.8555249239133105,-0.08552492391331046
5.03,2.527914012890751,2.502085987109249
11.21,6.429121331875253,4.780878668124748
-0.72,-0.5620454749921613,-0.1579545250078387
-0.55,-0.6303518614257904,0.08035186142579032
-0.7,-0.2788063334268249,-0.42119366657317503
4.08,4.151518883747572,-0.0715188837475722
1.11,0.2919079853358176,0.8180920146641826
4.47,2.3861277848767046,2.083872215123295
-0.1,-0.18941118265541096,0.08941118265541095
6.11,3.5524263347629894,2.557573665237011
0.32,2.2323431677307886,-1.9123431677307885
-0.95,-0.9301234672734673,-0.01987653272653267
4.04,3.6342488406179907,0.40575115938200934
9.87,8.347750160038773,1.5222498399612263
-0.1,-0.33790507111048634,0.23790507111048634
2.48,1.8874621709588182,0.5925378290411818
0.31,1.3935593317033925,-1.0835593317033925
-0.03,0.1816940127391829,-0.2116940127391829
1.5,1.0071299746834392,0.49287002531656077
2.3,1.4034746032405414,0.8965253967594584
9.68,6.154355106480769,3.525644893519231
1.15,0.7514538145656869,0.39854618543431297
0.78,1.0785721338978966,-0.2985721338978966
-0.51,-0.6032194137754309,0.09321941377543086
-0.86,-0.835005251453907,-0.02499474854609296
1.66,3.9449703925744006,-2.284970392574401
1.7,1.2468547147795188,0.45314528522048114
0.43,0.1610917598262757,0.2689082401737243
2.45,4.387975426762406,-1.9379754267624056
8.3,6.583651042439858,1.7163489575601423
1.17,1.094423017634247,0.07557698236575283
2.16,2.844283200283712,-0.684283200283712
-0.58,-0.30488855237593415,-0.2751114476240658
4.93,3.2507388562418473,1.6792611437581524
0.34,1.011470500587759,-0.6714705005877588
0.79,0.9842308438324245,-0.1942308438324245
2.08,3.3798747418249606,-1.2998747418249605
6.33,4.939809884051317,1.3901901159486831
1.56,1.7170836375076661,-0.15708363750766607
3.65,3.066735068996333,0.5832649310036668
0.74,0.6905406272266952,0.04945937277330481
0.32,0.6017555617881777,-0.2817555617881777
26.87,17.26501749121371,9.60498250878629
0.13,-0.1843237827919899,0.3143237827919899
3.26,1.9540718477906702,1.3059281522093296
2.64,1.4105236420393121,1.229476357960688
-0.64,-0.16974936677170865,-0.47025063322829136
0.16,-0.08509563781227834,0.24509563781227833
-0.46,-0.6572081957339833,0.19720819573398324
-0.72,-0.7740898752319313,0.05408987523193132
2.53,4.025885860620377,-1.4958858606203775
20.57,12.181164940703216,8.388835059296785
1.39,1.0989786726847903,0.2910213273152096
-0.36,-0.43658785203488415,0.07658785203488416
2.69,1.916357409340377,0.7736425906596229
0.05,-0.10623107788961667,0.15623107788961665
-0.54,-0.5362682686162781,-0.003731731383721959
2.21,2.0768407338415695,0.13315926615843043
-0.9,-0.7704417922907932,-0.12955820770920679
4.58,3.0292465627702674,1.5507534372297327
1.22,1.36919882864068,-0.14919882864068001
2.82,3.393559377053267,-0.5735593770532672
-0.71,-0.5511009957872247,-0.15889900421277525
-0.23,0.29777910209541864,-0.5277791020954187
1.74,2.9459439439273547,-1.2059439439273547
4.7,4.267411468001244,0.43258853199875613
0.42,0.036035367770572486,0.3839646322294275
-0.06,0.2022946310682327,-0.2622946310682327
0.98,1.7334793029868474,-0.7534793029868474
0.86,2.5941920706071233,-1.7341920706071234
1.91,1.4515385462155306,0.45846145378446934
-0.33,-0.37593721928675483,0.045937219286754816
1.0,0.8775229850400609,0.12247701495993912
3.29,4.144368362363051,-0.8543683623630507
0.37,1.5277055879905805,-1.1577055879905807
0.95,3.0629753210627566,-2.1129753210627564
5.23,4.203579592945816,1.026420407054184
-0.17,-0.42872897739375193,0.2587289773937519
3.9,2.8078631576768207,1.0921368423231792
3.37,3.8098905830821552,-0.4398905830821551
-0.46,-0.4459454797662869,-0.01405452023371312
10.39,7.897949112501792,2.492050887498208
2.93,3.5506967890346126,-0.6206967890346125
-0.46,0.29913850445469203,-0.7591385044546921
1.58,4.5029258625640365,-2.9229258625640364
6.6,7.976244858027564,-1.3762448580275644
0.17,0.5641984746009302,-0.39419847460093016
1.53,1.130150055987735,0.3998499440122649
2.68,2.4201137597098987,0.25988624029010143
-0.12,0.6380854696554188,-0.7580854696554188
0.06,-0.3106064752616692,0.3706064752616692
16.28,10.682297645659402,5.5977023543405995
1.15,3.256345174486519,-2.106345174486519
-0.06,-0.19400228159723407,0.13400228159723407
1.38,0.49168432695090436,0.8883156730490955
14.02,13.382793690157763,0.6372063098422363
2.38,4.145915775781797,-1.7659157757817967
1.75,1.5965621691280312,0.15343783087196883
10.18,10.004799069098292,0.17520093090170796
0.93,0.22318779913829762,0.7068122008617024
2.03,2.5312847296059107,-0.5012847296059109
1.12,0.7121303711494973,0.4078696288505028
-0.71,-0.7785661362947819,0.06856613629478192
-0.31,-0.23976102367829152,-0.07023897632170847
-0.16,0.14867616730829952,-0.3086761673082995
1.9,1.0216162971668334,0.8783837028331665
-0.84,-0.9009226137645064,0.06092261376450647
1.74,3.762866912355978,-2.022866912355978
-0.11,-0.17915370396132094,0.06915370396132094
0.86,0.8094729016854849,0.05052709831451507
3.19,2.3861612312775797,0.8038387687224202
29.0,25.448155662612002,3.5518443373879975
-0.6,-0.37501234993540267,-0.2249876500645973
0.44,1.3816372693944092,-0.9416372693944093
-0.4,-0.4072441609040663,0.007244160904066266
3.22,4.43536054852983,-1.2153605485298296
8.54,6.327233107864984,2.212766892135015
0.87,0.32995110108094056,0.5400488989190595
0.01,0.42036080996308717,-0.41036080996308716
0.01,0.8734125034179095,-0.8634125034179095
3.36,3.6305294973653988,-0.2705294973653989
5.4,5.902748914887916,-0.5027489148879161
3.81,2.9772670849042324,0.8327329150957676
0.47,0.8124697292037093,-0.3424697292037093
2.09,3.9710313144192444,-1.8810313144192445
-0.33,-0.5281174922378283,0.19811749223782832
2.9,7.995649397835199,-5.095649397835199
-0.72,-0.7828966489158325,0.06289664891583258
3.53,8.389175978245829,-4.85917597824583
4.65,7.8813726623441775,-3.231372662344177
10.14,8.57249300190473,1.5675069980952703
2.87,3.8323036196295917,-0.9623036196295915
-0.11,0.9892750315389088,-1.0992750315389088
0.87,1.374053717410206,-0.5040537174102061
10.38,6.542363363705892,3.837636636294109
-0.44,-0.5505450239826136,0.11054502398261362
-0.37,-0.4619300156239093,0.09193001562390929
-0.62,-0.585645206116434,-0.03435479388356599
1.26,1.640994998714091,-0.38099499871409104
4.38,3.3050372408245523,1.0749627591754476
0.51,1.5910984809748037,-1.0810984809748037
0.4,-0.0010951243111001617,0.40109512431110017
-0.8,-0.8646204571619384,0.06462045716193832
0.05,0.40684682986357035,-0.35684682986357036
3.74,2.1905124149162827,1.5494875850837175
10.99,13.4124169388469,-2.422416938846899
-0.36,-0.41648268532620103,0.05648268532620104
1.14,0.33482758902711823,0.8051724109728817
1.25,3.0229187466757095,-1.7729187466757095
1.89,1.323980544135465,0.5660194558645348
0.69,0.48504417205456735,0.2049558279454326
-0.49,-0.12759707405561896,-0.36240292594438106
0.84,1.2081033567824988,-0.36810335678249884
1.25,0.7723782652508056,0.47762173474919445
1.22,0.497736371937051,0.722263628062949
2.79,4.087688128450082,-1.2976881284500816
0.31,0.06676617606041345,0.24323382393958654
-0.09,-0.42455009833500745,0.3345500983350075
0.7,0.25047446091689507,0.4495255390831049
-0.4,-0.15216987088035322,-0.2478301291196468
2.98,2.3275389319633675,0.6524610680366325
1.1,0.4412954240530696,0.6587045759469305
4.5,3.4239223934501783,1.0760776065498217
-0.74,-0.5052528280207065,-0.2347471719792935
0.62,2.006148129171574,-1.3861481291715738
3.77,2.633377183475252,1.1366228165247478
7.05,5.664363154663586,1.385636845336414
0.58,0.7580526842987572,-0.1780526842987572
1.77,0.8874962590681431,0.8825037409318569
-0.36,-0.10656211084860533,-0.25343788915139465
2.76,2.075562744912942,0.6844372550870577
0.13,0.19742194303698754,-0.06742194303698754
1.43,0.5533411455380768,0.8766588544619232
-0.38,-0.2589912721897012,-0.12100872781029881
0.11,-0.28131344648425527,0.39131344648425526
5.04,3.300978893716491,1.7390211062835093
-0.05,0.5021513346532945,-0.5521513346532946
7.46,17.398247049726137,-9.938247049726137
0.77,0.5500525667671887,0.2199474332328113
2.39,3.081077831949247,-0.6910778319492468
2.88,5.239388840939156,-2.3593888409391557
6.06,3.6081703183362266,2.451829681663773
0.23,0.4894663232321546,-0.25946632323215457
-0.3,0.5714698864427832,-0.8714698864427832
16.94,21.034810983043524,-4.094810983043523
-0.72,-0.6727772485016447,-0.04722275149835531
1.34,0.7073552937707336,0.6326447062292665
9.54,11.525707390100095,-1.985707390100096
3.91,8.847060376038579,-4.937060376038579
1.07,1.3348520713334866,-0.26485207133348654
13.9,9.906402179323381,3.9935978206766194
2.91,1.7965174909558121,1.113482509044188
2.04,0.9841629480758957,1.0558370519241045
-0.79,-0.5729707421380789,-0.21702925786192118
0.73,0.9894602765104442,-0.25946027651044423
3.34,4.242324605606614,-0.9023246056066139
-0.27,-0.1336829312473886,-0.13631706875261143
8.21,5.760555586520868,2.4494444134791324
-0.2,-0.16291352259091618,-0.03708647740908383
4.18,8.193946232511234,-4.013946232511234
-0.02,1.0561215306016207,-1.0761215306016207
1.85,2.3793290291559437,-0.5293290291559436
0.17,0.7960330929478553,-0.6260330929478553
3.27,1.8203512017649284,1.4496487982350716
3.67,1.903273224227485,1.766726775772515
2.38,1.4300611240151822,0.9499388759848177
1.57,4.117237317003833,-2.547237317003833
2.87,3.021568978534908,-0.15156897853490792
0.78,1.4394502826797972,-0.6594502826797972
-0.19,0.6565825395282784,-0.8465825395282784
2.28,1.4209963212355474,0.8590036787644524
7.51,10.489731636017252,-2.9797316360172523
1.4,0.4671518258220671,0.9328481741779329
2.58,5.981578896519332,-3.4015788965193323
0.44,0.5236979848799322,-0.08369798487993224
3.66,3.2625161309153796,0.3974838690846205
-0.7,-0.3653208061044461,-0.33467919389555384
0.02,-0.24327543707585259,0.2632754370758526
1.25,0.48461524538401457,0.7653847546159854
-0.58,-0.7257846946062385,0.14578469460623855
6.93,4.351411380772878,2.578588619227122
2.62,1.3227184750236765,1.2972815249763237
-0.37,-0.42196522777660034,0.05196522777660034
1.4,0.4488280215109887,0.9511719784890111
-0.84,-0.6756444717639843,-0.16435552823601562
5.57,4.105580327177014,1.4644196728229861
3.22,2.9522333193427874,0.26776668065721276
1.46,1.0430764421982475,0.4169235578017525
2.7,5.835409732499249,-3.135409732499249
-0.55,-0.27358243214735944,-0.2764175678526406
1.34,0.3955249079552095,0.9444750920447906
-0.11,-0.25142990693059264,0.14142990693059265
1.81,0.6088296038604158,1.201170396139584
-0.61,-0.38513642318716007,-0.22486357681283992
0.28,-0.07835183073780944,0.35835183073780946
-0.43,-0.3459826011200961,-0.08401739887990389
-0.5,0.008936669406769673,-0.5089366694067696
3.62,5.248395570339452,-1.6283955703394515
-0.39,0.2732324517756765,-0.6632324517756765
3.42,2.391214120010255,1.0287858799897451
4.19,4.810600908503553,-0.6206009085035529
-0.59,-0.11655709088272573,-0.47344290911727427
0.32,0.03735765282106887,0.2826423471789311
8.09,8.775411202268684,-0.6854112022686838
0.76,1.4083154867473426,-0.6483154867473426
3.62,2.5481904083050715,1.0718095916949286
2.91,1.5653458421166717,1.3446541578833284
15.64,17.37511016546801,-1.735110165468008
5.4,4.215713495378963,1.1842865046210376
3.43,2.402236324516691,1.027763675483309
-0.06,-0.14226635171494895,0.08226635171494895
-0.24,-0.036773451211742206,-0.2032265487882578
9.68,6.998610497837151,2.6813895021628484
1.94,1.7696404437772972,0.1703595562227027
6.05,5.197283395875441,0.8527166041245584
1.59,3.009832960422858,-1.419832960422858
0.09,0.4967423145040298,-0.40674231450402976
2.44,1.5082878392610772,0.9317121607389227
2.49,2.1720511079654834,0.3179488920345168
2.01,1.275566711072546,0.7344332889274539
5.88,5.565937444790653,0.3140625552093468
3.94,3.4941084059892145,0.4458915940107855
-0.5,-0.24782173662732235,-0.2521782633726777
-0.57,-0.7265018444406599,0.15650184444065995
3.3,4.127879311175236,-0.827879311175236
3.06,2.9593900205076564,0.10060997949234363
6.1,4.910945604567109,1.1890543954328905
0.89,1.6888543017218849,-0.7988543017218849
36.48,22.56288459875011,13.917115401249887
-0.19,1.064909817664413,-1.254909817664413
0.95,1.837708130901658,-0.8877081309016581
6.08,4.67290795460501,1.4070920453949904
0.41,2.3031961082429335,-1.8931961082429336
8.66,6.1242837057562385,2.5357162942437617
1.64,1.103939762431424,0.5360602375685759
43.66,35.605641957671956,8.05435804232804
-0.72,-0.6230460030539532,-0.09695399694604678
12.49,13.7770973029692,-1.2870973029691992
-0.11,0.2628951866974478,-0.3728951866974478
-0.8,-0.7540047194062902,-0.04599528059370983
3.24,1.919308286951798,1.3206917130482023
4.5,4.501572080348391,-0.0015720803483914025
-0.21,-0.09471315689203294,-0.11528684310796705
3.21,4.189984863888994,-0.9799848638889941
3.62,2.0883247859157823,1.5316752140842178
-0.25,-0.09829362145295852,-0.1517063785470415
0.01,0.7597757341225434,-0.7497757341225434
4.79,4.427631550746607,0.36236844925339273
3.43,2.8520963284552256,0.5779036715447745
-0.26,0.3557546041595389,-0.615754604159539
4.13,3.555768902757511,0.5742310972424889
1.31,0.6417314332724499,0.6682685667275502
35.66,29.831530681914433,5.828469318085563
-0.14,-0.1831933890575247,0.04319338905752468
0.95,1.4348108474511414,-0.48481084745114145
2.56,1.152560407422584,1.4074395925774161
5.03,2.2422593728159486,2.7877406271840517
0.35,0.38564191836063416,-0.035641918360634184
9.05,6.485432941352672,2.564567058647329
1.51,3.1092093734606268,-1.5992093734606267
11.98,14.124996908834651,-2.144996908834651
1.02,0.3756534955370837,0.6443465044629163
0.57,0.1990730386892317,0.37092696131076824
3.98,2.105424899486053,1.874575100513947
-0.14,-0.3651348969744927,0.22513489697449268
1.06,0.42339650616990887,0.6366034938300912
1.39,0.9146551058060846,0.47534489419391535
-0.51,-0.04219151360560097,-0.46780848639439904
0.75,0.36234384988965407,0.38765615011034593
13.41,8.905834149522418,4.504165850477582
2.97,1.672156690566931,1.2978433094330692
2.49,1.2930475217864983,1.196952478213502
6.69,4.5461812718855095,2.143818728114491
-0.65,-0.14132536373489094,-0.5086746362651091
2.23,1.6246168245247414,0.6053831754752586
2.11,0.958420815325866,1.151579184674134
-0.57,-0.5088164964151469,-0.06118350358485303
4.03,6.962390463110334,-2.932390463110334
2.89,6.99321506246974,-4.10321506246974
13.15,12.018142273560061,1.1318577264399394
-0.01,0.4877163441421418,-0.49771634414214183
-0.37,-0.5617577323242803,0.19175773232428028
0.54,1.4724631347034818,-0.9324631347034817
20.67,16.886960767960023,3.783039232039979
0.45,0.32964937387490045,0.12035062612509956
6.44,7.790550612233151,-1.3505506122331505
4.53,3.3790346702431466,1.1509653297568536
0.7,0.693857519988104,0.00614248001189599
1.44,1.7495787489657353,-0.30957874896573534
8.03,6.639712875951163,1.390287124048836
1.53,3.6672805668199446,-2.1372805668199444
0.05,-0.18245004220134828,0.2324500422013483
-0.68,-0.29768722808200093,-0.3823127719179991
-0.86,-0.8192418337894289,-0.040758166210571045
5.14,4.99946094148422,0.1405390585157793
5.19,9.099532155754007,-3.9095321557540066
1.3,1.0590526256060835,0.24094737439391656
2.76,8.93319225905543,-6.17319225905543
1.68,2.0474908922932435,-0.3674908922932436
1.63,2.385009780622828,-0.755009780622828
-0.88,-0.7580865777465706,-0.12191342225342938
1.21,1.8184681442646062,-0.6084681442646063
1.47,0.9822195598111727,0.48778044018882727
5.78,4.374076617359493,1.4059233826405073
0.79,0.5333471941639095,0.2566528058360905
2.84,5.097546727307773,-2.2575467273077727
5.27,9.547505264925285,-4.277505264925285
13.82,10.00895514990435,3.8110448500956497
0.71,3.282356800319691,-2.572356800319691
4.94,3.712050020434867,1.2279499795651332
1.23,0.4888541294468949,0.7411458705531051
0.25,0.4935159176940594,-0.2435159176940594
0.72,0.9793876057587566,-0.25938760575875663
-0.32,0.44044025177229057,-0.7604402517722906
0.23,1.4363968245231917,-1.2063968245231917
0.5,0.28656185660100675,0.21343814339899325
-0.45,-0.3230553401053042,-0.12694465989469583
10.33,6.626718252141455,3.7032817478585454
4.52,3.2842455798895998,1.2357544201103998
-0.36,-0.3273094790778276,-0.032690520922172395
0.97,1.0427970320300317,-0.07279703203003174
-0.06,0.5023539258725926,-0.5623539258725927
-0.37,-0.4456664152316846,0.0756664152316846
12.96,9.737905125143538,3.222094874856463
0.3,1.0538134189361832,-0.7538134189361831
3.68,8.91490247792973,-5.2349024779297295
0.59,2.5256140466336374,-1.9356140466336376
-0.37,-0.4663250985071484,0.09632509850714838
1.26,0.7464105562275407,0.5135894437724593
3.18,1.6007603279404332,1.579239672059567
1.98,1.183385550168061,0.796614449831939
2.83,2.1130914281040245,0.7169085718959756
1.73,0.7168862447583384,1.0131137552416616
0.23,0.90021910920776,-0.6702191092077601
6.13,4.574104461586366,1.5558955384136341
4.56,2.8663256226980534,1.6936743773019463
2.82,2.2365563365444983,0.5834436634555016
1.2,0.9317032611170365,0.26829673888296346
-0.5,-0.5806824648417933,0.08068246484179331
0.0,0.9219202043007713,-0.9219202043007713
-0.16,0.7183268913998285,-0.8783268913998286
2.15,5.686119929206394,-3.5361199292063943
0.65,0.25715848402449737,0.39284151597550265
11.43,7.974446198392118,3.4555538016078815
-0.4,-0.3491943073032836,-0.05080569269671642
12.14,7.458454541216474,4.681545458783527
0.02,-0.15778136060561443,0.17778136060561442
3.81,2.1381211377032154,1.6718788622967846
0.84,1.0497222332626592,-0.20972223326265926
0.09,-0.1352207588595767,0.2252207588595767
1.0,3.205407200401764,-2.205407200401764
0.12,1.1860732629613113,-1.0660732629613112
7.85,6.131220072075339,1.7187799279246603
2.91,2.591781521851966,0.31821847814803395
-0.11,-0.24286807860335757,0.1328680786033576
3.87,2.2067481307152943,1.6632518692847058
12.03,7.98474967517959,4.045250324820409
2.89,2.2766209844685323,0.6133790155314678
2.28,1.7158212754635573,0.5641787245364425
-0.34,-0.38878116065239915,0.048781160652399125
9.3,6.333790086662907,2.966209913337094
5.43,5.872225624562646,-0.4422256245626466
9.56,10.815143363831181,-1.2551433638311806
1.37,2.228335053715202,-0.8583350537152019
0.01,1.0295512679506036,-1.0195512679506036
5.08,2.9066701944518005,2.1733298055481995
3.45,3.6681384123903884,-0.21813841239038823
9.31,6.621702908516064,2.6882970914839364
1.08,1.475823716183841,-0.39582371618384093
1.34,0.6510805603111898,0.6889194396888103
0.76,1.7828276181140403,-1.0228276181140403
0.41,0.7259423516371946,-0.3159423516371946
-0.61,-0.2840649296302935,-0.3259350703697065
-0.23,0.7096321521567003,-0.9396321521567003
0.25,-0.14782461102080038,0.39782461102080036
0.37,-0.11702847081818592,0.4870284708181859
1.99,1.5223544687897654,0.46764553121023456
8.24,6.179678822676633,2.0603211773233676
-0.4,-0.5206772659720184,0.12067726597201833
1.16,0.65706561979142,0.50293438020858
-0.77,-0.5152305422849209,-0.2547694577150791
-0.65,-0.10911841199976358,-0.5408815880002364
7.01,4.003232090321451,3.0067679096785485
1.9,3.5873513023047328,-1.6873513023047328
5.03,12.466483654890048,-7.436483654890048
1.96,1.1105100351738193,0.8494899648261807
11.24,17.083781300827397,-5.843781300827397
0.55,0.042147256957026424,0.5078527430429736
5.57,3.6598286302935867,1.9101713697064135
4.01,3.5568455889225947,0.45315441107740506
6.58,3.827169833427313,2.752830166572687
3.37,2.5079546154565717,0.8620453845434284
1.94,1.5419656765810994,0.39803432341890055
3.0,6.217366853736976,-3.2173668537369764
2.33,2.3103897356203507,0.01961026437964941
0.68,1.4358145001714864,-0.7558145001714863
1.38,1.5021187817601893,-0.12211878176018942
1.62,0.9843326644200575,0.6356673355799426
-0.68,-0.601792450449012,-0.07820754955098808
0.89,0.7831748022102855,0.10682519778971455
0.32,1.125805788263384,-0.805805788263384
1.89,2.4684398534911973,-0.5784398534911974
2.01,1.8129281633448628,0.19707183665513694
2.67,2.064713341748853,0.6052866582511469
-0.42,-0.05569841982307344,-0.36430158017692654
2.56,2.349791534510648,0.21020846548935213
-0.67,-0.3056995435410154,-0.3643004564589846
4.21,7.629055036664209,-3.4190550366642087
0.67,2.0266501758487334,-1.3566501758487335
0.45,0.04570382505874074,0.40429617494125925
-0.4,-0.26306219895403926,-0.13693780104596076
-0.6,-0.04651440670249426,-0.5534855932975057
-0.34,0.0730322501482289,-0.4130322501482289
8.2,4.605878196346181,3.5941218036538185
0.17,1.2304992820770346,-1.0604992820770347
0.16,1.1870131754049413,-1.0270131754049414
0.44,1.6119707636916671,-1.1719707636916672
-0.14,0.020528712385546287,-0.1605287123855463
8.93,5.766027014529039,3.163972985470961
1.67,1.8775026136507442,-0.2075026136507443
0.96,0.7749422122878108,0.18505778771218917
-0.44,-0.13596373307407064,-0.30403626692592933
-0.34,0.4663043949573114,-0.8063043949573114
-0.1,-0.09407389481772416,-0.005926105182275848
1.04,1.6866645225374786,-0.6466645225374785
4.76,6.118748704982007,-1.3587487049820073
2.45,7.085826654519251,-4.635826654519251
-0.88,-0.9030106711069014,0.02301067110690136
3.77,3.5004651268721774,0.26953487312782265
2.1,3.6919389822415996,-1.5919389822415995
-0.76,-0.5391909858120418,-0.22080901418795817
-0.11,-0.3621790110917804,0.2521790110917804
3.77,4.209516026330466,-0.4395160263304656
1.43,1.7799090954329313,-0.34990909543293136
-0.16,0.08508445221257167,-0.2450844522125717
3.78,5.0154593438724415,-1.2354593438724417
0.09,0.5441794470654261,-0.4541794470654261
2.16,3.2504596884700745,-1.0904596884700744
-0.65,-0.08933292796559994,-0.5606670720344
4.57,4.64277813729126,-0.0727781372912597
3.75,7.188976370630661,-3.4389763706306606
-0.57,-0.34203319028336726,-0.2279668097166327
10.11,7.495483498072214,2.6145165019277856
-0.26,0.30048146337359183,-0.5604814633735918
4.05,4.260865652564103,-0.21086565256410328
-0.47,-0.5253707426617125,0.05537074266171249
1.36,2.475902433714303,-1.115902433714303
0.22,0.1208987570848289,0.0991012429151711
-0.74,-0.3716045101391777,-0.36839548986082227
2.59,2.6973522385992075,-0.10735223859920762
9.92,17.15497053374373,-7.234970533743729
-0.32,0.6878986538560751,-1.007898653856075
-0.8,-0.6489781192677999,-0.15102188073220013
-0.18,-0.3854440071511988,0.20544400715119882
1.11,1.37803578095616,-0.26803578095616
-0.02,-0.29800957917897297,0.27800957917897295
3.33,2.3240122729410215,1.0059877270589785
-0.42,-0.6155169063308485,0.19551690633084856
-0.42,-0.4414310501736739,0.021431050173673916
4.51,5.588413331630032,-1.0784133316300322
1.22,0.41697727510362254,0.8030227248963775
-0.42,-0.16641737507898763,-0.25358262492101236
4.06,4.7156713205092435,-0.6556713205092439
0.87,1.0003458662191593,-0.13034586621915933
4.79,3.05020193077006,1.73979806922994
2.98,2.194761622152397,0.7852383778476031
0.82,0.2577473775841854,0.5622526224158145
0.52,0.2776880392007239,0.24231196079927614
4.02,7.788480865171896,-3.768480865171896
4.52,3.4271800987987247,1.092819901201275
3.64,2.4724219645901053,1.1675780354098948
3.96,2.971381251968616,0.9886187480313842
1.54,3.244226418626252,-1.7042264186262521
3.92,2.8875632810046086,1.0324367189953914
6.78,4.745154078643893,2.0348459213561076
3.84,2.8019366586800207,1.0380633413199791
5.86,4.189595509832703,1.6704044901672974
0.61,0.04435270314012468,0.5656472968598754
-0.53,-0.2357972263383834,-0.2942027736616166
-0.91,-0.8865603834672127,-0.023439616532787366
8.84,6.300209958831051,2.539790041168949
-0.1,0.040222062127525375,-0.1402220621275254
4.19,3.163784361973144,1.0262156380268563
-0.72,-0.49306233019677004,-0.22693766980322994
1.95,2.311778138412543,-0.36177813841254314
24.12,18.45027407271922,5.66972592728078
-0.38,-0.23448117639371568,-0.14551882360628432
6.02,6.544108206516798,-0.5241082065167983
-0.74,-0.6311087145658806,-0.10889128543411941
1.07,0.7426842028083367,0.32731579719166337
5.94,3.497595982858715,2.4424040171412855
7.11,6.291040017617432,0.8189599823825686
0.7,0.4680185399471805,0.23198146005281944
5.98,11.893290665638911,-5.913290665638911
0.51,1.2463328250588879,-0.7363328250588879
1.35,1.7759600562555258,-0.4259600562555257
0.47,2.3293359850523205,-1.8593359850523206
-0.63,-0.3873946470630169,-0.2426053529369831
7.06,12.213311165361018,-5.153311165361019
0.55,1.0161888977105586,-0.4661888977105586
1.52,0.7909885800161264,0.7290114199838736
27.58,24.34566954852195,3.2343304514780478
-0.56,-0.569450721788183,0.009450721788182959
2.62,2.376317739011888,0.2436822609881122
3.54,4.674744236494417,-1.1347442364944174
5.86,4.0618594017576735,1.7981405982423269
2.3,1.3722148284096727,0.9277851715903271
8.46,5.931167968728101,2.5288320312719
-0.75,-0.722149728077751,-0.02785027192224898
-0.54,-0.5637685597386652,0.023768559738665207
-0.34,-0.5485427690280604,0.2085427690280604
2.87,4.913700137030744,-2.0437001370307435
0.05,1.289850653061009,-1.239850653061009
1.53,0.9181433469355327,0.6118566530644673
10.53,13.219968175265182,-2.6899681752651823
-0.21,0.060320069503161565,-0.27032006950316156
2.36,1.683872711223142,0.6761272887768579
0.68,1.5276841298100867,-0.8476841298100867
0.57,1.4578788743155695,-0.8878788743155696
4.19,11.43248825374546,-7.242488253745459
0.43,0.9668977268043324,-0.5368977268043325
6.23,5.406307075634079,0.823692924365921
6.3,8.810068213672423,-2.5100682136724233
0.71,0.19681156276638687,0.5131884372336131
5.29,8.894370748306832,-3.604370748306832
2.19,3.6157400001665794,-1.4257400001665794
1.71,3.75049129507924,-2.04049129507924
2.54,1.5132380526298375,1.0267619473701626
-0.52,-0.06045182890548846,-0.45954817109451157
0.12,0.7025418718926808,-0.5825418718926808
0.31,1.010526550058704,-0.7005265500587039
1.64,1.3623544271048427,0.27764557289515723
-0.03,-0.07834058163849995,0.048340581638499955
-0.18,1.0334573566534482,-1.2134573566534481
2.34,5.073376735897526,-2.733376735897526
5.97,11.688015211184146,-5.718015211184146
0.7,0.31127621421283175,0.3887237857871682
0.97,0.8773898277536794,0.09261017224632062
1.63,1.5879427605377494,0.042057239462250484
2.05,1.8811672139284974,0.16883278607150243
20.75,12.689396971885298,8.060603028114702
-0.57,-0.5046328822362741,-0.06536711776372583
5.98,4.7181685923540035,1.2618314076459969
0.96,0.3619089695144371,0.5980910304855629
0.71,0.585205891267287,0.12479410873271302
-0.23,0.9837340451513313,-1.2137340451513314
-0.03,0.1964749771444652,-0.2264749771444652
-0.6,-0.6003916450119472,0.000391645011947217
-0.1,0.4805362478672557,-0.5805362478672557
2.67,6.489277298472422,-3.8192772984724224
4.3,2.348578898410114,1.9514211015898857
7.69,4.532251679062123,3.157748320937878
-0.4,0.3329065742652067,-0.7329065742652068
-0.8,-0.5823330258860532,-0.21766697411394687
1.38,0.8145157419522018,0.5654842580477981
-0.1,-0.3106307361564884,0.2106307361564884
3.79,7.4519803882945155,-3.6619803882945154
0.4,-0.08229662534517154,0.4822966253451716
4.54,3.90995505794737,0.63004494205263
1.32,1.4817506945306989,-0.1617506945306988
-0.35,-0.5307760643375656,0.18077606433756566
5.95,6.049162270439625,-0.09916227043962511
23.29,16.855679982729818,6.434320017270181
0.55,0.02713512115643474,0.5228648788435653
0.58,0.017908252237410473,0.5620917477625895
15.52,8.727420869559504,6.792579130440496
6.7,5.203689648465823,1.4963103515341771
2.1,3.5510789215464773,-1.4510789215464772
2.67,3.6068537302507586,-0.9368537302507587
9.79,6.3356869985583995,3.4543130014415997
5.26,4.611697406899693,0.6483025931003068
0.99,1.677909475840745,-0.6879094758407449
0.26,0.030142670267644642,0.22985732973235537
1.57,1.198688972914119,0.37131102708588104
6.69,4.556799252964082,2.133200747035918
5.45,8.691300533305917,-3.2413005333059166
1.05,0.34274779425601115,0.707252205743989
1.45,1.157191847853031,0.292808152146969
1.12,3.5249116060950443,-2.404911606095044
-0.01,-0.19216200370603168,0.18216200370603167
1.7,1.3540865341894004,0.34591346581059956
2.3,1.0134044882061986,1.2865955117938013
1.78,1.3066897688224421,0.4733102311775579
0.85,0.20283758705699603,0.6471624129430039
-0.29,-0.5240054607029027,0.23400546070290268
9.75,6.9313857390186016,2.8186142609813984
1.84,1.8294973089470057,0.010502691052994395
5.9,4.53898610343642,1.3610138965635805
-0.27,0.034190817712707336,-0.30419081771270734
8.62,9.099152818553945,-0.47915281855394554
4.48,2.511766769745598,1.9682332302544023
3.27,3.5370517980577194,-0.2670517980577194
2.86,2.3645056925634838,0.4954943074365161
8.41,6.078807456264141,2.3311925437358587
0.02,0.5256994676406457,-0.5056994676406457
3.93,3.5587170253624194,0.37128297463758075
-0.27,0.743473837111284,-1.0134738371112841
0.48,0.3206378513306788,0.1593621486693212
2.91,3.0413916829403034,-0.13139168294030323
1.47,2.8175738101369427,-1.3475738101369428
12.86,16.911106199177087,-4.051106199177088
2.89,1.7904434549005903,1.0995565450994098
8.32,5.611858359660925,2.7081416403390755
3.51,4.324051125630863,-0.8140511256308631
-0.28,-0.3059579390509214,0.025957939050921364
-0.37,0.18351501037094958,-0.5535150103709496
4.63,3.5123340350393777,1.1176659649606222
2.68,2.9607168565110027,-0.28071685651100253
4.24,3.3898205174804237,0.8501794825195765
-0.15,0.7018515379121649,-0.851851537912165
-0.53,-0.2893048478326785,-0.2406951521673215
9.86,6.060950372150047,3.7990496278499526
1.5,1.3459473171173597,0.1540526828826403
1.77,3.1297751842492594,-1.3597751842492594
-0.59,-0.10523580169741992,-0.48476419830258005
-0.15,0.6107193582191919,-0.7607193582191919
5.63,8.25931714026729,-2.6293171402672906
1.36,1.0888192072131542,0.2711807927868459
-0.38,0.3923735795642083,-0.7723735795642084
3.5,2.815500158105043,0.684499841894957
-0.19,0.04594161993866058,-0.23594161993866059
1.26,0.7758498553221159,0.4841501446778841
2.92,4.199933744451097,-1.279933744451097
12.11,8.935471074916704,3.1745289250832958
3.42,1.9066895740750989,1.513310425924901
1.53,0.8156198789014517,0.7143801210985483
-0.27,-0.13488828705337857,-0.13511171294662144
0.42,0.19150274868028444,0.22849725131971554
0.77,1.0171731146455383,-0.24717311464553826
2.43,1.7120424092746915,0.7179575907253086
5.2,11.827054367330536,-6.627054367330536
0.88,1.1115487210226642,-0.23154872102266422
1.88,2.201575102338835,-0.3215751023388349
6.21,4.427365927164976,1.782634072835024
0.01,1.292350303654219,-1.282350303654219
0.93,1.4186166216995648,-0.48861662169956477
-0.17,0.9803323492211967,-1.1503323492211968
8.83,6.001459408512238,2.828540591487762
-0.8,-0.7296907273344837,-0.07030927266551634
5.24,2.8608975078810577,2.3791024921189425
12.32,10.515156295876386,1.8048437041236145
3.57,2.070909042674415,1.4990909573255848
0.92,1.9877196757415572,-1.0677196757415572
1.57,4.089363818735383,-2.519363818735383
1.57,2.0337607765793617,-0.46376077657936166
1.44,4.206171987656316,-2.7661719876563162
-0.85,-0.694891764068144,-0.15510823593185596
6.08,3.745292579884252,2.3347074201157483
0.79,3.233141810601731,-2.443141810601731
1.97,1.4710181058504317,0.4989818941495683
1.12,0.5458327424350218,0.5741672575649783
-0.41,-0.43609343094049496,0.026093430940494988
1.41,1.0510945545386003,0.3589054454613996
1.42,0.917533727657951,0.5024662723420489
2.1,1.4508314581455228,0.6491685418544773
-0.01,1.278083461359554,-1.288083461359554
-0.59,-0.16810905814314278,-0.42189094185685716
2.48,2.3551878953159227,0.12481210468407733
1.82,0.9742107374957479,0.8457892625042521
-0.46,0.1434753270269956,-0.6034753270269957
13.68,10.647842320112893,3.0321576798871064
-0.01,0.7004935063560541,-0.7104935063560541
-0.57,-0.1370772037486931,-0.43292279625130686
-0.28,-0.48785375021856103,0.207853750218561
0.76,0.6882706400777547,0.07172935992224527
1.4,2.4711165661760606,-1.0711165661760607
1.15,1.6263161346816133,-0.4763161346816134
10.66,7.402086769227532,3.257913230772468
2.64,2.5076831937150152,0.13231680628498488
11.09,7.7445390007643145,3.3454609992356854
27.26,21.334092339528432,5.9259076604715695
-0.83,-0.815941339519804,-0.014058660480195995
3.19,1.5885390124440135,1.6014609875559864
0.17,-0.01874188065903719,0.1887418806590372
-0.77,-0.7250812355288048,-0.04491876447119525
13.47,8.705756116151433,4.764243883848568
0.74,1.203526041497036,-0.4635260414970359
-0.66,-0.5103994027026219,-0.14960059729737818
-0.71,-0.7634371805435177,0.05343718054351776
0.54,1.378366267512098,-0.838366267512098
6.72,4.826425767125448,1.8935742328745517
11.27,8.307034459812394,2.9629655401876054
1.63,0.6747542067052268,0.9552457932947731
0.12,0.6021592103284047,-0.4821592103284047
1.78,2.064846206157873,-0.28484620615787315
7.58,7.077221699676993,0.5027783003230066
-0.36,-0.20646957912782243,-0.15353042087217755
1.44,0.9808721351923119,0.4591278648076881
0.04,0.5081099825516565,-0.46810998255165653
-0.38,-0.31010966848741933,-0.06989033151258067
0.96,2.5056743732184588,-1.5456743732184588
11.56,8.965098977129953,2.5949010228700473
0.03,0.6918541342287197,-0.6618541342287196
0.51,0.1516907569817404,0.3583092430182596
3.58,2.031231484858998,1.5487685151410022
5.07,4.215315794387968,0.8546842056120321
3.03,2.267176910260966,0.762823089739034
-0.14,-0.0015657188200335855,-0.13843428117996642
-0.23,0.07657695831815946,-0.30657695831815945
1.22,0.33680763250605117,0.8831923674939488
1.68,1.3080985238793141,0.3719014761206858
0.31,0.7349951851602847,-0.4249951851602847
0.17,1.0004750185719247,-0.8304750185719246
-0.78,-0.6319246535359501,-0.14807534646404996
2.74,3.9670867001170134,-1.2270867001170132
-0.02,-0.2047816608436914,0.1847816608436914
23.71,13.30582458603339,10.40417541396661
-0.48,-0.20937146221049474,-0.27062853778950524
3.75,3.1040230384312726,0.6459769615687274
14.94,12.150029358481587,2.789970641518412
-0.41,-0.34880973722115094,-0.061190262778849036
1.93,1.1680746131850226,0.7619253868149773
0.76,0.44058836089467734,0.31941163910532266
2.01,3.452092218776589,-1.442092218776589
1.85,2.437883250227836,-0.5878832502278359
-0.71,-0.7048002764691449,-0.0051997235308550716
1.3,1.3393819679920338,-0.03938196799203375
8.08,12.573506003498451,-4.493506003498451
0.31,1.4485048308708153,-1.1385048308708152
-0.37,-0.11231078676046403,-0.257689213239536
0.33,0.37104481476248824,-0.041044814762488224
0.77,3.2014394282926455,-2.4314394282926455
0.36,0.8672463236800035,-0.5072463236800036
2.11,2.0562718220793506,0.05372817792064932
2.28,3.4368184187859114,-1.1568184187859116
9.96,7.407306856813182,2.5526931431868185
1.31,0.5996548069001805,0.7103451930998196
8.09,5.574117878495172,2.515882121504828
-0.32,-0.014205487097360345,-0.30579451290263965
-0.86,-0.9223416773080493,0.06234167730804929
1.2,3.502629833335231,-2.3026298333352306
0.72,0.22526777498478168,0.4947322250152183
-0.03,-0.10281730634351155,0.07281730634351155
0.42,0.025083303171857876,0.3949166968281421
-0.2,-0.36173989287825986,0.16173989287825985
1.04,0.30230325738497604,0.737696742615024
2.96,2.776731351995788,0.18326864800421205
1.46,1.621508976575551,-0.16150897657555108
1.97,1.4055178602989646,0.5644821397010353
0.08,0.2141188768718599,-0.13411887687185992
4.97,6.597733939832378,-1.6277339398323782
6.24,8.26594390602807,-2.02594390602807
4.05,2.7264033687526235,1.3235966312473764
-0.39,9.231995972883637e-05,-0.3900923199597289
1.28,1.3160028023158825,-0.03600280231588249
7.24,4.577797778913619,2.662202221086381
3.49,2.0309418113682525,1.4590581886317477
0.44,0.20087066210490817,0.23912933789509183
2.03,1.3893264733974144,0.6406735266025854
-0.8,-0.6374131110244465,-0.1625868889755535
-0.36,0.44193692393735934,-0.8019369239373593
-0.86,-0.8366862388679838,-0.02331376113201622
5.05,3.285944560010742,1.7640554399892578
0.67,0.914686109930072,-0.244686109930072
-0.01,-0.3745347769924004,0.3645347769924004
0.51,0.9356655937681925,-0.42566559376819246
6.6,6.253396586953037,0.34660341304696285
0.52,0.01056531007256663,0.5094346899274333
8.68,7.336143965788345,1.3438560342116546
5.08,6.123899275592208,-1.0438992755922083
0.6,0.6435959479484629,-0.04359594794846289
2.95,1.4332760255105292,1.516723974489471
0.06,-0.22940972582562907,0.28940972582562907
-0.21,-0.12227492747969007,-0.08772507252030992
1.39,0.8395832022373902,0.5504167977626097
15.91,11.34520005285748,4.56479994714252
-0.19,-0.2940303069652394,0.1040303069652394
2.23,2.963577117507476,-0.7335771175074761
2.96,7.407759858923294,-4.447759858923294
-0.42,-0.5722414885673599,0.15224148856735992
0.98,0.6255260446888612,0.3544739553111388
0.75,0.6722828729983265,0.07771712700167355
15.18,13.773756532884533,1.4062434671154662
17.83,16.8044560149364,1.0255439850635995
4.66,8.28651569497292,-3.6265156949729196
6.55,3.232922528443708,3.3170774715562916
2.88,1.3867468100441096,1.4932531899558903
0.98,0.522291700848775,0.457708299151225
1.73,0.8893068977398064,0.8406931022601936
4.26,2.445811097148173,1.8141889028518268
-0.54,-0.1737033983800381,-0.3662966016199619
25.33,24.172926105844944,1.1570738941550545
2.05,1.634565060958863,0.41543493904113693
0.0,0.2184282987917426,-0.2184282987917426
29.16,21.93070489364534,7.229295106354659
8.62,6.372549410582212,2.247450589417787
1.57,3.990876832176015,-2.420876832176015
0.17,1.298786097191122,-1.128786097191122
21.23,43.98774153864653,-22.75774153864653
7.76,5.922974398926287,1.8370256010737132
5.2,8.130035856116585,-2.930035856116585
-0.04,-0.15327688270232728,0.11327688270232728
4.67,3.1571374674429853,1.5128625325570146
1.43,0.6398752578325636,0.7901247421674363
3.32,2.200505513678488,1.119494486321512
-0.1,-0.4382507626725555,0.3382507626725555
2.6,2.3628220021222446,0.2371779978777555
6.04,5.833636918220246,0.20636308177975415
8.21,4.751214651552207,3.458785348447794
0.67,1.1986564955922214,-0.5286564955922214
0.06,0.4342301105234205,-0.3742301105234205
1.58,0.6874818271348473,0.8925181728651528
-0.85,-0.8919266942575361,0.041926694257536146
0.13,-0.22039901038232632,0.35039901038232635
1.47,3.755561414083991,-2.2855614140839906
0.83,2.730256890384308,-1.9002568903843078
2.17,2.0031552337862064,0.16684476621379352
0.25,-0.007462561910093149,0.25746256191009315
0.64,2.075358009878268,-1.435358009878268
-0.08,-0.40757674656712095,0.32757674656712094
10.23,9.679165246081114,0.5508347539188865
10.0,6.6749996144112345,3.3250003855887655
14.74,12.867079423877687,1.872920576122313
1.45,1.38841933057675,0.06158066942324991
1.61,0.7010991512117811,0.908900848788219
0.99,0.32364490598758416,0.6663550940124159
-0.49,-0.15783394508422077,-0.3321660549157792
-0.45,-0.2932651638172357,-0.1567348361827643
0.08,1.3814308555715014,-1.3014308555715013
3.67,3.4890815568103486,0.18091844318965133
6.17,3.5489037431241766,2.6210962568758234
0.11,1.3253697247874028,-1.2153697247874027
0.33,1.5705459658154723,-1.2405459658154723
2.6,2.98369029061673,-0.3836902906167299
2.39,1.6402827671714655,0.7497172328285346
-0.43,-0.5386539866640834,0.10865398666408338
14.04,28.086518606039693,-14.046518606039694
1.76,0.8925335338859869,0.8674664661140131
4.51,3.942039416615512,0.5679605833844876
0.09,0.4268594552518595,-0.33685945525185945
0.03,0.9044732729512469,-0.8744732729512469
1.04,0.5148451740586395,0.5251548259413605
1.16,1.993157657593411,-0.833157657593411
-0.61,-0.5455861819125822,-0.06441381808741775
-0.55,0.053870388126390646,-0.6038703881263907
3.54,3.0473156150286402,0.4926843849713598
0.49,1.0601209686895097,-0.5701209686895097
0.51,0.10815941891811609,0.4018405810818839
-0.94,-0.8520989015874438,-0.08790109841255611
0.67,2.3904448760550085,-1.7204448760550086
0.08,0.9551275331908173,-0.8751275331908174
3.62,2.1986976482738654,1.4213023517261347
7.56,11.040793013307079,-3.4807930133070792
1.35,3.894220856169272,-2.544220856169272
-0.21,-0.11579272680189552,-0.09420727319810447
2.49,3.8728202501086835,-1.3828202501086833
0.22,0.7838716972903527,-0.5638716972903527
-0.13,0.5293294847260803,-0.6593294847260803
1.92,2.311646646746316,-0.3916466467463162
1.63,2.4720665232720775,-0.8420665232720776
-0.13,0.8852893060015647,-1.0152893060015646
3.48,2.782614122114684,0.6973858778853161
1.41,3.402191335903099,-1.992191335903099
1.78,2.135419026308413,-0.35541902630841293
7.75,9.086501444965583,-1.3365014449655828
1.95,1.0964470717203694,0.8535529282796306
-0.03,0.1985940054265255,-0.2285940054265255
2.98,4.1797650639584445,-1.1997650639584445
-0.29,-0.12987072175003986,-0.16012927824996012
-0.08,0.4643762955623103,-0.5443762955623103
6.49,8.22779042411605,-1.7377904241160493
2.39,5.5729397358924695,-3.1829397358924694
0.48,1.0209205491547333,-0.5409205491547333
0.32,-0.11908257476532806,0.4390825747653281
16.07,18.310179150428574,-2.240179150428574
5.25,3.3504528062383554,1.8995471937616446
-0.41,0.12432295015832688,-0.5343229501583269
7.72,4.709382377131354,3.0106176228686454
1.6,2.3547313436525967,-0.7547313436525966
2.8,4.211418900365805,-1.4114189003658053
0.14,-0.21495990361709508,0.35495990361709506
3.87,2.614386763663857,1.255613236336143
0.3,2.0674173644675844,-1.7674173644675844
0.91,1.501081084641317,-0.5910810846413169
2.93,7.233712035212699,-4.303712035212699
5.64,3.4444038624434317,2.195596137556568
0.21,0.1631547265801435,0.046845273419856504
8.23,11.107862891597291,-2.8778628915972906
-0.44,-0.37368753781755076,-0.06631246218244924
-0.36,-0.15515642339159325,-0.20484357660840674
3.04,5.546145547626681,-2.506145547626681
23.34,13.878245152117412,9.461754847882588
-0.04,-0.14175567950383766,0.10175567950383765
-0.6,-0.4543149626977535,-0.14568503730224647
3.5,2.997306688927506,0.5026933110724938
13.06,9.24223110548631,3.8177688945136907
4.69,2.606327828930211,2.0836721710697894
4.27,3.0033177408685945,1.266682259131405
2.51,4.270333559146173,-1.760333559146173
-0.36,-0.043345719767162214,-0.31665428023283776
0.27,0.6865486019554036,-0.41654860195540355
0.27,0.9790323435870668,-0.7090323435870668
5.98,8.910896235842362,-2.9308962358423614
3.01,2.2488330981369273,0.7611669018630725
-0.68,-0.27425572225544725,-0.4057442777445528
9.9,15.135426616617936,-5.235426616617936
1.27,1.6359334865496948,-0.3659334865496948
1.61,1.325800149983931,0.2841998500160692
1.45,0.6414660973237065,0.8085339026762934
2.16,6.172408157474806,-4.012408157474806
11.13,6.3763807550056635,4.753619244994337
0.34,0.41944381798225244,-0.07944381798225242
6.7,12.122807533604092,-5.422807533604092
-0.36,0.4815640391624084,-0.8415640391624084
0.03,-0.15595805753040792,0.18595805753040792
3.12,1.6255332206025161,1.494466779397484
0.34,0.22745676824057146,0.11254323175942857
0.5,0.9914214033139949,-0.49142140331399486
0.35,0.44015887762679057,-0.09015887762679059
0.98,1.8762755725647564,-0.8962755725647564
-0.29,-0.4152075886357953,0.12520758863579534
0.16,0.05396028559037499,0.10603971440962501
1.6,1.7128093780785663,-0.11280937807856617
-0.31,-0.4716164241243636,0.1616164241243636
-0.7,-0.6114407209500065,-0.0885592790499935
1.76,3.9342422889811415,-2.1742422889811417
-0.78,-0.5125986358131158,-0.2674013641868842
0.22,0.2833272142973687,-0.06332721429736868
-0.75,-0.5537495907283614,-0.19625040927163862
2.08,1.2457064311005215,0.8342935688994786
-0.01,0.28178745412322875,-0.29178745412322876
1.72,0.9835043218410976,0.7364956781589024
-0.8,-0.7612134210883226,-0.03878657891167747
1.31,0.9976700478966073,0.31232995210339276
1.17,1.1755094073791645,-0.00550940737916461
5.2,4.357005363470889,0.8429946365291112
0.48,2.4760816051896666,-1.9960816051896666
0.15,-0.15663321940462224,0.30663321940462224
5.7,3.59973451921154,2.10026548078846
6.43,5.146651719991082,1.2833482800089175
5.67,9.787289735746702,-4.117289735746702
2.25,5.321418678420633,-3.071418678420633
3.91,2.534271921662581,1.3757280783374193
0.14,1.0032212425345164,-0.8632212425345164
0.52,2.6502483029302475,-2.1302483029302475
4.29,4.063814832327304,0.22618516767269625
2.36,1.402665746053376,0.9573342539466239
0.07,0.2674347618195734,-0.19743476181957337
3.19,3.883194410408606,-0.6931944104086059
-0.46,-0.6861503104320844,0.2261503104320844
-0.72,-0.5413491868264685,-0.1786508131735315
-0.52,-0.1369965214569167,-0.3830034785430833
0.7,0.9949983941951852,-0.29499839419518525
2.29,6.072998950641193,-3.7829989506411934
0.87,2.519692677894838,-1.649692677894838
-0.48,-0.3297076169908146,-0.1502923830091854
-0.65,-0.7174541279908399,0.06745412799083983
3.6,3.0372475807680277,0.5627524192319724
1.8,2.108322591626843,-0.30832259162684283
0.17,0.9496236465474588,-0.7796236465474587
1.72,1.0488642499294738,0.6711357500705262
4.74,3.6604234175587598,1.0795765824412404
0.64,0.9545535325880843,-0.3145535325880843
3.02,3.819272679842797,-0.7992726798427969
10.82,12.336316450273337,-1.5163164502733366
2.83,1.69206189318204,1.1379381068179601
7.66,4.028310527948843,3.631689472051157
-0.67,-0.6891519661738609,0.019151966173860835
7.49,5.897832881752093,1.5921671182479074
1.76,4.193279236281897,-2.433279236281897
0.02,0.9652035635684393,-0.9452035635684393
15.42,9.251498920670977,6.1685010793290225
-0.34,0.5332508092285536,-0.8732508092285536
4.33,3.3620055737774157,0.9679944262225844
1.51,2.0393821156172516,-0.5293821156172516
-0.76,-0.7042387917935446,-0.05576120820645536
1.74,3.9910467873197626,-2.251046787319763
-0.31,-0.05666732904872694,-0.25333267095127304
-0.11,-0.04845534298384833,-0.06154465701615167
0.75,1.0593641104962466,-0.30936411049624657
0.92,0.5556841677717765,0.3643158322282235
3.32,2.3223783279857066,0.9976216720142932
5.21,4.112579063093955,1.0974209369060448
2.62,2.549616786457742,0.07038321354225818
5.01,4.919221982512253,0.09077801748774661
0.1,0.23993460915481407,-0.13993460915481407
0.06,0.69078479407897,-0.6307847940789699
4.49,9.495028561523432,-5.005028561523432
1.48,1.2040316696468762,0.27596833035312374
0.78,3.1804983065873755,-2.4004983065873757
5.03,4.42344341799508,0.6065565820049201
1.12,1.1314561970094323,-0.011456197009432234
4.19,2.8682615864911125,1.3217384135088879
0.37,0.5418750556555497,-0.17187505565554972
4.84,4.271218362182227,0.5687816378177732
0.89,2.5837372060967616,-1.6937372060967615
0.96,3.323750683252558,-2.363750683252558
7.46,4.223732027434056,3.236267972565944
21.23,35.578795184630195,-14.348795184630195
1.49,0.6982166937081211,0.7917833062918789
3.54,2.5822215772852775,0.9577784227147226
0.05,0.855068332785986,-0.805068332785986
-0.27,0.45128516223696685,-0.7212851622369669
4.48,2.8992817063507177,1.5807182936492827
1.99,1.2192856675908355,0.7707143324091645
-0.7,-0.7381213073037277,0.03812130730372776
8.76,6.347495981677638,2.4125040183223616
18.71,11.550411624342217,7.159588375657783
5.75,5.376174119695957,0.37382588030404307
-0.58,-0.664473093505566,0.08447309350556609
-0.92,-0.8496461271915948,-0.07035387280840522
0.55,0.8283759804044255,-0.27837598040442546
1.86,0.6986749375854022,1.1613250624145979
2.09,4.022244471983989,-1.9322444719839895
-0.2,0.06172706590920774,-0.26172706590920775
5.02,3.202941730030498,1.8170582699695017
0.33,1.4335501085426026,-1.1035501085426025
-0.51,-0.687433470183301,0.17743347018330102
1.53,4.1324483172834245,-2.6024483172834243
9.13,9.590769025741652,-0.46076902574165146
-0.27,0.31757349894240655,-0.5875734989424066
0.46,0.3235429903479187,0.1364570096520813
0.27,0.6851041675492362,-0.4151041675492362
-0.14,-0.414933527145625,0.27493352714562497
1.99,1.3648557925556033,0.6251442074443967
0.05,-0.09299591383114109,0.14299591383114107
-0.07,0.2468283151537239,-0.3168283151537239
0.52,0.23187401356589296,0.28812598643410703
-0.19,0.09116076380642085,-0.28116076380642085
3.73,4.177133661015669,-0.4471336610156693
-0.7,-0.70827622240163,0.008276222401630062
7.65,4.9121822448307935,2.737817755169207
0.38,-0.08203809015121818,0.4620380901512182
0.08,-0.19363346564321773,0.2736334656432177
-0.75,-0.696252266682388,-0.053747733317611956
-0.01,0.9702916663508774,-0.9802916663508774
8.08,22.304364196832044,-14.224364196832044
2.37,1.4572346060723513,0.9127653939276488
1.45,0.9498333175597945,0.5001666824402055
0.66,0.6674541330475574,-0.007454133047557376
7.65,6.688058383588216,0.9619416164117842
6.22,4.422494599076869,1.7975054009231304
0.22,0.16883954503120197,0.051160454968798036
-0.17,-0.09001209418762249,-0.07998790581237752
-0.6,-0.24243889613716577,-0.35756110386283424
-0.56,-0.25106575787845636,-0.3089342421215437
0.44,2.4898337782525495,-2.0498337782525495
0.85,0.44284301938732074,0.40715698061267924
7.45,15.620426561158427,-8.170426561158425
2.09,2.5787915586140033,-0.4887915586140035
-0.38,-0.5834715984637437,0.20347159846374374
0.47,0.5487774382502321,-0.07877743825023209
-0.7,-0.5510396184480796,-0.14896038155192037
3.46,2.922504767887382,0.5374952321126178
11.86,7.67265891892255,4.18734108107745
1.47,1.9577860373305236,-0.4877860373305236
15.71,15.74956050238538,-0.03956050238537934
1.93,2.9207094638483557,-0.9907094638483558
0.72,0.8718118948814015,-0.15181189488140157
5.87,3.021536493693569,2.848463506306431
3.9,4.104048013453493,-0.20404801345349322
-0.36,-0.25461951162118274,-0.10538048837881725
-0.66,-0.22261432251736915,-0.4373856774826309
9.57,8.06048629029588,1.5095137097041196
5.09,3.560321867551949,1.5296781324480508
3.89,2.3168502095566246,1.5731497904433756
1.14,0.6317052781841543,0.5082947218158456
0.08,0.04311918269438559,0.03688081730561441
-0.46,-0.5514049192110551,0.09140491921105504
1.78,0.5408016134159783,1.2391983865840217
-0.66,-0.25078648194552633,-0.4092135180544737
1.2,2.6291830993877454,-1.4291830993877455
10.68,7.786486619827231,2.8935133801727684
3.0,1.7213013263258852,1.2786986736741148
-0.33,-0.07523302565541938,-0.2547669743445806
0.02,0.1959537921752473,-0.17595379217524731
8.39,6.380087642539488,2.0099123574605127
0.83,0.2758787713326576,0.5541212286673424
2.54,2.637827145836191,-0.09782714583619079
24.76,15.023388212626479,9.736611787373523
0.62,1.556694278249614,-0.936694278249614
11.85,10.081681223681157,1.7683187763188428
-0.01,-0.023040805143854586,0.013040805143854585
3.85,2.9595471400576985,0.8904528599423016
1.05,0.9287432378818093,0.1212567621181907
-0.34,-0.008248834968592479,-0.33175116503140756
3.8,4.072610267319041,-0.2726102673190409
2.86,2.291571495003198,0.5684285049968021
3.54,2.51332758444576,1.02667241555424
7.83,6.703429736128246,1.1265702638717539
2.48,1.757376399485302,0.722623600514698
1.28,2.927713085812792,-1.6477130858127922
0.69,3.344309157716468,-2.654309157716468
4.15,3.552176118929319,0.5978238810706813
0.8,1.32672340718088,-0.52672340718088
2.68,1.9831490060486385,0.6968509939513616
5.21,7.4964199035974906,-2.2864199035974906
4.78,6.749399716639622,-1.9693997166396215
0.97,1.706939780055285,-0.736939780055285
-0.15,-0.162560716605576,0.012560716605576006
1.23,2.2882410915444793,-1.0582410915444793
1.46,0.9264142744643008,0.5335857255356992
-0.1,0.09283222412693258,-0.19283222412693257
7.19,6.400660431450411,0.7893395685495896
-0.25,0.6975823070962697,-0.9475823070962697
1.12,1.215561479655815,-0.09556147965581485
-0.48,-0.5664378550014932,0.08643785500149326
8.49,6.78776909089514,1.70223090910486
-0.16,0.00786658102744238,-0.1678665810274424
3.6,2.8521388511020884,0.7478611488979117
0.97,2.0943222087191478,-1.1243222087191478
-0.82,-0.7563008551298054,-0.06369914487019457
-0.32,0.3210421176797574,-0.6410421176797574
3.74,3.1720041736930744,0.5679958263069258
-0.85,-0.7763848181586762,-0.07361518184132376
1.2,1.536225578574121,-0.33622557857412105
0.23,0.7016761914830334,-0.4716761914830334
2.09,5.553314336982882,-3.463314336982882
2.95,2.4794268142288423,0.4705731857711579
5.58,6.528271399581287,-0.9482713995812873
1.71,2.043626268484868,-0.33362626848486787
0.88,1.5901457970004225,-0.7101457970004225
-0.01,1.476545160323163,-1.486545160323163
0.44,-0.017119088886198654,0.4571190888861987
-0.45,0.1722656131479648,-0.6222656131479648
4.03,2.0789542807176,1.9510457192824004
0.85,0.9041676652908099,-0.05416766529080996
2.22,6.255304952781484,-4.035304952781484
1.2,0.5594015842853305,0.6405984157146695
-0.49,-0.3280642912038679,-0.16193570879613212
3.0,2.1087265075717383,0.8912734924282617
-0.55,-0.47604086924073397,-0.07395913075926608
0.48,1.0268906919743523,-0.5468906919743524
6.78,4.315888442937276,2.464111557062724
0.99,0.20939535315448532,0.7806046468455147
1.85,5.169021181359991,-3.319021181359991
0.79,0.3885821208497228,0.4014178791502772
7.36,11.404637464909484,-4.044637464909484
0.78,1.4183792728888347,-0.6383792728888347
-0.65,-0.6994674754483671,0.04946747544836705
-0.15,-0.35470154429172207,0.20470154429172208
3.33,2.244193967810578,1.085806032189422
2.31,1.3868179598258843,0.9231820401741158
4.31,2.8733799523971006,1.436620047602899
-0.22,-0.23746337527344533,0.017463375273445325
-0.67,-0.7151009811961732,0.04510098119617312
-0.63,-0.7409456188258096,0.11094561882580956
1.05,1.4647821255982494,-0.41478212559824934
-0.63,-0.24310179276774846,-0.38689820723225155
0.53,0.5758961068436634,-0.04589610684366341
1.56,2.4406802423582237,-0.8806802423582236
0.94,1.007465299104354,-0.06746529910435406
2.67,4.090895997148373,-1.4208959971483734
-0.8,-0.8235896097320224,0.0235896097320224
-0.33,-0.2835507046679493,-0.04644929533205072
0.09,-0.1507886877067384,0.2407886877067384
6.23,6.269982272832759,-0.03998227283275835
3.37,3.3073602480385227,0.06263975196147742
2.24,4.437403070923208,-2.197403070923208
1.59,0.9679628553103625,0.6220371446896376
5.88,9.029811111009973,-3.1498111110099734
-0.37,-0.36304859413795554,-0.006951405862044457
2.12,2.1154957718958616,0.00450422810413853
0.33,0.6590998819882055,-0.32909988198820544
8.84,8.328934730302691,0.5110652696973084
-0.18,0.0646666057397447,-0.2446666057397447
9.79,10.16687264004573,-0.37687264004573073
7.13,7.265387659304494,-0.13538765930449426
4.6,3.006573068332109,1.5934269316678908
5.97,4.848312255938973,1.1216877440610267
2.09,4.972274107414005,-2.8822741074140055
1.26,1.7705779686943213,-0.5105779686943213
1.96,2.631951103241157,-0.6719511032411569
7.62,5.665845913083776,1.9541540869162244
-0.47,-0.2761356901186663,-0.19386430988133369
0.94,0.7743077434705115,0.1656922565294885
13.55,11.740285317547963,1.8097146824520376
-0.03,0.03199216697307353,-0.061992166973073526
1.1,0.37522602186778825,0.7247739781322118
55.27,32.469347828282835,22.800652171717168
4.41,6.293268342466976,-1.8832683424669758
5.66,3.5498898882811885,2.1101101117188117
-0.78,-0.7435554770618051,-0.03644452293819489
0.4,0.5857793535891205,-0.18577935358912046
1.75,2.8735594139112686,-1.1235594139112686
-0.25,0.6872993605401164,-0.9372993605401164
0.36,1.4626281751599066,-1.1026281751599067
1.73,0.9769739003067417,0.7530260996932583
0.02,-0.20934620185873065,0.22934620185873064
1.17,2.1539989443235927,-0.9839989443235928
4.55,3.1863241653053835,1.3636758346946163
0.13,-0.2120287034293683,0.3420287034293683
1.62,3.2403825353437017,-1.6203825353437016
0.1,0.418205101453708,-0.31820510145370795
3.07,3.19221786564951,-0.12221786564951032
0.88,0.4748887905509325,0.4051112094490675
0.78,0.12125631444952728,0.6587436855504727
0.24,-0.07514976165870868,0.31514976165870867
-0.36,-0.5431895652954061,0.1831895652954061
8.31,5.730389679013019,2.5796103209869816
3.46,4.449321205726009,-0.989321205726009
3.18,6.004041900946833,-2.8240419009468325
-0.91,-0.842887064921121,-0.06711293507887905
0.16,0.7050709694596428,-0.5450709694596427
3.09,2.524386864260927,0.5656131357390728
-0.36,-0.20578801406705474,-0.15421198593294524
0.89,0.31377145097992115,0.5762285490200789
0.21,0.5518748344747592,-0.3418748344747592
3.74,3.199707112551797,0.5402928874482034
7.28,5.180673640096761,2.0993263599032392
-0.17,0.6014281023663306,-0.7714281023663306
1.31,0.6283268690808729,0.6816731309191272
0.93,0.28408613064056365,0.6459138693594364
-0.47,-0.5324582526059435,0.06245825260594351
2.06,2.060867197852579,-0.0008671978525791602
0.27,-0.11597669401482084,0.3859766940148209
2.13,1.1093953939556116,1.0206046060443883
1.17,0.5473389184321974,0.6226610815678025
-0.13,0.9968990113089627,-1.1268990113089628
3.19,3.2180553838159227,-0.028055383815922763
0.41,0.04483463224871243,0.36516536775128755
1.65,3.0245046165045677,-1.3745046165045678
1.05,1.8484006444953502,-0.7984006444953502
3.35,7.534427952613999,-4.184427952614
2.85,6.607443941032765,-3.7574439410327645
2.73,3.047325828280345,-0.31732582828034506
2.74,2.869640586353545,-0.12964058635354458
9.81,12.148729942314665,-2.3387299423146644
1.92,1.844353765441537,0.07564623455846298
3.3,2.110218327511623,1.189781672488377
30.07,21.182969624507102,8.887030375492898
-0.42,-0.1285885393869838,-0.29141146061301615
6.43,13.445401272427603,-7.015401272427603
1.09,1.4955356829445985,-0.4055356829445984
4.88,3.4760182552228933,1.4039817447771066
0.74,0.44217739115097193,0.29782260884902806
1.82,1.1908121469583284,0.6291878530416717
-0.75,-0.7561778406086423,0.006177840608642349
2.26,1.2672499053774706,0.9927500946225292
0.14,0.7630968938556638,-0.6230968938556638
6.82,8.048852679453928,-1.2288526794539276
-0.13,-0.13419480401104716,0.00419480401104716
-0.51,-0.6972634244527278,0.1872634244527278
4.0,2.142467154091028,1.8575328459089722
-0.28,-0.3592658729581559,0.07926587295815585
3.21,2.0549130041670933,1.1550869958329066
4.53,2.8378780980817173,1.692121901918283
4.46,2.476606741573152,1.9833932584268479
1.93,1.7639648989157652,0.1660351010842347
1.02,3.61606214347117,-2.59606214347117
9.15,8.970874864137519,0.17912513586248124
1.2,1.27693841591448,-0.07693841591448014
1.45,3.0854913655091054,-1.6354913655091055
0.58,0.6989657667016878,-0.11896576670168779
4.14,2.0170702314118674,2.1229297685881323
0.49,0.4119288829971324,0.07807111700286762
1.03,1.0992548752842435,-0.06925487528424346
6.78,4.3217768000732,2.4582231999268
5.13,11.444008813236879,-6.314008813236879
7.78,6.227178406930872,1.5528215930691278
2.99,6.629477164203189,-3.639477164203189
-0.06,0.9863936850046903,-1.0463936850046902
0.23,0.03484406899886888,0.19515593100113113
-0.53,-0.42614549217006203,-0.10385450782993799
0.6,0.22625098526640883,0.3737490147335911
-0.33,0.29075577900936667,-0.6207557790093667
-0.7,-0.6320285477256108,-0.06797145227438917
-0.39,0.11149161507877847,-0.5014916150787785
8.77,6.2753411806610275,2.494658819338972
-0.44,-0.22927110489297425,-0.21072889510702575
1.05,1.155437872392455,-0.10543787239245495
0.59,0.04185920530676478,0.5481407946932352
-0.02,-0.2697694166028986,0.24976941660289861
0.82,1.124372200064504,-0.30437220006450405
-0.3,0.32269295316283797,-0.622692953162838
1.72,1.6967076145857474,0.023292385414252603
3.21,2.134896197878696,1.075103802121304
-0.59,-0.3354087581396128,-0.2545912418603872
0.33,0.21705419381380348,0.11294580618619654
-0.63,-0.12878162937191504,-0.5012183706280849
0.46,0.48207518187540954,-0.022075181875409522
-0.58,-0.5605442885662855,-0.019455711433714495
-0.66,-0.7145491147548407,0.0545491147548407
5.21,6.0811606695369855,-0.8711606695369856
1.55,0.658673778516178,0.891326221483822
1.66,3.5489624451500092,-1.8889624451500093
1.52,0.7270836388648187,0.7929163611351813
2.11,1.1329777898593747,0.9770222101406252
0.65,3.1273343711193338,-2.477334371119334
-0.88,-0.8283944055598512,-0.05160559444014878
12.25,12.799264211156535,-0.5492642111565349
3.81,3.973992715663282,-0.16399271566328188
-0.8,-0.6190960037166997,-0.18090399628330034
3.81,7.952023031410942,-4.142023031410941
-0.09,-0.27951122280943724,0.18951122280943725
2.51,2.8031298816089207,-0.29312988160892095
0.56,1.1448102666464228,-0.5848102666464228
0.59,1.1740194873141832,-0.5840194873141832
-0.06,-0.3999092122165874,0.3399092122165874
-0.07,0.09343954407504845,-0.16343954407504846
0.36,1.846820969537197,-1.486820969537197
-0.57,-0.29234791358542805,-0.2776520864145719
3.12,4.6147021620937245,-1.4947021620937244
15.4,9.203856519800778,6.196143480199222
2.03,0.8470360579964019,1.1829639420035978
16.58,12.987085225226487,3.5929147747735115
-0.45,0.1470752427529548,-0.5970752427529549
0.92,0.5914263353197274,0.3285736646802726
0.92,0.25785085628093035,0.6621491437190696
8.64,5.966314621816555,2.6736853781834453
3.65,8.439327252427708,-4.789327252427707
0.65,0.20971887733915098,0.44028112266084907
0.86,1.239703079153714,-0.37970307915371404
1.38,1.469240233745062,-0.08924023374506218
9.03,7.821465710359526,1.2085342896404736
12.3,8.638654257088902,3.6613457429110987
-0.33,0.14075774746477474,-0.4707577474647747
0.65,1.9709644711770788,-1.3209644711770787
4.84,9.225176412786572,-4.385176412786572
2.22,1.3743706906568822,0.845629309343118
0.02,-0.27639667040734894,0.29639667040734896
0.44,0.04027495463350384,0.39972504536649617
2.43,4.990570335798626,-2.560570335798626
1.69,2.300745652267635,-0.6107456522676351
0.48,2.4567253180723974,-1.9767253180723974
0.29,0.4935082946851748,-0.20350829468517484
6.67,6.421422228836891,0.24857777116310853
6.43,15.430202717891246,-9.000202717891247
2.0,1.0355111961274062,0.9644888038725938
0.5,0.5014569149584391,-0.0014569149584391372
0.16,0.6873808040830973,-0.5273808040830973
0.31,0.15644614918721642,0.15355385081278358
-0.45,-0.5281664794588499,0.07816647945884986
0.85,0.7351856563822847,0.11481434361771525
0.52,0.21019315590216106,0.309806844097839
-0.49,-0.607318272483913,0.11731827248391302
17.61,13.054918475649622,4.555081524350378
0.89,0.46979330812909464,0.42020669187090537
-0.6,-0.4470728203050145,-0.15292717969498548
-0.82,-0.723917527532896,-0.096082472467104
1.03,3.086692886202919,-2.056692886202919
-0.65,-0.6955922160983309,0.04559221609833086
1.02,2.4445356899487765,-1.4245356899487764
-0.77,-0.861939005609975,0.09193900560997503
-0.79,-0.7380474095477257,-0.051952590452274294
0.41,-0.06657149213026205,0.476571492130262
-0.53,-0.53840664753215,0.008406647532149925
1.93,1.7689726353801951,0.16102736461980482
1.32,1.834834776120853,-0.5148347761208529
0.27,1.3644079489426217,-1.0944079489426217
0.13,0.267516872540637,-0.137516872540637
-0.31,0.22789413964300362,-0.5378941396430036
2.49,2.119637592464428,0.37036240753557204
0.88,0.6046777099585022,0.2753222900414978
7.74,5.619190293821297,2.1208097061787035
3.68,3.5182041216041937,0.16179587839580645
-0.3,-0.4551116240655552,0.15511162406555523
1.89,2.7468374504186888,-0.8568374504186889
0.21,-0.11966608961772673,0.3296660896177267
15.01,26.053839869568858,-11.043839869568858
0.27,0.43705034995276804,-0.16705034995276802
0.1,0.18003506019046817,-0.08003506019046816
-0.87,-0.8746518348211335,0.004651834821133516
1.8,1.004249692560922,0.7957503074390782
2.89,3.878917416114044,-0.9889174161140439
0.75,1.7950587709953842,-1.0450587709953842
0.88,2.1609813313808313,-1.2809813313808314
3.31,2.576257727634276,0.7337422723657241
8.14,14.072807147158347,-5.932807147158346
3.7,3.7151968162048212,-0.015196816204821051
4.0,2.162013342242705,1.8379866577572952
1.41,3.3653896317931746,-1.9553896317931747
3.17,1.6086537557290528,1.5613462442709471
0.41,1.1767991339406165,-0.7667991339406166
-0.04,0.012158104436189594,-0.052158104436189595
-0.4,0.5642239981279363,-0.9642239981279364
5.7,4.710474019189449,0.9895259808105514
1.52,0.9315438773855118,0.5884561226144882
1.54,0.8860718665554286,0.6539281334445715
4.93,3.1095988733320055,1.8204011266679943
-0.19,0.2519700217719309,-0.4419700217719309
0.95,0.9944668956775715,-0.04446689567757156
1.03,0.48905025818726805,0.540949741812732
-0.43,0.3142032197061469,-0.7442032197061469
1.88,3.402294305058334,-1.5222943050583342
19.95,11.711766628715692,8.238233371284307
1.08,2.367872804886819,-1.287872804886819
3.27,8.210667157671969,-4.940667157671969
2.3,4.892592037499306,-2.5925920374993066
4.57,3.1841504822925866,1.3858495177074137
1.68,3.074161293168282,-1.3941612931682819
0.21,0.27423907628807453,-0.06423907628807454
0.76,1.1002807087557456,-0.34028070875574556
-0.26,0.12237855156871544,-0.3823785515687155
-0.32,0.4026372625545951,-0.7226372625545952
15.61,8.340632834538392,7.269367165461608
0.34,0.6505901816242377,-0.3105901816242376
1.09,4.2304933218720775,-3.1404933218720776
5.92,6.444352020062325,-0.5243520200623255
0.75,0.3084572087995207,0.4415427912004793
6.96,5.624554201339042,1.3354457986609578
0.21,1.0737185122112887,-0.8637185122112887
-0.53,-0.3425711610833253,-0.18742883891667472
-0.35,-0.45205925287014964,0.10205925287014966
2.17,3.495155285061981,-1.3251552850619812
0.21,0.2204248768823977,-0.01042487688239771
0.01,0.034376661406859146,-0.024376661406859144
1.25,4.150004290623717,-2.900004290623717
-0.41,0.08021396068484203,-0.490213960684842
0.87,3.605237597989379,-2.735237597989379
7.43,11.212040630039441,-3.7820406300394414
16.4,13.302623394191185,3.0973766058088135
-0.07,0.26168427496481905,-0.33168427496481906
1.31,0.47751594456261426,0.8324840554373858
0.44,2.166929060327642,-1.7269290603276422
11.9,8.504715897383676,3.3952841026163245
0.04,-0.30967082525917483,0.3496708252591748
8.0,6.88483980503673,1.11516019496327
4.86,5.9435732837105775,-1.0835732837105772
2.26,2.6425739340047185,-0.38257393400471873
-0.74,-0.72828440736888,-0.011715592631119986
0.27,0.3260619122921249,-0.05606191229212487
3.2,2.8160922549959166,0.38390774500408353
16.51,10.835785479937606,5.674214520062396
1.46,0.9721373690714223,0.4878626309285776
6.7,4.541094703372901,2.1589052966270987
1.06,3.5853204436944672,-2.525320443694467
0.84,1.9934603092309786,-1.1534603092309785
-0.37,-0.09005035615502582,-0.27994964384497417
5.17,4.059622594784357,1.110377405215643
-0.84,-0.8740307139153093,0.03403071391530932
1.1,0.4064966396788396,0.6935033603211604
16.94,15.903128658817138,1.036871341182863
0.95,1.3540438676968947,-0.4040438676968947
4.35,2.2750282832400908,2.074971716759909
7.43,4.030337979779354,3.399662020220646
1.97,1.2627106083088047,0.7072893916911953
-0.45,-0.6264613806298721,0.1764613806298721
6.74,3.9763777554798283,2.763622244520172
-0.63,-0.47553906220126085,-0.15446093779873915
-0.95,-0.9270602657876208,-0.02293973421237916
1.26,3.544384116003552,-2.284384116003552
-0.89,-0.7572738416060601,-0.13272615839393986
0.01,0.0984610057537461,-0.0884610057537461
3.29,3.1429162494814102,0.1470837505185898
13.79,11.68340712306107,2.1065928769389295
-0.56,-0.5921708702020076,0.032170870202007595
2.48,1.411401585888172,1.0685984141118279
3.2,2.6710952951515736,0.5289047048484266
0.57,1.2608455828072405,-0.6908455828072405
8.7,5.873279921803782,2.8267200781962174
1.34,3.1470527974508897,-1.8070527974508896
-0.43,0.18827300467666408,-0.618273004676664
0.5,0.30685556383161905,0.19314443616838095
-0.48,-0.4683901911679904,-0.011609808832009572
0.48,1.3416707604765465,-0.8616707604765466
-0.58,-0.2365182404761198,-0.34348175952388016
2.01,1.8105655285455953,0.19943447145440452
0.69,0.24955593283788588,0.44044406716211404
3.62,3.081532487169697,0.5384675128303029
2.91,1.833326548511783,1.0766734514882172
1.65,2.7143344548250266,-1.0643344548250266
3.85,4.393266072238194,-0.5432660722381937
-0.58,-0.7311493106167092,0.15114931061670922
0.51,0.4608434603890898,0.04915653961091021
-0.54,-0.23848201299101912,-0.3015179870089809
5.75,4.344461675718899,1.4055383242811006
0.25,-0.09823725213402792,0.3482372521340279
7.43,15.739353303346558,-8.309353303346558
1.82,1.3976155437380937,0.42238445626190635
0.24,0.523145183859231,-0.28314518385923104
1.05,1.0666526950055766,-0.016652695005576534
5.07,7.141676798152932,-2.0716767981529314
7.52,6.200847788623846,1.3191522113761538
0.27,0.03731757499336232,0.2326824250066377
1.71,2.1439584968327137,-0.4339584968327137
-0.03,1.1926294385805691,-1.2226294385805692
5.66,3.820183162372216,1.8398168376277844
1.07,1.1443112965179092,-0.07431129651790913
0.38,1.2881167566775977,-0.9081167566775977
-0.75,-0.5175601436710341,-0.2324398563289659
0.06,1.2513105100787847,-1.1913105100787846
-0.67,-0.5669960823092874,-0.1030039176907126
1.92,1.3602588967852622,0.5597411032147377
0.48,0.08097640752389693,0.3990235924761031
-0.92,-0.8320791867220284,-0.08792081327797163
0.9,0.23610670236185916,0.6638932976381409
4.7,10.873823609848124,-6.173823609848124
-0.57,-0.46238251669258695,-0.107617483307413
0.14,0.024890955397950398,0.11510904460204961
0.48,2.138746966117255,-1.658746966117255
1.59,3.0414752586871363,-1.4514752586871362
7.42,4.815424601611282,2.604575398388718
-0.06,0.7743112848223496,-0.8343112848223495
1.25,0.9630787663370556,0.2869212336629444
1.41,1.051199578237536,0.35880042176246385
0.89,1.4491931078772253,-0.5591931078772253
-0.27,-0.30067604714512175,0.030676047145121732
2.03,3.3915248419464263,-1.3615248419464265
2.46,3.714522896704199,-1.254522896704199
0.41,1.0981895782360551,-0.6881895782360552
0.41,1.4544734327700408,-1.044473432770041
-0.61,-0.6285698352516885,0.018569835251688538
-0.1,-0.3013115982928874,0.2013115982928874
2.78,1.6623751368846502,1.1176248631153496
5.95,10.16070294227392,-4.21070294227392
27.98,21.542891556121592,6.437108443878408
1.97,4.320055092547424,-2.350055092547424
16.85,10.36019067798545,6.489809322014551
2.23,6.052972638261804,-3.822972638261804
6.65,3.9469344933505104,2.70306550664949
0.76,2.1157947518646267,-1.3557947518646267
0.7,0.7928353424641188,-0.09283534246411884
1.23,1.5428759018710183,-0.3128759018710183
1.86,3.551057612800092,-1.691057612800092
8.29,7.490652866791708,0.7993471332082915
1.62,0.689041517741588,0.9309584822584122
0.07,0.27064717850099235,-0.20064717850099234
25.45,21.176974488089726,4.273025511910273
1.39,4.619491026291792,-3.229491026291792
-0.29,0.22076541964574492,-0.510765419645745
1.92,1.464849418490854,0.4551505815091459
5.0,8.358126761396273,-3.3581267613962726
-0.01,-0.33123349254394346,0.32123349254394346
6.31,3.554552970598081,2.7554470294019184
-0.16,-0.18600025038735768,0.026000250387357676
1.81,1.7161338329330216,0.09386616706697848
-0.68,-0.6101527912303674,-0.06984720876963268
-0.18,-0.2828582107169348,0.1028582107169348
18.82,14.098326389109491,4.721673610890509
5.54,6.073503677598825,-0.5335036775988247
2.66,1.7847899658390125,0.8752100341609876
-0.7,-0.7877014019698475,0.08770140196984755
-0.78,-0.5785044545436236,-0.20149554545637638
0.83,2.067674485510533,-1.2376744855105328
10.8,7.47318521517566,3.3268147848243403
11.2,10.31865975524653,0.8813402447534688
0.6,0.7962114813726182,-0.19621148137261823
0.64,2.124146995147873,-1.484146995147873
0.4,0.9910433637749133,-0.5910433637749133
0.59,1.610914897528696,-1.0209148975286961
0.04,-0.3159797567015638,0.3559797567015638
15.09,9.981488198816125,5.108511801183875
-0.41,0.19183583413309815,-0.6018358341330982
9.28,6.8997713869513895,2.38022861304861
15.05,12.385090214010164,2.6649097859898365
-0.06,-0.11252919710535406,0.05252919710535406
0.5,0.8286390017983398,-0.3286390017983398
2.0,1.0438537376634316,0.9561462623365684
-0.03,-0.16037890269885438,0.13037890269885438
-0.38,0.005971595336869712,-0.3859715953368697
2.2,3.7568224288829333,-1.556822428882933
0.06,-0.13065058747578398,0.19065058747578398
0.22,0.4382021042888135,-0.2182021042888135
3.65,2.3896119709545247,1.2603880290454752
2.7,2.8926895742405474,-0.19268957424054722
-0.66,-0.4037670285900903,-0.25623297140990975
1.7,4.520905249073849,-2.8209052490738484
1.25,0.6782844719821103,0.5717155280178897
3.97,2.368010768980958,1.6019892310190422
-0.2,0.13014933262328518,-0.33014933262328516
3.76,1.9927204637179716,1.7672795362820282
0.87,2.3509784423515554,-1.4809784423515553
1.82,1.8451838859877077,-0.0251838859877076
4.27,3.713536116856031,0.5564638831439686
1.33,2.5382446980479947,-1.2082446980479946
-0.3,-0.1648467821978799,-0.13515321780212008
0.15,-0.2605876912138143,0.41058769121381433
0.87,0.3919214003232012,0.4780785996767988
-0.33,0.3220061575881341,-0.6520061575881342
-0.6,-0.5392411537700753,-0.06075884622992467
0.93,0.5677194674912801,0.36228053250871994
-0.47,-0.313823502205294,-0.156176497794706
-0.73,-0.842111339717707,0.11211133971770704
1.75,1.971738008510874,-0.221738008510874
2.12,3.3764061441651028,-1.2564061441651027
0.26,0.48372263062236415,-0.22372263062236414
1.29,0.6378613849475412,0.6521386150524588
-0.02,1.3037075317532862,-1.3237075317532863
1.47,0.9134185295206625,0.5565814704793375
26.78,24.776539847538764,2.003460152461237
-0.52,-0.33570661636953114,-0.18429338363046888
1.92,0.9353190186370492,0.9846809813629507
-0.16,1.0649450000791734,-1.2249450000791733
-0.71,-0.6339279466821236,-0.07607205331787636
5.66,7.530794071700628,-1.8707940717006277
0.79,0.6149758577830502,0.17502414221694984
2.38,6.175041621114308,-3.795041621114308
9.36,7.890385564225542,1.4696144357744574
2.53,2.501673656375417,0.02832634362458286
-0.05,-0.1441508437577789,0.0941508437577789
4.42,2.7855140965307954,1.6344859034692045
0.8,0.5214735027980894,0.2785264972019107
0.12,1.067409602566732,-0.9474096025667319
-0.83,-0.7509538033378264,-0.0790461966621736
9.46,9.429797449085957,0.030202550914044224
-0.77,-0.7703381256123519,0.00033812561235191385
0.35,0.9439955196481905,-0.5939955196481905
-0.75,-0.4507911653396538,-0.2992088346603462
-0.19,-0.03485621913982404,-0.15514378086017597
-0.09,-0.36305090408371704,0.273050904083717
-0.38,0.5307201795449117,-0.9107201795449117
5.03,3.658243976078438,1.371756023921562
-0.87,-0.8256031906398198,-0.0443968093601802
0.13,-0.07011778470227427,0.20011778470227426
-0.49,0.03811549939150367,-0.5281154993915037
0.64,0.4189818155252865,0.2210181844747135
3.63,3.1721385106170708,0.45786148938292914
2.22,2.302978162456862,-0.08297816245686196
-0.19,0.020414062112858383,-0.21041406211285837
-0.62,-0.4252460608285352,-0.19475393917146477
10.62,6.9956729469494805,3.6243270530505187
-0.39,-0.4247135797964111,0.0347135797964111
1.65,4.210610394873746,-2.560610394873746
0.65,0.6867040430551192,-0.036704043055119207
24.01,17.50445313292245,6.505546867077552
0.97,2.6075962682605227,-1.6375962682605227
-0.51,-0.6108543693078347,0.10085436930783465
1.41,0.44329004382159193,0.966709956178408
0.36,0.44849276426644746,-0.08849276426644748
1.21,2.401568460864953,-1.191568460864953
0.5,0.2906054542600407,0.2093945457399593
2.11,1.4952462325565712,0.6147537674434287
0.96,0.5346668595757813,0.42533314042421866
2.44,1.319875686417395,1.120124313582605
0.53,1.5055229406806074,-0.9755229406806074
0.12,0.44532765436539423,-0.32532765436539424
2.24,4.834919596968445,-2.5949195969684444
9.87,7.2191128780635685,2.6508871219364307
-0.83,-0.7836698874018867,-0.04633011259811326
8.62,9.281264310746902,-0.661264310746903
4.8,5.627336710211606,-0.8273367102116058
2.06,2.5286846027581382,-0.46868460275813817
2.46,1.741993163363943,0.718006836636057
1.7,1.0345308883280346,0.6654691116719653
0.99,0.28440239922309735,0.7055976007769027
5.9,10.766448758659083,-4.866448758659082
-0.7,-0.44068248227094975,-0.2593175177290502
7.9,9.137519828681757,-1.2375198286817568
-0.19,-0.447451965971853,0.257451965971853
4.01,2.442204129563238,1.5677958704367616
-0.26,-0.16504946720281446,-0.09495053279718554
2.27,1.9865568574299914,0.2834431425700086
5.42,3.779701516629149,1.640298483370851
-0.47,-0.3090243560877856,-0.16097564391221436
-0.13,-0.11165556032046918,-0.018344439679530825
-0.79,-0.6922501555310061,-0.09774984446899393
-0.21,-0.4319189718872846,0.22191897188728463
3.98,2.0894769496515657,1.8905230503484343
8.73,11.150645285697099,-2.4206452856970984
-0.45,-0.15154607716375584,-0.29845392283624417
0.63,0.3484808587053079,0.2815191412946921
0.9,2.226596710435292,-1.3265967104352923
0.96,2.276217487716848,-1.3162174877168482
-0.32,0.5260339061404951,-0.8460339061404951
0.17,0.5183970419599487,-0.3483970419599487
0.9,1.8423302593945308,-0.9423302593945307
-0.06,0.9163784824768737,-0.9763784824768738
0.64,2.0597318606207287,-1.4197318606207285
4.05,7.2032402134918145,-3.1532402134918147
2.24,3.5475849325103606,-1.3075849325103603
-0.53,-0.1792991172648839,-0.3507008827351161
1.51,4.480962434037063,-2.9709624340370633
1.55,2.1935200240742154,-0.6435200240742154
-0.59,-0.08848513667679435,-0.5015148633232056
4.8,3.1104142788801408,1.689585721119859
1.23,0.458685991226666,0.771314008773334
2.76,1.7600984020307904,0.9999015979692094
0.36,0.002445697890893751,0.3575543021091062
1.87,3.0607143890498505,-1.1907143890498504
4.35,5.437627740666764,-1.0876277406667647
1.2,1.0974781711814823,0.10252182881851768
0.53,0.27039573283412693,0.2596042671658731
-0.31,-0.5341740583011617,0.22417405830116172
3.94,3.531876169492267,0.40812383050773304
2.45,1.4544630625333743,0.9955369374666259
0.54,2.6533235352997533,-2.1133235352997533
2.17,3.316606429818905,-1.1466064298189051
9.77,8.932955098742058,0.8370449012579417
2.8,1.6180133858725332,1.1819866141274666
0.15,0.6853462819106587,-0.5353462819106587
-0.28,0.4300784258501445,-0.7100784258501445
0.15,-0.19902058695561745,0.34902058695561744
1.08,3.599572018592615,-2.519572018592615
2.09,2.2859755475164096,-0.19597554751640978
-0.61,-0.6728678905806621,0.06286789058066211
5.1,4.21001166890369,0.8899883310963093
-0.24,0.194241686798079,-0.43424168679807895
7.89,5.200834543352899,2.6891654566471006
1.99,1.7491823996288205,0.2408176003711795
3.38,1.670254527458939,1.7097454725410608
4.66,2.7481573308852543,1.9118426691147459
3.46,2.469373122418346,0.9906268775816538
0.08,0.20303206148666297,-0.12303206148666297
0.15,0.08143617293009366,0.06856382706990634
-0.61,-0.7703534613774504,0.16035346137745043
4.52,6.769967423846033,-2.2499674238460337
1.41,3.364508409190033,-1.9545084091900329
-0.28,-0.05183929861509216,-0.22816070138490788
-0.81,-0.7451933534300516,-0.0648066465699485
0.46,1.1823989975444646,-0.7223989975444647
1.43,0.9499363689027963,0.4800636310972036
4.39,4.081406483978602,0.3085935160213973
0.08,1.298975612551025,-1.218975612551025
0.64,0.9333384891719632,-0.29333848917196315
17.77,10.810102476114835,6.959897523885164
2.21,2.0308853048889604,0.1791146951110396
1.44,1.7256766112167448,-0.2856766112167448
-0.29,-0.38759622529924537,0.09759622529924539
-0.13,-0.29966084416966715,0.16966084416966715
2.86,1.4089806868545127,1.4510193131454872
2.01,3.8749011164838043,-1.8649011164838045
6.58,8.453573469437805,-1.8735734694378046
-0.22,0.04217602316425421,-0.2621760231642542
-0.47,-0.39157779854200214,-0.07842220145799783
1.08,0.3062529228148346,0.7737470771851654
11.84,14.36971157536574,-2.5297115753657398
-0.39,-0.29515976755134743,-0.09484023244865258
1.74,3.8569323843360994,-2.116932384336099
-0.54,-0.2784766470618761,-0.26152335293812395
-0.69,-0.41690868986572727,-0.2730913101342727
-0.34,-0.1204623520895211,-0.21953764791047892
10.2,7.813658139929833,2.386341860070166
0.04,1.7481711473492556,-1.7081711473492556
3.56,3.6033535111304698,-0.0433535111304697
4.51,2.624515188012924,1.8854848119870757
-0.68,-0.6577510576493857,-0.022248942350614365
1.4,0.9640921737645319,0.435907826235468
4.37,3.4185462178977932,0.9514537821022069
4.32,2.5023514749715603,1.81764852502844
6.07,7.064366690522335,-0.9943666905223347
0.0,0.042541828998845135,-0.042541828998845135
7.34,4.701791748749771,2.638208251250229
-0.4,0.15104232532102257,-0.5510423253210226
0.66,2.2182151944200252,-1.558215194420025
15.42,9.79448172529825,5.625518274701751
0.63,0.14294737182208417,0.48705262817791584
0.02,-0.2064558741382821,0.22645587413828208
6.83,6.032597676030978,0.7974023239690222
-0.19,0.43988317637632607,-0.6298831763763261
6.86,5.952826523342115,0.907173476657885
7.58,4.4775049483897815,3.1024950516102185
0.82,0.3300680307835436,0.4899319692164564
3.05,1.5440008792281412,1.5059991207718586
5.03,3.5793792819312165,1.4506207180687838
3.3,2.6968802449718186,0.6031197550281813
-0.3,-0.45199404468508525,0.15199404468508526
0.57,2.314395301953916,-1.744395301953916
-0.52,-0.2646502139116783,-0.2553497860883217
1.19,1.9368894645890309,-0.7468894645890309
0.41,0.1845652624379918,0.2254347375620082
2.54,1.6463981808794568,0.8936018191205433
3.32,4.12214828082073,-0.8021482808207305
1.23,0.49218431761700726,0.7378156823829927
0.69,1.7181558448595289,-1.028155844859529
6.09,3.8128723476870383,2.2771276523129615
1.25,0.3556386378767179,0.8943613621232821
3.68,2.949426116204843,0.7305738837951572
10.57,14.580716856175695,-4.010716856175694
0.05,0.3607639250109033,-0.31076392501090333
17.33,13.795217722753865,3.5347822772461335
2.78,2.0057060240439197,0.7742939759560801
-0.23,0.6524211177029877,-0.8824211177029877
-0.79,-0.6173200556464083,-0.17267994435359169
0.08,0.43053431933345754,-0.3505343193334575
-0.29,0.42586776898796463,-0.7158677689879647
17.4,10.04982470939662,7.350175290603378
2.98,3.9942132408032376,-1.0142132408032376
2.15,1.3374929474010973,0.8125070525989027
-0.44,-0.21900949968853808,-0.22099050031146192
1.29,1.0691028852619682,0.22089711473803186
0.26,0.1980849770288877,0.061915022971112316
3.05,6.612245155309394,-3.5622451553093946
1.05,1.0984116879080854,-0.048411687908085366
0.17,0.009888098457226395,0.1601119015427736
-0.55,0.13156474792708456,-0.6815647479270845
0.67,0.13231203197899954,0.5376879680210005
1.61,2.9732806474306095,-1.3632806474306094
3.63,3.094932116750765,0.5350678832492348
3.7,3.1314442315149233,0.5685557684850768
-0.59,-0.1172264879012138,-0.47277351209878615
7.11,4.622230945624618,2.4877690543753825
-0.38,-0.29135563991187613,-0.08864436008812387
9.35,6.294836981451975,3.0551630185480247
0.11,1.0102049161180089,-0.9002049161180089
9.43,11.136235546888177,-1.706235546888177
4.24,2.6428131718143018,1.5971868281856985
1.51,2.8465459203876713,-1.3365459203876713
-0.74,-0.7067942787183951,-0.03320572128160493
0.23,1.140850719793913,-0.9108507197939131
2.17,1.364360267217387,0.805639732782613
2.81,7.454011443249457,-4.6440114432494575
-0.53,-0.32279251293206085,-0.20720748706793918
5.45,9.30288741642363,-3.8528874164236298
-0.6,-0.5980255147827577,-0.0019744852172423055
6.59,4.180265049444792,2.409734950555208
1.23,0.3122264153741808,0.9177735846258193
1.46,1.7157859807419407,-0.2557859807419407
1.39,0.6968544832506682,0.6931455167493317
5.01,8.472933998469848,-3.4629339984698486
-0.41,-0.5458782135665075,0.13587821356650748
0.71,0.5959888770613311,0.11401112293866889
7.63,5.538102734103094,2.0918972658969057
17.84,10.605204609622914,7.234795390377085
2.53,3.254551691009706,-0.7245516910097063
0.32,-0.1326089393743272,0.4526089393743272
-0.29,-0.10575561815861236,-0.18424438184138764
3.7,4.017176949325298,-0.3171769493252974
13.81,8.053411284851963,5.7565887151480375
1.55,1.2449595154005237,0.3050404845994763
0.91,0.48874466351826396,0.4212553364817361
3.02,6.130834245899964,-3.1108342458999636
1.37,2.575990760686769,-1.205990760686769
-0.38,-0.32418121703082464,-0.05581878296917536
-0.42,-0.526869350954289,0.10686935095428901
0.77,0.34974794815200544,0.4202520518479946
-0.23,0.043743711438405136,-0.27374371143840515
12.97,14.734138186109965,-1.7641381861099639
14.46,11.17162575361162,3.288374246388381
-0.32,-0.4910612480946738,0.17106124809467377
-0.24,-0.4005579536717028,0.16055795367170284
-0.51,-0.11276012843615223,-0.39723987156384777
7.16,5.2230991360648815,1.9369008639351186
6.27,10.716182425076283,-4.446182425076284
5.13,10.860899382026703,-5.730899382026704
-0.6,-0.32563323953796075,-0.2743667604620392
3.41,6.851442984898422,-3.441442984898422
4.84,3.3460324447888223,1.4939675552111775
6.1,10.593952545073721,-4.493952545073721
-0.14,0.7274075168440981,-0.8674075168440981
14.52,9.282306911421246,5.237693088578753
-0.12,-0.16909672118717756,0.04909672118717756
0.43,1.1141368833469179,-0.6841368833469179
5.18,2.955352634878222,2.2246473651217777
0.23,0.19646185112376865,0.033538148876231355
0.37,0.28823698363601835,0.08176301636398164
1.83,3.380230475672886,-1.550230475672886
0.04,0.22219662182857072,-0.18219662182857072
6.75,3.774655278564737,2.975344721435263
2.91,3.0296483557935217,-0.11964835579352151
0.33,1.0690342535544588,-0.7390342535544587
1.46,3.7804757458489764,-2.3204757458489764
4.93,3.2801017863030433,1.6498982136969564
0.43,-0.21130909406194176,0.6413090940619417
0.21,1.2861645168081168,-1.0761645168081169
2.28,2.331655286799105,-0.05165528679910514
8.47,8.805797153865855,-0.3357971538658546
3.09,2.150207254620399,0.9397927453796009
12.49,16.57105260159525,-4.0810526015952515
1.35,0.9256512657209645,0.42434873427903563
0.16,-0.37408112054591425,0.5340811205459143
5.04,3.1214771025490835,1.9185228974509165
-0.85,-0.8244629637154998,-0.025537036284500214
5.5,5.135688824923634,0.3643111750763657
4.18,8.723974241238212,-4.543974241238212
2.27,2.0725493286831016,0.19745067131689842
-0.84,-0.7680890750764056,-0.07191092492359441
-0.14,0.922467316417242,-1.062467316417242
0.13,0.15509767608674396,-0.02509767608674396
1.24,1.014578522617548,0.22542147738245188
20.62,13.904544267116568,6.715455732883433
0.41,1.0175245525748609,-0.6075245525748609
6.65,6.577514727579493,0.07248527242050695
1.59,2.2488646650240853,-0.6588646650240852
8.0,11.155314290867905,-3.1553142908679046
-0.56,-0.41701594328187863,-0.14298405671812142
-0.7,-0.3094969816137664,-0.3905030183862336
-0.19,-0.3016002970811028,0.1116002970811028
0.83,0.8687552759398507,-0.03875527593985073
5.66,10.595603715298285,-4.935603715298285
13.6,14.109716639826733,-0.509716639826733
10.68,12.662401667271281,-1.9824016672712812
-0.43,-0.4563532436150275,0.0263532436150275
3.33,2.7541160492192556,0.5758839507807445
4.6,4.684909446067998,-0.08490944606799822
0.75,1.3125483309827342,-0.5625483309827342
-0.33,-0.15665209715314815,-0.17334790284685186
0.52,1.2007699688356765,-0.6807699688356765
0.69,0.5249303068751398,0.1650696931248602
-0.66,-0.43394167697306474,-0.2260583230269353
-0.37,-0.17906247740913303,-0.19093752259086696
13.84,9.946131165216226,3.893868834783774
0.86,1.7109599328527758,-0.8509599328527758
-0.5,-0.13811782543394885,-0.36188217456605115
-0.63,-0.24350006457045675,-0.38649993542954325
5.6,4.954399012364486,0.6456009876355138
-0.41,-0.5090524635806983,0.09905246358069836
2.37,1.4060443480653193,0.9639556519346808
0.17,1.589765576929405,-1.419765576929405
21.03,22.000532059042406,-0.9705320590424051
0.5,0.9399689013097564,-0.4399689013097564
2.04,2.07514494308498,-0.035144943084980174
-0.64,-0.5559589815266418,-0.08404101847335821
0.35,0.32162058506888047,0.028379414931119507
1.28,3.2540429499968875,-1.9740429499968875
1.52,0.9103540519596849,0.6096459480403151
7.51,4.790044317959643,2.719955682040357
1.82,2.2505154561530145,-0.43051545615301445
1.92,1.6707590807105472,0.2492409192894527
6.91,6.9709502979247535,-0.06095029792475337
8.46,6.043988404829884,2.416011595170117
0.64,0.10831227998892949,0.5316877200110706
0.81,1.754387791627181,-0.944387791627181
-0.55,-0.05999189844699715,-0.4900081015530029
-0.58,-0.5187278257355713,-0.06127217426442866
-0.74,-0.7412247195893258,0.0012247195893257956
0.06,0.26404583437971696,-0.20404583437971696
3.0,3.5927737995514115,-0.5927737995514115
8.93,6.698757661412935,2.231242338587065
2.13,1.324423433977976,0.805576566022024
2.54,3.926190719945061,-1.386190719945061
3.65,3.4111131919396454,0.23888680806035456
0.72,0.5286290830061249,0.1913709169938751
19.5,22.07085430134866,-2.5708543013486604
4.38,6.691273495929305,-2.3112734959293055
0.87,3.614867636806967,-2.744867636806967
2.52,5.407567430629198,-2.8875674306291983
0.13,-0.1740333250293336,0.3040333250293336
0.47,0.6700362801636757,-0.2000362801636757
6.39,4.5083167468042715,1.8816832531957282
0.32,0.2528467810323236,0.0671532189676764
2.94,1.5523232070382356,1.3876767929617644
2.46,2.1493404125817634,0.3106595874182365
-0.56,-0.6631594899778717,0.10315948997787161
14.15,11.624952670858612,2.5250473291413886
2.71,1.4181650755613258,1.2918349244386742
0.83,0.5764783032129548,0.25352169678704517
1.74,1.1685791913791808,0.5714208086208192
0.72,0.6131074306963711,0.10689256930362889
7.01,6.560670463210895,0.44932953678910437
-0.44,-0.30903403078628106,-0.13096596921371895
0.44,1.4583903370043776,-1.0183903370043776
1.81,1.5302991327831006,0.27970086721689946
4.88,6.23600987583384,-1.3560098758338404
3.11,5.88264653718743,-2.77264653718743
0.04,1.0726320577575832,-1.0326320577575832
9.05,8.339548475072496,0.710451524927505
-0.65,-0.35833205499576876,-0.29166794500423127
12.5,15.09788082269728,-2.597880822697279
0.03,1.2811408379639333,-1.2511408379639333
0.06,1.4316079391640242,-1.3716079391640241
1.94,2.3728681525900805,-0.4328681525900806
-0.08,0.15699916670646044,-0.23699916670646043
-0.09,-0.13505167864714776,0.045051678647147764
-0.28,-0.21738684427174376,-0.06261315572825626
0.54,0.5271438835993475,0.01285611640065254
0.17,-0.053182913078929354,0.22318291307892937
0.08,-0.28711844528523495,0.36711844528523496
-0.4,-0.4423558121911473,0.04235581219114726
4.34,5.888791241805436,-1.5487912418054357
7.27,7.433331165160245,-0.16333116516024582
6.03,8.209782952902541,-2.179782952902541
-0.1,-0.22177884835655945,0.12177884835655944
10.21,7.718723607346797,2.491276392653204
0.28,0.8227283591364717,-0.5427283591364717
12.38,15.97551616921236,-3.5955161692123596
-0.63,-0.3232649337729652,-0.3067350662270348
1.04,0.7116295894497277,0.3283704105502724
3.01,3.176076350316264,-0.16607635031626433
2.1,1.442480054895926,0.6575199451040741
0.79,3.2841153520314936,-2.4941153520314936
3.3,2.3258754005104727,0.9741245994895271
0.37,0.9309485089418897,-0.5609485089418897
-0.62,-0.5317612299372009,-0.08823877006279912
-0.65,-0.5493023614749076,-0.10069763852509239
3.8,3.7516026570456975,0.048397342954302314
2.33,1.2467821364421483,1.0832178635578518
0.24,0.7082734130490964,-0.4682734130490964
10.7,6.257990419070607,4.442009580929392
0.37,0.3257877987250648,0.04421220127493519
5.66,8.802690383289708,-3.1426903832897075
7.31,7.790797176699295,-0.4807971766992951
5.58,4.220869622008656,1.3591303779913444
13.15,12.470286717681157,0.6797132823188434
6.98,4.609298460078973,2.3707015399210274
2.56,1.6167642758568677,0.9432357241431324
0.12,0.10464490816887417,0.015355091831125822
2.25,6.448829085451637,-4.198829085451637
-0.26,-0.09406525936501114,-0.16593474063498886
-0.39,-0.11548476043393126,-0.27451523956606877
-0.58,-0.5256505111604197,-0.05434948883958024
-0.09,0.45876603842401653,-0.5487660384240165
-0.44,-0.13171738824469692,-0.3082826117553031
-0.64,-0.49417233763268237,-0.14582766236731765
4.36,4.124018238379434,0.2359817616205664
-0.58,-0.3896806176213688,-0.19031938237863116
6.15,3.825676696215173,2.324323303784827
-0.25,0.4671598637173749,-0.7171598637173748
1.27,1.032885081211492,0.237114918788508
1.12,1.4485128871426083,-0.3285128871426082
0.99,2.257066992224192,-1.2670669922241922
4.06,3.046605220753823,1.0133947792461768
1.03,0.30671863073861944,0.7232813692613806
1.8,2.6175047116994263,-0.8175047116994263
12.89,10.97200350971344,1.9179964902865603
3.56,2.1261966265942647,1.4338033734057354
0.71,1.2365174657066824,-0.5265174657066825
1.28,3.5954498109794137,-2.3154498109794135
-0.1,-0.36325389216726456,0.2632538921672646
0.46,2.124124138955977,-1.664124138955977
-0.22,-0.37714695459097486,0.15714695459097486
16.26,14.825684565133878,1.4343154348661233
-0.22,0.6951727444168276,-0.9151727444168276
0.38,1.840187954029722,-1.4601879540297218
1.56,2.436984453059651,-0.8769844530596509
-0.9,-0.825832119376327,-0.07416788062367308
-0.05,0.18904621450794928,-0.23904621450794927
-0.71,-0.7745670733519258,0.0645670733519258
-0.42,-0.28673627644868943,-0.13326372355131055
12.7,8.86089087126163,3.83910912873837
1.51,0.86066367170316,0.64933632829684
-0.07,0.2276201751428686,-0.29762017514286865
-0.5,-0.1165346733820093,-0.3834653266179907
-0.35,-0.5149066552355198,0.16490665523551984
1.21,3.864928542895027,-2.654928542895027
-0.16,-0.11708770978976889,-0.042912290210231116
1.86,1.3431175960534338,0.5168824039465663
2.81,3.0117273618778606,-0.20172736187786056
2.37,1.7314539525716366,0.6385460474283635
4.98,3.713280787964806,1.2667192120351944
1.7,1.0494453228398248,0.6505546771601751
2.03,1.3529837859503386,0.6770162140496612
1.46,2.6976341797679573,-1.2376341797679573
2.13,1.7817739172812685,0.34822608271873134
-0.7,-0.31085470554553285,-0.3891452944544671
-0.14,-0.45444551417032925,0.31444551417032923
1.19,0.9387490984712638,0.2512509015287362
13.45,7.644899738708456,5.805100261291543
14.83,9.957389676064702,4.872610323935298
0.64,0.17219589045686895,0.46780410954313106
1.04,0.48482876463477237,0.5551712353652276
5.82,3.5383785003360475,2.281621499663953
3.65,2.1023452659842943,1.5476547340157056
2.86,1.484568937704775,1.3754310622952248
0.19,0.17042164681494779,0.019578353185052216
0.34,-0.044724625980167444,0.3847246259801675
5.87,3.786525534688303,2.083474465311697
-0.75,-0.6159626155409349,-0.1340373844590651
2.36,4.416169632553867,-2.056169632553867
0.43,0.8376141855492848,-0.4076141855492848
1.11,0.846242020044649,0.2637579799553511
-0.73,-0.7257518420155085,-0.0042481579844915185
3.49,2.5058516766335135,0.9841483233664867
0.14,-0.17521478431478438,0.3152147843147844
-0.16,-0.32440521659197424,0.16440521659197424
0.55,0.43459434168179856,0.11540565831820149
1.61,1.0009524954176234,0.6090475045823767
-0.01,-0.11431022677418042,0.10431022677418042
0.32,0.11684498265291236,0.20315501734708763
2.83,3.3877696050695216,-0.5577696050695216
0.51,0.01469596387546987,0.4953040361245301
-0.67,-0.22997770853008082,-0.4400222914699192
6.85,4.731103049789989,2.1188969502100106
0.39,0.04103528406644963,0.3489647159335504
-0.15,-0.15474074566383875,0.004740745663838752
7.15,3.7428354882652632,3.407164511734737
6.06,3.7397890356537187,2.320210964346281
0.8,0.6916979050060713,0.10830209499392873
12.42,12.42400337850169,-0.004003378501689525
-0.41,-0.6058452387954062,0.19584523879540622
-0.1,-0.40794011347761855,0.3079401134776185
2.15,3.145239336404007,-0.9952393364040071
0.54,2.6728922529329617,-2.1328922529329617
0.25,0.3110191448310286,-0.061019144831028604
2.16,1.1842594082605278,0.9757405917394724
1.02,0.46682022466904916,0.5531797753309509
1.87,0.9222696771606618,0.9477303228393383
8.99,12.027244387929597,-3.037244387929597
0.08,0.21961544532746075,-0.13961544532746073
5.61,8.377641580146227,-2.7676415801462264
2.83,2.0645274824513162,0.7654725175486838
0.71,0.6502691811887618,0.05973081881123821
1.61,1.669630964356427,-0.05963096435642701
1.1,0.4201333645054375,0.6798666354945626
3.87,4.227643346024345,-0.35764334602434467
-0.8,-0.6396601926418293,-0.16033980735817077
0.7,0.2972984500585122,0.40270154994148777
6.9,6.510409304145791,0.389590695854209
4.48,3.1862088468720904,1.29379115312791
-0.37,-0.05685640576085601,-0.313143594239144
0.01,0.21251716766826584,-0.20251716766826583
1.24,1.6982456876811856,-0.45824568768118557
2.02,1.2131866942713243,0.8068133057286757
-0.6,-0.1723028074591067,-0.4276971925408933
4.68,2.7204238805716954,1.9595761194283043
-0.75,-0.4654213919349888,-0.2845786080650112
-0.85,-0.8779343353849953,0.027934335384995346
-0.46,-0.5095960484931414,0.04959604849314142
-0.07,0.2863378715944729,-0.3563378715944729
1.06,1.4055776767616452,-0.3455776767616452
1.91,0.8869251104555832,1.0230748895444166
0.08,0.9142629816756291,-0.8342629816756292
3.41,2.039748913996435,1.3702510860035653
2.79,5.724534622949229,-2.9345346229492293
-0.17,-0.07928393960730035,-0.09071606039269967
15.86,8.924365119046767,6.935634880953232
4.83,3.080653287185658,1.7493467128143423
-0.09,-0.30963195857376374,0.21963195857376375
1.62,1.102238962244582,0.517761037755418
0.0,1.4798467748780921,-1.4798467748780921
8.32,7.515856398300792,0.8041436016992085
4.08,2.570629459477509,1.5093705405224909
8.96,5.922637147876698,3.0373628521233025
13.62,11.170709097505325,2.449290902494674
4.89,2.599841751617468,2.290158248382532
-0.76,-0.5698187736887173,-0.19018122631128276
0.64,0.48706845306193286,0.15293154693806715
1.51,1.4250699065548604,0.08493009344513958
1.28,1.7639132229176793,-0.48391322291767924
1.21,0.947477079985656,0.26252292001434396
0.22,0.5730571723831732,-0.35305717238317325
0.28,-0.0851135742419971,0.36511357424199714
2.06,4.919621443024222,-2.859621443024222
4.19,3.507547917126242,0.6824520828737586
1.49,0.7086373760062523,0.7813626239937477
4.45,3.1530430049659133,1.296956995034087
0.05,-0.3853359497105645,0.4353359497105645
-0.38,-0.00938105565404674,-0.37061894434595327
6.11,4.2319054103781495,1.8780945896218508
2.2,5.796957645613232,-3.596957645613232
10.95,8.40020465904661,2.5497953409533896
2.01,1.1080980282428383,0.9019019717571615
0.16,-0.07220547284286578,0.2322054728428658
-0.31,0.022625769969579077,-0.3326257699695791
4.86,6.414206326206039,-1.5542063262060388
1.09,0.40458618066103713,0.685413819338963
7.43,8.4362187287927,-1.0062187287926996
18.33,12.524006612495777,5.805993387504222
5.02,4.043432685353732,0.9765673146462674
1.21,1.1566427266598018,0.05335727334019813
-0.59,-0.026263984252965732,-0.5637360157470342
5.15,3.012727337635995,2.1372726623640053
1.94,3.684631119989287,-1.744631119989287
-0.26,0.6164863234919485,-0.8764863234919485
-0.3,0.26367127465620094,-0.5636712746562009
18.8,15.789324705997048,3.0106752940029526
1.79,4.727832825394194,-2.937832825394194
6.11,5.536225617777569,0.5737743822224317
-0.36,-0.12787459356236333,-0.23212540643763666
2.99,1.860508177254035,1.1294918227459652
-0.63,-0.6242354014492161,-0.005764598550783928
-0.24,0.8132240899973877,-1.0532240899973877
2.94,1.4127247344723952,1.5272752655276047
-0.55,-0.5696822145004597,0.019682214500459705
1.87,0.9445643669547079,0.9254356330452922
1.52,2.6895276048195584,-1.1695276048195584
26.41,18.90855655806449,7.5014434419355105
1.12,2.146970469495105,-1.026970469495105
0.14,0.5559044814268139,-0.4159044814268139
1.36,2.5649969738278187,-1.2049969738278186
7.81,8.47216134759082,-0.6621613475908203
6.59,6.321760088562092,0.2682399114379077
1.1,1.1412199714601068,-0.0412199714601067
1.56,4.626949985273859,-3.0669499852738586
1.42,2.215676875690379,-0.7956768756903791
1.86,1.4596009454100343,0.40039905458996583
0.24,0.021615163791754592,0.2183848362082454
5.84,3.156587453336696,2.6834125466633036
-0.63,-0.3192208556658873,-0.3107791443341127
-0.6,-0.6346168051472643,0.034616805147264285
-0.19,-0.1787839795037084,-0.011216020496291612
-0.41,-0.032246068468794506,-0.37775393153120546
3.38,7.585263821707921,-4.205263821707921
0.56,0.5279318976606064,0.03206810233939361
-0.76,-0.7364178665285337,-0.023582133471466316
5.46,10.546490532960473,-5.086490532960473
1.37,2.277063564462458,-0.9070635644624581
-0.42,-0.3546702307735858,-0.0653297692264142
0.27,0.5809809435590984,-0.31098094355909833
0.03,0.20428766992357977,-0.17428766992357977
1.54,0.7100208764770392,0.8299791235229609
2.68,3.6397921784519673,-0.9597921784519672
4.15,2.9175049679058405,1.23249503209416
3.5,2.0035786440063728,1.4964213559936272
-0.38,-0.05293387654066237,-0.3270661234593376
0.88,1.6458113098530547,-0.7658113098530547
2.43,4.7330525435850594,-2.3030525435850593
1.12,4.021838521910817,-2.9018385219108165
0.38,0.42347668981408393,-0.043476689814083924
-0.63,-0.6112763403857288,-0.01872365961427125
-0.35,-0.3188979108074803,-0.031102089192519666
0.94,1.2916615401928726,-0.35166154019287266
0.83,0.31752661896491374,0.5124733810350862
3.47,6.765947958250584,-3.295947958250584
0.43,1.7980679088725227,-1.3680679088725227
0.86,0.6728814232236641,0.18711857677633592
0.28,0.6458547569532662,-0.3658547569532662
4.25,2.609798416849853,1.640201583150147
5.37,7.175331411365984,-1.8053314113659837
-0.88,-0.7766244342029178,-0.10337556579708218
-0.01,-0.13545578063747576,0.12545578063747576
0.5,2.198147836153517,-1.6981478361535172
5.62,5.056362800059273,0.563637199940727
15.87,9.602793032253654,6.267206967746345
12.96,12.886460061700339,0.07353993829966221
4.38,2.43002292714171,1.9499770728582897
-0.25,0.86222129820471,-1.1122212982047102
17.81,16.784464984321723,1.025535015678276
-0.11,0.5586611714901116,-0.6686611714901116
-0.42,0.007288864515162704,-0.4272888645151627
2.99,4.937172525712498,-1.9471725257124977
2.47,1.3656471898355886,1.1043528101644116
-0.45,-0.173988658241678,-0.276011341758322
14.12,10.383212251321043,3.7367877486789567
0.67,0.13109209249473278,0.5389079075052673
0.3,0.056653234797815165,0.24334676520218482
2.91,1.387089668315883,1.522910331684117
9.04,7.7712418063609325,1.2687581936390666
0.13,0.7238797616660282,-0.5938797616660282
0.2,0.13754315940799894,0.06245684059200107
4.57,6.252175602967417,-1.6821756029674164
-0.57,-0.6387569990965957,0.06875699909659572
2.11,1.1441111482191841,0.9658888517808157
0.38,0.026672690742452286,0.35332730925754774
8.27,12.305608014807854,-4.035608014807854
0.14,0.37611690233435907,-0.23611690233435906
0.2,0.5251869640945893,-0.3251869640945893
8.67,6.266239925892441,2.4037600741075593
3.51,4.276079503538092,-0.7660795035380925
4.89,9.265511125878918,-4.375511125878918
-0.27,-0.42478795623858334,0.15478795623858332
-0.43,-0.1420268629410275,-0.2879731370589725
6.54,5.255879981832696,1.2841200181673038
11.48,10.356686318534534,1.1233136814654667
2.84,2.047653600131315,0.792346399868685
1.3,3.492685496673702,-2.192685496673702
-0.09,-0.12325604676679272,0.033256046766792724
0.81,2.667122827710817,-1.8571228277108172
0.75,0.9745632406957124,-0.22456324069571243
0.34,-0.06984381914537667,0.4098438191453767
8.74,11.77928534121063,-3.039285341210629
2.37,2.289974392381981,0.08002560761801902
2.19,2.066773381957373,0.12322661804262713
3.55,2.0734537586648094,1.4765462413351904
3.74,3.5763841788946253,0.16361582110537487
0.15,0.2196467315599887,-0.06964673155998871
7.38,4.568273456367325,2.811726543632675
3.93,2.0381623354980087,1.8918376645019914
0.82,0.7432856499928001,0.07671435000719984
-0.67,-0.4376608594473988,-0.23233914055260124
-0.88,-0.7664773209564986,-0.11352267904350144
8.54,5.186866448882065,3.353133551117934
-0.58,-0.5821556415522077,0.00215564155220771
4.61,8.389285475573363,-3.7792854755733627
-0.06,-0.2076720110031976,0.1476720110031976
1.9,2.1395898263290487,-0.2395898263290488
2.05,1.8506089217327197,0.1993910782672801
-0.54,-0.00044477936750734044,-0.5395552206324927
2.82,3.837511953012789,-1.017511953012789
0.53,1.280369982927361,-0.7503699829273609
-0.42,-0.5496404253345929,0.1296404253345929
0.51,1.683643406164721,-1.173643406164721
-0.81,-0.7871044127058167,-0.022895587294183395
0.69,1.1548739813339228,-0.4648739813339229
1.38,0.648267043990456,0.7317329560095439
2.65,3.2812569181257487,-0.6312569181257488
0.57,0.043965761053083786,0.5260342389469161
-0.72,-0.5242866970430217,-0.1957133029569783
0.06,-0.3048349151689245,0.3648349151689245
-0.33,0.31106657996278647,-0.6410665799627865
-0.64,-0.34070183151048977,-0.29929816848951024
0.28,-0.0300358734785631,0.31003587347856315
-0.28,-0.38023749115814176,0.10023749115814173
4.96,4.2427499292507775,0.7172500707492224
0.98,2.248915150134204,-1.268915150134204
-0.36,-0.39214567032120456,0.03214567032120458
-0.29,-0.11962288642222971,-0.17037711357777027
6.0,7.573506589894091,-1.573506589894091
3.87,2.090859979554376,1.7791400204456242
0.92,2.8999281573549753,-1.9799281573549754
-0.49,-0.03221839961615349,-0.4577816003838465
2.23,2.5987619362568664,-0.3687619362568664
6.07,3.898990274548452,2.1710097254515484
5.84,11.48826680612449,-5.648266806124489
0.99,1.1052338252922755,-0.11523382529227555
0.16,0.0749224528197767,0.0850775471802233
-0.4,-0.4135207841707686,0.013520784170768574
-0.21,0.7062849169176751,-0.9162849169176751
2.0,0.9486036880003457,1.0513963119996543
-0.14,0.6721251040098044,-0.8121251040098044
1.02,1.3857998213738676,-0.3657998213738676
1.08,0.39651718134697206,0.683482818653028
5.1,2.7532415383029587,2.346758461697041
17.7,11.693477717180752,6.0065222828192475
1.61,2.512023520421533,-0.902023520421533
0.72,0.054969974324416075,0.6650300256755839
0.22,0.9280641613594547,-0.7080641613594547
1.3,4.077724173902448,-2.777724173902448
2.03,1.2332904613855316,0.7967095386144682
-0.62,-0.5863171973800261,-0.03368280261997392
3.78,1.8708589515656415,1.9091410484343583
0.95,1.0850528964428696,-0.13505289644286966
3.34,2.0527154291589365,1.2872845708410634
2.45,4.007039132099775,-1.5570391320997752
0.67,1.6227226279857048,-0.9527226279857047
20.35,13.747534952226433,6.602465047773569
3.48,1.8902569690390454,1.5897430309609546
2.57,2.7045231581507463,-0.13452315815074645
0.19,-0.12260639379150633,0.31260639379150634
-0.09,0.4225712615025049,-0.5125712615025049
3.31,2.3808364768580885,0.9291635231419115
0.88,1.7526123168929724,-0.8726123168929724
0.52,0.18447012024131004,0.33552987975869
-0.3,0.1869195617409601,-0.48691956174096007
0.25,0.7127920199466962,-0.46279201994669616
0.27,0.09849192585755046,0.17150807414244956
-0.86,-0.6514414562282801,-0.2085585437717199
2.16,1.2339748833875928,0.9260251166124074
1.44,1.6768227742815396,-0.23682277428153964
7.2,10.444893140657939,-3.244893140657939
-0.72,-0.7187669503889225,-0.001233049611077508
8.6,6.10442874352354,2.4955712564764596
6.38,13.715850526757409,-7.335850526757409
3.04,2.521065072860971,0.5189349271390289
0.09,-0.21259505184564612,0.3025950518456461
12.27,11.914613777246371,0.3553862227536282
1.84,1.204083823489781,0.635916176510219
0.69,0.26066807488789884,0.4293319251121011
0.6,0.09442599221347066,0.5055740077865293
13.32,13.076982239945087,0.24301776005491327
-0.86,-0.9088203930682603,0.04882039306826036
11.58,6.861917871078351,4.718082128921649
3.56,3.66437856869814,-0.10437856869813977
0.26,0.26042406289297,-0.00042406289296997857
12.37,10.4748527020365,1.895147297963499
1.19,1.0392336867014123,0.1507663132985877
-0.45,-0.6407536282008001,0.19075362820080005
2.35,3.080162526977673,-0.730162526977673
-0.08,0.7280570947629953,-0.8080570947629953
1.05,0.6854412570287897,0.3645587429712104
3.75,3.0607670031313035,0.6892329968686965
0.63,2.3681838940001043,-1.7381838940001044
-0.39,-0.15480268342209183,-0.23519731657790818
0.16,0.5164136765021813,-0.35641367650218125
0.99,0.6008127936478032,0.38918720635219684
0.92,1.2187148529425704,-0.2987148529425704
4.3,2.753939672003947,1.5460603279960528
0.08,0.795795108817978,-0.715795108817978
-0.05,-0.25656973523162807,0.20656973523162808
2.02,2.404281816309073,-0.3842818163090729
3.59,2.6095982633061214,0.9804017366938784
-0.62,-0.5501213893249726,-0.06987861067502743
2.12,1.6056167117735825,0.5143832882264177
-0.66,-0.5412740730864432,-0.11872592691355688
1.21,2.0378661411669547,-0.8278661411669548
2.64,1.6067011632850086,1.0332988367149916
2.58,1.1133832922028746,1.4666167077971255
1.5,0.6314680523727606,0.8685319476272394
-0.49,-0.6300960954065077,0.1400960954065077
3.6,2.6074067798518183,0.9925932201481817
-0.41,0.23852406155582556,-0.6485240615558255
-0.77,-0.6222548755472395,-0.14774512445276056
8.06,6.070054024698848,1.9899459753011524
7.1,6.10318568122361,0.9968143187763898
0.81,0.668237739349208,0.141762260650792
3.84,4.378759494723301,-0.5387594947233012
1.66,0.7364004788735525,0.9235995211264474
-0.07,0.6677614406626352,-0.7377614406626352
-0.34,0.587467045039407,-0.9274670450394071
1.02,0.3540489483064832,0.6659510516935168
0.21,-0.131060555859894,0.34106055585989403
2.24,1.5357575455370922,0.704242454462908
-0.16,-0.41904957324225567,0.25904957324225564
4.92,7.604746384693317,-2.684746384693317
1.86,3.481961840821662,-1.621961840821662
0.3,0.4391235713434057,-0.1391235713434057
1.06,2.671236277598291,-1.611236277598291
0.16,0.6798974981266146,-0.5198974981266146
0.08,1.1167109037510443,-1.0367109037510442
26.64,31.01463865114127,-4.374638651141268
2.06,1.2706487637282657,0.7893512362717343
7.23,7.915372250514786,-0.6853722505147859
36.06,26.881417742492744,9.178582257507259
0.67,1.547806718166606,-0.8778067181666059
7.86,12.589090959870392,-4.729090959870391
3.12,2.235801915924509,0.884198084075491
0.86,0.346350785389089,0.5136492146109111
-0.15,0.9540079649131709,-1.1040079649131709
20.75,13.583726328932416,7.166273671067584
0.63,0.09701912327911828,0.5329808767208817
-0.84,-0.8687404513296625,0.02874045132966252
5.34,3.343303499244912,1.9966965007550876
0.22,1.3368172001756473,-1.1168172001756473
7.94,11.129444066424208,-3.1894440664242074
4.22,2.883446523784616,1.336553476215384
3.51,1.9169933409112636,1.5930066590887362
65.0,38.80538799367299,26.194612006327013
-0.26,-0.18911550436436167,-0.07088449563563834
-0.29,-0.0458372785609822,-0.2441627214390178
0.64,0.17728795946602544,0.4627120405339746
1.26,3.2582177953441023,-1.9982177953441023
-0.8,-0.6907344600393716,-0.10926553996062849
3.09,2.511843663761439,0.5781563362385609
0.74,0.4461463957693551,0.2938536042306449
1.65,4.058186138900781,-2.408186138900781
-0.16,-0.2142577876676089,0.05425778766760889
3.77,3.5482919700172073,0.2217080299827927
10.59,6.13942912027035,4.45057087972965
-0.87,-0.7323513021158052,-0.13764869788419476
12.04,21.800930887941913,-9.760930887941914
-0.19,-0.23902254206387336,0.04902254206387335
-0.17,-0.09516366924569447,-0.07483633075430554
0.65,0.3771637845199236,0.2728362154800764
0.12,0.5762964437353982,-0.45629644373539824
1.43,1.21470141504685,0.2152985849531499
0.92,1.7137526777111176,-0.7937526777111176
8.15,9.246968259055667,-1.0969682590556662
5.88,4.428205378304947,1.4517946216950532
0.99,0.3021964730778819,0.6878035269221181
0.66,0.3397472927115984,0.3202527072884016
7.98,6.1961620641401645,1.783837935859836
0.67,0.05850011831231594,0.6114998816876841
10.06,8.069993680989448,1.9900063190105524
-0.74,-0.8175466506129437,0.07754665061294375
-0.7,-0.6652045302975843,-0.03479546970241565
2.71,6.133266847625045,-3.4232668476250447
3.08,2.647440156951819,0.43255984304818096
1.47,2.7825669194613614,-1.3125669194613614
0.27,-0.16590980454626017,0.43590980454626016
4.58,2.9682508786274577,1.6117491213725423
8.68,6.371012716757251,2.3089872832427485
2.71,2.8961477150135706,-0.18614771501357064
0.92,0.9603090915828623,-0.04030909158286222
1.48,1.776153912507134,-0.29615391250713397
1.55,3.5652851371726038,-2.0152851371726035
3.54,3.6387172091624387,-0.09871720916243865
-0.81,-0.8760321305836044,0.06603213058360435
1.28,2.268656870153632,-0.9886568701536318
0.02,-0.08603558855139976,0.10603558855139976
-0.74,-0.5097037958460836,-0.23029620415391638
4.45,8.74615404165557,-4.29615404165557
4.57,3.2311794073062465,1.3388205926937538
-0.22,-0.23719351802975472,0.017193518029754717
-0.2,-0.08569688014618611,-0.1143031198538139
13.45,9.158837494179425,4.291162505820575
-0.11,-0.44438011227361024,0.33438011227361025
-0.03,0.311541106885888,-0.341541106885888
8.91,6.706953588444316,2.2030464115556843
0.42,1.272267281149839,-0.8522672811498391
2.43,1.7045930962005944,0.7254069037994058
0.63,0.7527288570790619,-0.12272885707906189
4.16,3.6828177308843055,0.4771822691156946
3.63,3.597257135366918,0.03274286463308185
2.47,1.3530315237161183,1.1169684762838819
5.76,4.174285512545124,1.5857144874548759
0.71,1.3280238781117164,-0.6180238781117164
2.81,3.2147845677429805,-0.40478456774298044
6.98,8.977351332952026,-1.9973513329520252
0.16,0.38814519705816586,-0.22814519705816586
17.21,14.103543669321057,3.1064563306789434
1.9,4.273661465347697,-2.373661465347697
10.62,7.8330323545904665,2.7869676454095327
1.03,2.314349096863665,-1.284349096863665
5.68,4.111688344328562,1.5683116556714376
4.95,6.806544799267228,-1.856544799267228
1.95,2.539370042579927,-0.5893700425799271
4.03,2.3082550695141233,1.721744930485877
4.21,2.4698908149666585,1.7401091850333414
3.42,2.183415402256291,1.2365845977437089
0.06,0.48302566274341935,-0.42302566274341935
2.2,1.4169008269257253,0.7830991730742749
8.88,8.03005632821006,0.8499436717899407
0.55,0.4529171482324339,0.09708285176756615
8.15,5.618808951037089,2.5311910489629117
-0.77,-0.5481456486683393,-0.22185435133166076
1.72,4.295440788309536,-2.5754407883095363
-0.64,-0.12108835648932233,-0.5189116435106776
8.26,8.755548116499762,-0.49554811649976216
2.69,2.068905205319628,0.621094794680372
-0.42,-0.6173839474818187,0.1973839474818187
5.29,3.1212192795440177,2.1687807204559824
4.11,2.969029731614328,1.1409702683856722
2.12,1.5374592896223658,0.5825407103776343
0.41,2.0378843336573187,-1.6278843336573188
3.55,3.3032515144061327,0.24674848559386708
0.14,0.3467098569785379,-0.2067098569785379
1.04,3.4152804864242587,-2.3752804864242587
0.22,1.5489991911810348,-1.3289991911810348
-0.18,0.15975654198250552,-0.3397565419825055
0.78,1.303359771539157,-0.5233597715391569
1.78,0.992813054729873,0.787186945270127
13.23,10.031366986367669,3.1986330136323318
5.65,3.95302499812836,1.6969750018716403
12.39,10.155825028670531,2.2341749713294696
1.33,1.4064055119489756,-0.07640551194897549
1.12,0.34526778041657846,0.7747322195834216
28.02,26.438311076886084,1.5816889231139157
0.9,0.32127151892424377,0.5787284810757563
0.47,0.6855326132159291,-0.2155326132159291
0.16,1.2276305771771399,-1.06763057717714
1.17,1.3636610191648777,-0.19366101916487777
-0.16,-0.4019120634853548,0.2419120634853548
5.75,3.5683723578210422,2.1816276421789578
0.09,0.5884145147693064,-0.4984145147693064
-0.58,-0.7367241029657344,0.15672410296573447
11.43,13.78009714816966,-2.3500971481696595
1.42,0.7023170872826785,0.7176829127173214
3.01,1.5690588973106452,1.4409411026893546
5.96,10.142047705045808,-4.182047705045808
2.79,2.665044790259726,0.12495520974027396
1.68,1.484107813001914,0.19589218699808586
3.82,3.595799442351847,0.22420055764815272
-0.77,-0.7696569815538417,-0.00034301844615836075
21.37,14.368610957507336,7.001389042492665
-0.33,-0.11734769369339357,-0.21265230630660645
0.1,0.14542052278569487,-0.04542052278569486
1.84,6.060099527253853,-4.220099527253853
-0.26,-0.2994385388228936,0.03943853882289361
4.87,7.739814711809806,-2.8698147118098056
0.0,0.405105561910607,-0.405105561910607
-0.66,-0.4148754771346788,-0.24512452286532121
-0.08,-0.23924791539230572,0.1592479153923057
5.75,5.964408361010677,-0.21440836101067706
2.36,1.3405736370257118,1.0194263629742881
9.8,9.858489726061546,-0.0584897260615449
-0.88,-0.9175573455194043,0.03755734551940426
3.71,2.8101760259919826,0.8998239740080174
1.31,1.463891511247807,-0.15389151124780698
0.4,-0.031216113376373304,0.43121611337637333
-0.68,-0.749904678014323,0.06990467801432299
-0.52,-0.11657112216547989,-0.40342887783452014
2.48,5.981511372686201,-3.5015113726862013
-0.54,-0.39295437483127343,-0.1470456251687266
4.66,5.622910486795617,-0.9629104867956171
-0.68,-0.6793405964199025,-0.0006594035800975284
-0.81,-0.7037740709545107,-0.10622592904548933
4.44,3.871594884912406,0.5684051150875944
0.13,-0.1734996665252015,0.3034996665252015
5.37,6.166572057374586,-0.7965720573745863
16.48,26.637563036328558,-10.157563036328558
-0.32,-0.1533452300210369,-0.1666547699789631
10.66,9.200747857040085,1.4592521429599152
0.1,0.16651274568295651,-0.06651274568295651
11.23,6.760302873677016,4.469697126322984
-0.56,-0.4759322438997401,-0.08406775610025996
1.02,1.98185461031433,-0.96185461031433
-0.53,-0.5343648399133506,0.004364839913350571
0.22,0.934329935738546,-0.714329935738546
0.98,0.5361624832981812,0.4438375167018188
1.39,1.3302351394405922,0.05976486055940766
-0.28,-0.5414685776690741,0.26146857766907405
7.28,13.311677242093388,-6.031677242093388
-0.45,0.17257673078289634,-0.6225767307828963
-0.58,-0.15235068898842963,-0.42764931101157033
0.41,-0.15409802318172602,0.564098023181726
3.65,3.2938913584165888,0.35610864158341116
1.14,0.6966754051913309,0.44332459480866904
0.61,1.8735640335995207,-1.2635640335995206
1.97,2.029646979513865,-0.05964697951386522
0.8,3.0171490535183314,-2.217149053518331
10.33,11.593072812056969,-1.2630728120569685
6.44,4.131023607075348,2.3089763929246523
2.09,3.076838639688708,-0.9868386396887083
10.98,14.904985820268694,-3.9249858202686934
-0.17,-0.4943358639418658,0.32433586394186575
5.61,5.971218326640805,-0.3612183266408051
5.73,8.054046613522905,-2.3240466135229045
5.07,9.382811054099642,-4.312811054099642
-0.33,-0.3324846246077696,0.0024846246077696033
5.54,5.933918702486375,-0.39391870248637506
6.46,5.484373109758294,0.9756268902417062
3.35,4.217636105147155,-0.8676361051471546
1.14,3.5214269522803283,-2.3814269522803286
5.59,6.235608560634028,-0.6456085606340283
-0.48,-0.34022647432297587,-0.1397735256770241
-0.38,0.013455926955600732,-0.3934559269556007
1.52,1.5983140766926278,-0.0783140766926278
0.94,2.2754778603858217,-1.3354778603858217
-0.44,-0.12888647218791016,-0.31111352781208984
-0.71,-0.7767045589700141,0.06670455897001415
0.03,0.3829266075516621,-0.35292660755166205
0.94,0.636753344966601,0.303246655033399
2.66,3.190998118497156,-0.530998118497156
6.68,15.501883042943234,-8.821883042943234
-0.28,-0.5322306179732609,0.25223061797326085
2.71,2.0839161123387284,0.6260838876612715
-0.66,-0.5257914789020177,-0.13420852109798231
1.6,1.1777044165869541,0.42229558341304596
0.13,0.6267080509448896,-0.49670805094488957
0.45,0.23361712374875396,0.21638287625124605
5.7,7.190286165895945,-1.4902861658959452
2.82,2.549348600948048,0.2706513990519519
-0.38,0.28674537457798543,-0.6667453745779854
-0.54,-0.3389262089764414,-0.20107379102355866
6.85,11.31392895459501,-4.46392895459501
10.76,13.452286636991387,-2.692286636991387
4.03,3.5198275097801175,0.5101724902198828
5.2,3.8717402504543443,1.3282597495456558
0.47,0.09783900617964089,0.37216099382035905
0.96,1.4422903944985332,-0.4822903944985333
0.05,1.4297090935705403,-1.3797090935705403
3.57,1.540764745483724,2.0292352545162755
0.65,1.778417222938571,-1.128417222938571
-0.41,-0.17943354863577193,-0.23056645136422804
2.4,1.6036218521208325,0.7963781478791674
0.12,0.03866824152605171,0.08133175847394829
6.25,5.083455101388347,1.1665448986116527
4.85,3.2542357850729156,1.595764214927084
4.06,2.510622821309968,1.5493771786900314
3.61,3.665899407365919,-0.05589940736591892
7.93,5.991077918949466,1.938922081050534
-0.22,0.36207769613177815,-0.5820776961317782
4.0,4.5146471580840695,-0.5146471580840695
0.77,3.552677681376074,-2.782677681376074
11.56,15.319005092066503,-3.759005092066502
-0.02,0.406429546915292,-0.426429546915292
4.56,2.7744712473547444,1.7855287526452552
-0.81,-0.810478048326402,0.0004780483264019697
0.76,0.6065765839765925,0.15342341602340748
10.87,6.303374991546039,4.56662500845396
2.44,2.409213754375314,0.030786245624685904
12.71,9.846932848325991,2.8630671516740094
0.17,0.9747389010919223,-0.8047389010919223
-0.3,-0.513546466658163,0.21354646665816296
1.27,2.087164898157022,-0.8171648981570221
1.4,1.4639332046050264,-0.0639332046050265
8.6,5.507203837139057,3.0927961628609424
1.1,2.3433669538215236,-1.2433669538215235
-0.38,-0.5468281016809007,0.16682810168090068
1.35,3.740629581215316,-2.390629581215316
0.95,1.5311088141618001,-0.5811088141618002
-0.19,0.5995212023551731,-0.7895212023551732
-0.41,-0.1373813722983867,-0.27261862770161327
2.83,3.245770239979393,-0.415770239979393
-0.8,-0.6493005519879487,-0.15069944801205137
0.03,-0.15937190488965114,0.18937190488965114
-0.44,-0.522726299510679,0.08272629951067895
-0.15,-0.10869766456990647,-0.041302335430093526
20.13,17.595564578917912,2.5344354210820867
-0.47,0.09142722303094239,-0.5614272230309424
3.06,3.0543146788406452,0.005685321159354828
-0.15,0.6176728485834929,-0.7676728485834929
0.27,1.102493599054312,-0.8324935990543121
9.94,6.068999162307318,3.871000837692682
10.46,8.593775067519154,1.866224932480847
14.53,11.235970363601487,3.2940296363985127
0.72,1.4079768133596215,-0.6879768133596216
5.93,8.363304208963656,-2.4333042089636567
0.42,-0.0990852154665265,0.5190852154665265
3.71,5.43618245835709,-1.7261824583570897
-0.19,-0.4536779023100136,0.2636779023100136
1.04,1.81572732374071,-0.7757273237407101
-0.66,-0.4835022949705975,-0.17649770502940254
2.62,1.7201279533002911,0.899872046699709
-0.22,0.19542343256637268,-0.4154234325663727
0.73,0.4009383614571914,0.32906163854280857
0.93,1.420352883942386,-0.49035288394238596
16.97,12.114296259202376,4.8557037407976225
1.74,0.9599197465635704,0.7800802534364296
0.29,0.023614753850044766,0.26638524614995523
0.22,0.0257100531133963,0.1942899468866037
1.59,1.7121853105834157,-0.12218531058341564
2.16,1.0337946788429617,1.1262053211570384
1.58,4.348787272937838,-2.768787272937838
1.41,1.1222769035550035,0.2877230964449964
22.49,14.834968033880754,7.655031966119244
-0.64,-0.37857397065518533,-0.2614260293448147
-0.43,-0.5915776901414327,0.1615776901414327
1.31,3.102650647234714,-1.792650647234714
-0.82,-0.5485322064430805,-0.2714677935569194
9.47,8.984208916631113,0.48579108336888766
0.32,0.1896166248751989,0.1303833751248011
1.45,1.5717124126254047,-0.12171241262540478
-0.56,-0.004075305942043472,-0.5559246940579565
-0.19,0.3193726004478752,-0.5093726004478751
-0.25,-0.4287540782383048,0.1787540782383048
-0.2,0.04135733160809545,-0.24135733160809547
0.1,-0.09628426497377812,0.19628426497377813
0.19,-0.09762818793700495,0.28762818793700495
0.92,1.8427234613381775,-0.9227234613381775
-0.76,-0.7146850942681912,-0.04531490573180885
-0.75,-0.44088806566649663,-0.30911193433350337
5.69,5.364363667722314,0.3256363322776865
0.41,0.027861169179935804,0.38213883082006417
0.45,-0.007784155259778697,0.4577841552597787
8.01,7.25041163947886,0.75958836052114
1.08,1.306514259924859,-0.22651425992485885
-0.65,-0.45905143564352696,-0.19094856435647306
0.73,0.9954130861312156,-0.2654130861312156
-0.13,0.7076708160490908,-0.8376708160490908
-0.51,-0.37552438165804136,-0.13447561834195865
4.02,3.535849869885746,0.4841501301142537
4.76,2.7110108071457915,2.0489891928542083
3.96,2.6686099147557147,1.2913900852442852
7.12,4.282732681029636,2.8372673189703645
2.83,5.482234008222514,-2.652234008222514
5.13,7.2902256148442275,-2.1602256148442276
6.18,7.006230237968152,-0.8262302379681525
21.27,14.557199073329727,6.712800926670273
0.45,-0.004585038428606295,0.4545850384286063
-0.1,-0.22499069155099793,0.12499069155099793
0.14,-0.15581979015662434,0.29581979015662435
1.63,2.6388556269541636,-1.0088556269541638
6.72,10.129708678198664,-3.4097086781986645
-0.06,-0.3607953834226911,0.3007953834226911
-0.41,-0.29031925473365183,-0.11968074526634814
0.36,0.9064127910165608,-0.5464127910165608
1.21,3.3958984997386588,-2.185898499738659
0.38,0.0834111873577799,0.2965888126422201
0.52,0.71313280608264,-0.19313280608263994
1.03,0.5756322524549852,0.45436774754501486
4.56,5.825328395430213,-1.2653283954302132
4.01,8.363372429708114,-4.353372429708115
2.71,1.7498385890715997,0.9601614109284002
-0.1,0.2364118949706716,-0.3364118949706716
1.23,1.4447864741682739,-0.2147864741682739
-0.48,-0.02535544458933188,-0.4546445554106681
0.46,0.06898102052021625,0.39101897947978376
-0.14,-0.39917044234250343,0.2591704423425034
-0.74,-0.7861313003607494,0.04613130036074942
5.65,10.050495733314518,-4.400495733314518
0.13,0.6165689795224286,-0.4865689795224286
3.78,2.841758372235935,0.9382416277640648
-0.74,-0.5326195811180578,-0.20738041888194214
14.98,19.467319071054476,-4.4873190710544755
18.49,13.596759538265024,4.893240461734974
3.0,4.352067334976127,-1.3520673349761267
1.96,1.6429688245000387,0.3170311754999613
0.37,0.31886161179277567,0.05113838820722433
0.58,1.5155579072122607,-0.9355579072122607
0.54,0.4181755913362258,0.12182440866377425
10.79,14.12539241131708,-3.3353924113170805
0.13,-0.1913504735534784,0.3213504735534784
3.0,3.405002942082474,-0.4050029420824739
0.65,0.14539649794528672,0.5046035020547133
6.83,4.856132533765575,1.9738674662344247
0.0,1.4247672357792263,-1.4247672357792263
2.14,1.0584235392890058,1.0815764607109943
-0.12,-0.36780236571472635,0.24780236571472636
0.93,0.4226398539789495,0.5073601460210506
1.79,2.81475008324647,-1.0247500832464698
0.34,0.7354344730377986,-0.3954344730377986
2.47,1.8635782325572579,0.6064217674427423
1.05,0.563211391512667,0.4867886084873331
2.15,5.822595853524416,-3.6725958535244163
1.63,0.7123694983699,0.9176305016300998
0.21,0.5189596373260109,-0.30895963732601095
0.21,-0.1676226479136274,0.37762264791362743
7.43,9.837498431946388,-2.4074984319463884
1.84,0.9873326609841712,0.8526673390158289
1.72,0.6490320680497743,1.0709679319502257
-0.5,-0.4645272164379864,-0.03547278356201361
0.56,0.30315991353468247,0.2568400864653176
3.05,1.418447916411702,1.6315520835882977
1.57,1.2582483995938512,0.3117516004061489
2.42,3.379561497077796,-0.9595614970777961
-0.14,0.9949622273338129,-1.134962227333813
0.37,0.16557895998153505,0.20442104001846495
3.47,5.118363340628127,-1.6483633406281268
0.44,1.4110496425096541,-0.9710496425096542
3.09,3.5122319199382326,-0.4222319199382327
2.58,2.9692524673158776,-0.3892524673158775
3.33,3.2016514783537744,0.12834852164622568
1.29,3.008122440224912,-1.7181224402249118
2.15,1.518405277337495,0.6315947226625049
0.25,1.3163097828693686,-1.0663097828693686
11.23,18.336092418852715,-7.106092418852715
1.04,1.1093021717925773,-0.06930217179257725
4.56,6.53797347454869,-1.9779734745486905
1.46,0.5616508282710965,0.8983491717289035
2.83,3.082851065039897,-0.25285106503989674
1.15,1.4461549779446208,-0.29615497794462087
-0.64,-0.572416827851445,-0.06758317214855503
21.58,14.630644514767354,6.949355485232644
23.54,18.304962965274242,5.235037034725757
12.33,11.412225868673444,0.9177741313265564
1.78,1.5397861282163807,0.2402138717836193
10.5,11.675863073777988,-1.1758630737779878
5.23,4.366771898672924,0.8632281013270768
1.07,1.2606878879114216,-0.19068788791142155
0.91,0.9487822953939383,-0.03878229539393829
3.14,2.4237427115123484,0.7162572884876517
1.5,1.4891393357172271,0.01086066428277288
-0.33,-0.4796520212217948,0.14965202122179477
-0.79,-0.8208591313521626,0.03085913135216256
1.6,2.4476868157413167,-0.8476868157413167
1.11,2.8315041800862195,-1.7215041800862194
2.7,3.454752192251952,-0.754752192251952
-0.84,-0.7979658357383912,-0.042034164261608775
10.25,13.184400447705482,-2.9344004477054817
0.25,0.44678973376055847,-0.19678973376055847
1.95,1.31145088188549,0.63854911811451
-0.52,-0.4993690162313187,-0.020630983768681332
0.6,0.11528307400498874,0.48471692599501126
2.56,1.7464988776647026,0.8135011223352975
4.63,2.9329398554789425,1.6970601445210574
1.11,2.4742513418508305,-1.3642513418508304
8.37,7.799017066790088,0.570982933209911
0.95,0.9032665690991344,0.04673343090086557
1.94,2.300889697655956,-0.3608896976559559
-0.17,0.5239987572201517,-0.6939987572201517
2.49,1.3464428133317192,1.143557186668281
3.3,1.7541347395966687,1.5458652604033312
-0.19,0.3523438474840406,-0.5423438474840405
0.41,1.5428372564582626,-1.1328372564582627
7.43,9.68640183936512,-2.25640183936512
-0.89,-0.885022946491911,-0.004977053508088969
-0.23,-0.18765844741939885,-0.042341552580601155
-0.32,-0.2872123842389724,-0.03278761576102762
-0.68,-0.5726435759330982,-0.10735642406690182
0.36,1.4894612258647475,-1.1294612258647474
11.45,6.916584488278851,4.533415511721148
4.34,8.060450330037947,-3.720450330037947
3.31,3.8849597852558166,-0.5749597852558166
1.43,2.581377131356402,-1.151377131356402
1.22,0.5929725651842573,0.6270274348157426
0.66,2.430515270598995,-1.7705152705989948
1.45,0.6900288375560262,0.7599711624439738
1.65,1.176681537893016,0.4733184621069839
0.8,0.26346220619571303,0.536537793804287
17.72,12.43336965619843,5.286630343801569
1.77,0.7986136586716011,0.971386341328399
15.61,9.485590802593466,6.124409197406534
-0.77,-0.7358594933286865,-0.03414050667131352
-0.51,-0.4306679877182423,-0.07933201228175774
0.71,1.019720841242403,-0.30972084124240307
0.87,1.5273320281108944,-0.6573320281108944
-0.5,-0.3805008469750198,-0.11949915302498021
3.39,6.041195300458784,-2.651195300458784
8.17,5.892795711604854,2.277204288395146
-0.45,0.08072887659954811,-0.5307288765995481
4.1,2.414480467702324,1.6855195322976755
7.77,7.4931897154359755,0.2768102845640241
0.66,0.07636655882543934,0.5836334411745607
0.03,-0.31361792531723404,0.343617925317234
-0.86,-0.6941495758953017,-0.1658504241046983
0.32,0.9431450848445829,-0.623145084844583
1.57,2.8985813858251444,-1.3285813858251443
-0.46,-0.43938976970763444,-0.020610230292365583
0.81,0.9412410977620533,-0.13124109776205328
-0.13,0.2522160102742348,-0.3822160102742348
1.55,0.6716679082429384,0.8783320917570616
0.63,2.3405219693516983,-1.7105219693516984
-0.67,-0.6416120204504123,-0.028387979549587716
-0.5,0.1286232296360448,-0.6286232296360448
0.44,1.2591121521194908,-0.8191121521194908
-0.7,-0.6933460175442312,-0.006653982455768759
-0.17,0.9437514832002956,-1.1137514832002955
-0.16,-0.43502021833064447,0.2750202183306445
6.34,11.34798582922996,-5.007985829229961
1.22,0.4731615551081503,0.7468384448918497
2.55,5.223473459472403,-2.673473459472403
-0.58,0.006217569953423705,-0.5862175699534237
-0.61,-0.07095546807631159,-0.5390445319236884
-0.03,0.2619641474771969,-0.2919641474771969
1.48,2.2536206699213106,-0.7736206699213106
12.94,8.059680941145658,4.880319058854342
-0.6,-0.36560128773503237,-0.2343987122649676
3.49,4.438875395892226,-0.9488753958922258
-0.8,-0.5500551982758001,-0.24994480172419997
1.05,0.31551446694858004,0.73448553305142
2.47,1.2412273571734158,1.2287726428265844
3.96,2.417452348634727,1.5425476513652732
0.57,1.310170816558953,-0.740170816558953
1.31,2.2784194623290213,-0.9684194623290212
-0.06,-0.12855305575827855,0.06855305575827855
-0.47,-0.19622867708014838,-0.2737713229198516
-0.65,-0.35082123913471863,-0.2991787608652814
7.69,4.688151231708881,3.0018487682911195
9.9,8.875270566988965,1.0247294330110357
1.04,2.3788356073170687,-1.3388356073170686
3.92,4.9013994022414495,-0.9813994022414496
0.64,1.980967521471258,-1.3409675214712582
4.6,4.644224963033581,-0.04422496303358159
0.36,0.27576680702541784,0.08423319297458215
-0.62,-0.4339005090492257,-0.18609949095077427
4.02,2.0964940303570834,1.9235059696429162
2.05,2.103169796118308,-0.05316979611830819
-0.53,0.09128078313695957,-0.6212807831369596
7.61,8.16158568146416,-0.55158568146416
0.81,0.29157960128550703,0.5184203987144931
0.86,0.6743677680437479,0.18563223195625211
0.07,0.4708014993216705,-0.4008014993216705
2.61,3.3807457084962462,-0.7707457084962464
2.63,1.2637171997502588,1.3662828002497411
5.1,3.1879100599093264,1.9120899400906732
10.21,6.376193268803891,3.83380673119611
-0.24,0.45080054312958745,-0.6908005431295874
1.24,0.5558631592934973,0.6841368407065027
15.02,8.318230401566034,6.701769598433966
-0.92,-0.9292332404242926,0.009233240424292521
3.24,6.156811985834779,-2.916811985834779
3.69,3.002886581781106,0.6871134182188938
0.49,2.2828117269949577,-1.7928117269949577
0.48,0.07476995771887876,0.40523004228112125
12.2,24.08372062887274,-11.88372062887274
1.22,1.940023846162832,-0.7200238461628321
1.77,1.0143070737310573,0.7556929262689427
1.31,2.3198734804701138,-1.0098734804701137
-0.63,-0.6765928872867344,0.046592887286734386
0.49,-0.14953825011870597,0.6395382501187059
1.83,4.101922609590434,-2.271922609590434
-0.05,0.7187834297714768,-0.7687834297714768
0.6,0.19048828320908046,0.4095117167909195
-0.51,-0.3181350329588074,-0.1918649670411926
3.87,3.3652507096717574,0.5047492903282427
2.72,4.855059586789756,-2.135059586789756
0.4,1.4242428929089996,-1.0242428929089997
-0.83,-0.670960269050887,-0.15903973094911295
1.54,2.033908302326245,-0.49390830232624516
-0.95,-0.9263282662411325,-0.02367173375886744
-0.26,0.5961985035267879,-0.856198503526788
1.35,1.7214417786766678,-0.3714417786766677
5.76,5.295368142154076,0.46463185784592387
-0.55,-0.7187228070234022,0.16872280702340214
-0.9,-0.7944887688158399,-0.10551123118416017
0.54,-0.021925313765707454,0.5619253137657075
0.22,0.5315348889255807,-0.3115348889255807
-0.23,0.5588298593515342,-0.7888298593515342
0.86,1.8898654260188137,-1.0298654260188136
10.86,7.2786805523882565,3.581319447611743
2.86,2.3271340870058856,0.5328659129941142
0.8,1.4606824724984282,-0.6606824724984282
0.57,1.495261197858544,-0.925261197858544
1.15,2.8730300617191125,-1.7230300617191125
2.93,3.375324328938471,-0.44532432893847096
-0.7,-0.5489716315646713,-0.15102836843532863
-0.46,-0.4379508035679558,-0.022049196432044227
0.61,1.2980869169963858,-0.6880869169963858
5.59,6.542320523398755,-0.9523205233987548
-0.64,-0.2092262351184945,-0.43077376488150554
1.44,5.181798882873835,-3.741798882873835
3.08,1.9240029073188218,1.1559970926811782
46.29,31.9438120947571,14.3461879052429
-0.91,-0.866362904217165,-0.043637095782835034
-0.56,-0.6211267398863812,0.061126739886381176
-0.18,0.30548928747998466,-0.48548928747998465
-0.94,-0.9306311203167318,-0.009368879683268161
1.44,0.7229913386703063,0.7170086613296937
12.96,10.71382118541368,2.2461788145863206
0.34,-0.004221411045027167,0.3442214110450272
0.08,0.5138489191330591,-0.43384891913305906
0.07,0.5020063559087099,-0.4320063559087099
-0.75,-0.7458795211026746,-0.004120478897325364
3.76,3.4957407234861058,0.264259276513894
0.92,0.8701579708907907,0.04984202910920932
2.3,2.517637340163948,-0.21763734016394798
2.36,3.097824613138938,-0.7378246131389381
-0.1,0.16409499988728218,-0.2640949998872822
0.83,0.7218237063531583,0.10817629364684167
0.75,2.936700745409943,-2.186700745409943
2.41,4.598500127020985,-2.188500127020985
0.54,0.052608564008268986,0.48739143599173107
0.66,1.0825675043510135,-0.4225675043510134
0.52,0.15611904513919841,0.36388095486080163
3.97,2.3713229770333246,1.5986770229666756
-0.2,0.4502012288509931,-0.6502012288509931
11.74,7.935390098589957,3.8046099014100436
-0.33,-0.15482024837098207,-0.17517975162901794
35.41,30.835101089466086,4.574898910533911
0.63,2.6027110729428555,-1.9727110729428556
2.31,1.2029190914351877,1.1070809085648123
2.43,2.5367371025874244,-0.10673710258742419
-0.62,-0.5161879204843113,-0.10381207951568872
0.0,1.0482259096409567,-1.0482259096409567
-0.25,-0.45808077716458767,0.20808077716458767
1.64,2.2257795551041784,-0.5857795551041785
0.59,0.6404579323002432,-0.0504579323002432
0.15,1.168325198339631,-1.018325198339631
-0.17,-0.20992952438040613,0.03992952438040612
2.22,1.5162261422298509,0.7037738577701493
5.27,4.849460631571702,0.4205393684282974
3.03,1.831435793778545,1.1985642062214548
-0.43,-0.6065096732241672,0.17650967322416716
10.52,7.468943317535896,3.051056682464104
-0.59,-0.4602953771342316,-0.1297046228657684
0.85,0.7211285706984458,0.12887142930155415
7.77,4.847733162079544,2.9222668379204553
-0.63,-0.02951443554554483,-0.6004855644544552
0.58,-0.01094281364716441,0.5909428136471644
1.06,0.17667016950834957,0.8833298304916505
-0.12,-0.15058308155013067,0.030583081550130675
8.28,8.510782924284909,-0.23078292428490954
-0.69,-0.7125603861003236,0.022560386100323626
-0.66,-0.3074372492119884,-0.35256275078801164
-0.66,-0.7123171789597368,0.052317178959736754
1.66,2.473122236399395,-0.8131222363993953
1.62,2.2158870913477235,-0.5958870913477234
-0.59,-0.5307273951763201,-0.05927260482367991
1.23,1.215917185805269,0.014082814194730897
-0.52,-0.09995077949290651,-0.4200492205070935
-0.79,-0.6337622969626249,-0.15623770303737516
0.52,0.5640327379355529,-0.044032737935552846
4.21,3.4393468493158412,0.7706531506841587
0.76,1.9242025079051666,-1.1642025079051666
1.36,2.593730526950805,-1.233730526950805
6.09,5.051707435559397,1.038292564440603
0.77,1.2714560582756067,-0.5014560582756067
4.31,4.312338424729676,-0.0023384247296762695
5.68,6.002736450579316,-0.322736450579316
7.81,5.275893736149909,2.5341062638500906
0.06,0.1264906486805125,-0.06649064868051249
2.07,1.2902288736191043,0.7797711263808955
-0.43,0.26183920138215344,-0.6918392013821535
0.69,0.8289603005958203,-0.13896030059582032
-0.88,-0.893026660985495,0.013026660985494987
0.28,-0.03272858000109794,0.312728580001098
-0.77,-0.5268681930008154,-0.24313180699918457
2.8,1.6442790099044648,1.155720990095535
2.72,1.6810360324979743,1.038963967502026
6.15,4.102923927591973,2.0470760724080277
0.99,1.0641909038222421,-0.07419090382224214
3.75,4.637084754758775,-0.8870847547587752
1.64,3.938144537745407,-2.298144537745407
0.45,-0.07405424083045314,0.5240542408304532
-0.37,-0.5067371459481265,0.13673714594812647
-0.04,0.688715370017894,-0.728715370017894
2.88,5.570518844978627,-2.6905188449786275
1.86,2.7570048742683837,-0.8970048742683836
-0.53,-0.5297647288568252,-0.0002352711431747867
2.54,2.5967640558640155,-0.05676405586401545
0.86,0.6039031618930673,0.25609683810693273
2.41,1.6903236132154802,0.71967638678452
4.66,4.0167265355597905,0.6432734644402096
0.22,1.2834539276992598,-1.0634539276992598
3.7,7.117169105385213,-3.417169105385213
5.34,4.843186267242441,0.496813732757559
0.85,1.3757478257518914,-0.5257478257518914
3.58,3.031989314597289,0.5480106854027111
-0.63,-0.5236397288591894,-0.10636027114081059
-0.42,-0.047618763138326574,-0.3723812368616734
9.53,8.589643320224864,0.9403566797751353
2.45,3.6120494113399446,-1.1620494113399444
2.27,1.544775903573722,0.7252240964262779
16.55,13.0696026110665,3.4803973889335005
1.26,0.7034654758702878,0.5565345241297122
0.19,1.0702042848595066,-0.8802042848595066
4.21,4.188437183900296,0.021562816099703674
0.94,0.3632643621022393,0.5767356378977606
1.97,1.1528649289748407,0.8171350710251593
14.76,11.74602596004325,3.01397403995675
0.41,-0.10935593163702431,0.5193559316370243
-0.23,-0.237354079088125,0.007354079088124993
10.75,9.845576605389079,0.9044233946109212
4.76,5.823089135137284,-1.0630891351372842
1.87,5.704607826419467,-3.834607826419467
2.67,1.6741647643951987,0.9958352356048012
0.18,-0.01154557330558919,0.1915455733055892
1.31,1.982846084122278,-0.6728460841222779
2.51,2.482880379972812,0.027119620027187707
2.45,1.4276800376291845,1.0223199623708157
8.96,6.11571241865941,2.8442875813405912
3.65,2.05833461418852,1.59166538581148
1.3,0.4745919975613708,0.8254080024386292
5.2,5.969415568059167,-0.7694155680591672
1.74,1.906254027408392,-0.1662540274083919
1.53,2.667077970447354,-1.137077970447354
0.64,0.19843846789571248,0.4415615321042875
0.66,0.24085539589570776,0.4191446041042923
4.52,2.7418460251418653,1.7781539748581343
1.04,0.6896502293831304,0.35034977061686967
11.26,7.092505015171996,4.167494984828004
1.13,1.1175778724553833,0.012422127544616579
-0.53,-0.09484668263641309,-0.4351533173635869
1.8,1.3247778901654055,0.47522210983459456
-0.22,0.7988046292208515,-1.0188046292208515
2.85,2.2016865631942752,0.6483134368057248
-0.6,-0.5143672827339786,-0.0856327172660214
4.29,3.298654917182431,0.9913450828175692
2.42,6.339544430139853,-3.9195444301398528
0.65,0.6477350807275433,0.0022649192724567557
1.08,3.08314611002431,-2.0031461100243098
2.14,1.1836069000197214,0.9563930999802788
0.42,1.7649993615294792,-1.3449993615294793
0.95,0.6482059009123844,0.30179409908761556
0.31,-0.12310989631243278,0.4331098963124328
1.47,1.2637903403177189,0.2062096596822811
2.51,1.2253232575850403,1.2846767424149594
1.04,1.0969895670253265,-0.056989567025326426
8.55,6.902449050858564,1.6475509491414364
-0.23,0.1922552206520593,-0.42225522065205934
6.38,4.587287074528408,1.7927129254715917
0.53,0.4699025663324922,0.060097433667507805
1.26,0.990176650381283,0.269823349618717
-0.55,-0.1470378278349925,-0.4029621721650075
1.97,1.1320057720589736,0.8379942279410264
19.12,10.905534623255402,8.214465376744599
6.03,5.160961220810853,0.8690387791891476
-0.47,-0.5082293832414445,0.03822938324144454
0.27,-0.10444309939821536,0.3744430993982154
2.01,2.1173697147436403,-0.10736971474364054
1.09,0.5683334441687782,0.5216665558312219
3.23,3.144240013499801,0.08575998650019878
27.07,22.078394213382776,4.9916057866172245
-0.86,-0.7288209688427589,-0.13117903115724106
14.69,17.494169314616123,-2.8041693146161233
12.42,7.945732586567803,4.474267413432197
1.17,2.988602263368969,-1.8186022633689691
10.14,15.361457164532013,-5.221457164532012
1.65,2.075559379763608,-0.4255593797636079
0.36,0.25007341055713345,0.10992658944286654
2.03,6.199364946445858,-4.169364946445858
0.04,-0.1196271738137869,0.1596271738137869
-0.54,-0.3756525828246142,-0.1643474171753858
0.95,0.14438569299924964,0.8056143070007503
1.85,5.833892301816175,-3.983892301816175
1.27,4.295414416490731,-3.025414416490731
0.61,0.313540579079021,0.296459420920979
1.66,0.8287116964713092,0.8312883035286908
-0.7,-0.34615092299214517,-0.3538490770078548
3.24,7.300080384350526,-4.060080384350526
3.17,3.033501952938306,0.1364980470616941
2.54,1.85278720448228,0.6872127955177201
2.22,1.763559215733094,0.45644078426690626
1.25,1.9402860238369348,-0.6902860238369348
1.61,3.157038047399342,-1.5470380473993417
4.75,6.835434051272056,-2.085434051272056
3.65,3.332635982461149,0.3173640175388508
3.37,3.6200964516934224,-0.2500964516934223
3.78,2.2809086158408447,1.499091384159155
0.75,0.07366641153759,0.67633358846241
1.77,5.349254849243284,-3.579254849243284
0.17,0.7832615608784091,-0.6132615608784091
1.0,3.3938218788042516,-2.3938218788042516
0.43,0.2884033874612288,0.1415966125387712
5.87,3.837330719125549,2.032669280874451
0.62,0.2389537664095098,0.38104623359049017
3.33,3.1018709107527753,0.22812908924722475
5.6,3.456769240312639,2.1432307596873605
0.18,0.3565675725803448,-0.17656757258034483
2.23,1.498643036961592,0.731356963038408
1.77,1.0031004002762018,0.7668995997237982
2.93,2.1359331158914534,0.7940668841085468
5.87,8.089715425605787,-2.219715425605787
2.73,1.382760384246795,1.347239615753205
-0.53,-0.6254694957885403,0.09546949578854025
0.96,1.9947859122740261,-1.0347859122740262
7.56,7.433969613629651,0.12603038637034825
-0.26,-0.32139738537260615,0.06139738537260614
-0.61,-0.35021056655589916,-0.2597894334441008
6.04,4.76486815350421,1.27513184649579
0.74,1.1006963312967533,-0.36069633129675327
2.81,5.572596491311789,-2.7625964913117893
1.57,2.9335730613954967,-1.3635730613954966
-0.75,-0.5915292858460842,-0.15847071415391578
5.1,3.34473666448661,1.7552633355133898
1.6,1.3247568767431228,0.2752431232568773
-0.16,0.574995600828929,-0.734995600828929
0.34,0.6967597519948792,-0.35675975199487914
-0.45,-0.5276354516523943,0.07763545165239433
0.17,0.18045239894083523,-0.010452398940835217
3.28,2.017485984110609,1.2625140158893906
-0.91,-0.8801891935379088,-0.02981080646209122
-0.61,-0.14825956506567078,-0.4617404349343292
0.07,0.07655534432099566,-0.006555344320995651
1.21,0.9450509760475833,0.2649490239524167
-0.12,1.0235473605691003,-1.1435473605691002
0.5,-0.061362342853567106,0.5613623428535671
3.82,5.878121782961074,-2.058121782961074
-0.54,-0.26273251447403756,-0.2772674855259625
0.1,0.7333924348702996,-0.6333924348702996
-0.5,-0.40309266824059176,-0.09690733175940824
0.07,0.26546145023144974,-0.19546145023144973
0.02,-0.13422244859937368,0.15422244859937367
-0.36,0.3075697229757061,-0.667569722975706
0.12,-0.21741662006763712,0.3374166200676371
1.06,1.2162340642233689,-0.15623406422336883
-0.77,-0.6669898003467042,-0.10301019965329583
15.28,10.359369247822887,4.920630752177113
1.52,1.4570594758163296,0.06294052418367047
-0.25,-0.16210819289335396,-0.08789180710664604
1.9,2.158677243633334,-0.258677243633334
1.04,0.7804264240251542,0.25957357597484587
-0.16,0.058154034972014323,-0.21815403497201433
1.42,2.8080091681399413,-1.3880091681399414
1.25,1.4244504548037724,-0.17445045480377241
-0.38,0.33649307531599865,-0.7164930753159986
0.32,0.22135545465792159,0.09864454534207842
0.08,-0.10540953872590973,0.18540953872590973
5.58,6.367622904797848,-0.787622904797848
5.44,5.595249283603745,-0.15524928360374446
0.65,2.1365587594897266,-1.4865587594897267
2.8,4.66484601135736,-1.8648460113573604
-0.79,-0.8143525559956358,0.024352555995635794
6.55,6.518989344421005,0.03101065557899485
4.96,4.378250417208258,0.5817495827917423
9.3,8.249528055339898,1.050471944660103
6.01,12.030635155784193,-6.020635155784193
-0.73,-0.4312625404111581,-0.2987374595888419
0.22,0.25855513805875163,-0.03855513805875163
-0.12,-0.36311617700991167,0.24311617700991167
-0.71,-0.634656475350589,-0.07534352464941096
3.92,3.2322400480808775,0.6877599519191224
0.28,1.021492379232227,-0.741492379232227
3.13,10.311376307189514,-7.181376307189514
3.36,4.244209767296194,-0.8842097672961944
2.86,2.5235957795354333,0.33640422046456653
3.59,3.378742174236134,0.21125782576386598
8.48,6.139219709164322,2.3407802908356787
2.23,4.697131275130353,-2.467131275130353
-0.73,-0.7424346406425104,0.01243464064251043
0.53,0.2439949442240172,0.2860050557759828
-0.73,-0.35339918962395545,-0.37660081037604454
5.16,3.186573779429426,1.9734262205705742
-0.74,-0.45247437860920786,-0.28752562139079213
19.97,11.75228364658572,8.217716353414279
0.56,0.1610349968537607,0.3989650031462394
-0.02,0.23209567344182475,-0.25209567344182476
5.01,2.9196941245135326,2.090305875486467
2.23,3.475354760698668,-1.245354760698668
0.71,0.19874123540785468,0.5112587645921453
-0.71,-0.42694868602030617,-0.2830513139796938
2.59,3.9537926184834427,-1.3637926184834428
0.61,1.3275506108560942,-0.7175506108560942
6.94,5.93433930141497,1.0056606985850305
0.36,1.160623546181709,-0.800623546181709
0.18,0.039196504456245264,0.14080349554375474
-0.6,-0.6004815526618243,0.0004815526618243693
0.13,1.256096404328473,-1.126096404328473
-0.59,-0.04493083614092533,-0.5450691638590747
4.71,3.641850939853054,1.068149060146946
7.46,6.545539193145002,0.914460806854998
2.49,1.8530838712634947,0.6369161287365055
3.25,4.077082258035058,-0.8270822580350581
14.27,8.566333315219131,5.703666684780869
-0.08,-0.2508919439155464,0.1708919439155464
1.23,0.9464759085556814,0.28352409144431856
1.23,0.3627641210872676,0.8672358789127323
-0.5,-0.43233976918958983,-0.06766023081041017
0.03,1.4066295991985456,-1.3766295991985456
11.98,7.200281677395406,4.7797183226045945
0.32,0.11990184234716143,0.20009815765283856
-0.03,0.2381960834542083,-0.2681960834542083
0.94,1.0428317109141485,-0.10283171091414856
11.12,14.859784416855605,-3.7397844168556063
2.59,2.4126317635589065,0.17736823644109334
-0.52,-0.33368963128088114,-0.18631036871911888
0.13,0.18596982935821682,-0.055969829358216816
5.59,5.077524981847743,0.5124750181522568
11.07,7.233416358193072,3.8365836418069286
0.11,-0.2502845991132574,0.3602845991132574
1.1,2.0651641145042525,-0.9651641145042524
0.1,0.0244037686948791,0.0755962313051209
0.8,1.4189996614695801,-0.6189996614695801
-0.7,-0.7276372612217749,0.0276372612217749
-0.12,0.6818386139508797,-0.8018386139508797
0.15,-0.03892714156485908,0.18892714156485907
-0.93,-0.8708876028913305,-0.05911239710866956
1.06,2.6765921278529823,-1.6165921278529822
-0.42,-0.277540937048147,-0.142459062951853
8.55,5.85394114146094,2.696058858539061
1.37,0.799636144678805,0.5703638553211952
-0.68,-0.6743067756044501,-0.005693224395549978
0.07,-0.19460478253740732,0.2646047825374073
0.9,0.5270364412789866,0.3729635587210134
0.03,0.5036975472887413,-0.47369754728874125
1.37,0.6123367819407134,0.7576632180592867
-0.06,0.1097353436977473,-0.1697353436977473
4.68,6.367358069762921,-1.6873580697629214
-0.23,-0.1220660260693728,-0.10793397393062722
0.13,0.003340910925395897,0.1266590890746041
27.01,24.16669505249756,2.8433049475024426
2.65,7.643982139097242,-4.993982139097241
1.11,1.2983602536050185,-0.1883602536050184
-0.13,-0.10550766188126517,-0.02449233811873483
1.1,0.4352697962097986,0.6647302037902014
6.34,12.060322506575353,-5.720322506575354
1.04,1.3170024266005351,-0.2770024266005351
5.33,3.357936246069941,1.9720637539300592
2.07,4.213178149365741,-2.1431781493657414
0.19,-0.1202684406123071,0.3102684406123071
3.71,2.249199224151298,1.460800775848702
-0.63,-0.775931099159067,0.145931099159067
0.12,0.49415830846847447,-0.3741583084684745
1.87,1.0024885909686259,0.8675114090313742
2.86,4.0617922459121925,-1.2017922459121926
2.94,1.5062899616688052,1.4337100383311947
1.68,4.251155828009339,-2.5711558280093394
-0.33,-0.11962780036574998,-0.21037219963425002
1.28,0.45969013898008104,0.820309861019919
-0.44,-0.538851697449608,0.09885169744960803
-0.1,-0.14118030611202984,0.04118030611202983
-0.04,1.257734916207718,-1.297734916207718
-0.92,-0.8819588496276367,-0.03804115037236333
-0.62,-0.3783258142842672,-0.2416741857157328
-0.51,-0.4155866809870489,-0.09441331901295114
0.8,2.4957454494147906,-1.6957454494147906
2.34,2.216304230892657,0.12369576910734281
1.97,5.288651880421933,-3.3186518804219336
-0.33,-0.4256137657689271,0.0956137657689271
0.37,0.044195775657483075,0.32580422434251693
-0.55,-0.5007631445219193,-0.049236855478080765
0.03,1.1164352177937322,-1.0864352177937322
2.59,4.259310634575188,-1.6693106345751882
12.57,7.938009972685411,4.631990027314589
0.1,0.47772614416174236,-0.3777261441617423
-0.82,-0.780365691397239,-0.03963430860276096
0.26,2.1084744815909913,-1.8484744815909913
1.58,0.7294018021337878,0.8505981978662123
16.66,10.855519065278687,5.8044809347213135
5.32,3.9126444916564607,1.4073555083435396
2.14,2.2981389351241384,-0.15813893512413824
3.3,6.9023793258569,-3.6023793258569006
0.62,1.2011931624662817,-0.5811931624662817
2.35,2.060936264072246,0.2890637359277539
-0.3,-0.0872920930123589,-0.21270790698764108
-0.48,-0.618606841390151,0.138606841390151
2.33,4.5172345311764674,-2.1872345311764674
2.61,2.282144903922813,0.32785509607718666
0.73,0.13552925632496216,0.5944707436750378
4.94,4.133351171365105,0.806648828634895
15.9,9.042859671399807,6.8571403286001935
1.86,2.1330309782668357,-0.27303097826683564
5.43,4.110796027425331,1.3192039725746687
30.26,18.862126979931677,11.397873020068324
0.88,0.35275871942681797,0.5272412805731821
3.15,2.4800082975244853,0.6699917024755146
0.52,0.04755863505305638,0.47244136494694366
0.48,0.38344298888068307,0.09655701111931692
-0.34,-0.5148099547281284,0.17480995472812838
1.56,5.607475727998017,-4.047475727998018
0.61,0.8463935176623206,-0.23639351766232064
1.82,1.0726053981615158,0.7473946018384843
0.84,0.9018339183266492,-0.061833918326649195
0.3,-0.0017289487090879937,0.301728948709088
1.93,1.1809362366685217,0.7490637633314783
0.47,0.6856844305305548,-0.21568443053055486
-0.15,-0.2285077604373959,0.07850776043739591
0.0,0.690461527857599,-0.690461527857599
3.89,2.089849373845913,1.8001506261540872
0.05,0.6168655563196637,-0.5668655563196636
1.18,1.3558580461629226,-0.17585804616292267
0.69,0.9008261976841482,-0.21082619768414823
0.19,1.2239837389173487,-1.0339837389173487
4.58,7.7456204050512865,-3.1656204050512864
2.83,2.9440496706652617,-0.11404967066526162
5.62,4.75102765564975,0.86897234435025
0.82,1.1221666578734124,-0.30216665787341246
2.28,1.1215846872359088,1.158415312764091
1.61,2.7720771057854128,-1.1620771057854127
4.47,3.196769199644813,1.2732308003551869
0.09,0.3118113889780825,-0.22181138897808253
0.49,2.130960397953921,-1.640960397953921
2.52,2.9622333233247566,-0.4422333233247566
1.79,1.0679424490034128,0.7220575509965872
-0.65,-0.3087979971394679,-0.34120200286053215
1.97,4.179263343340753,-2.209263343340753
-0.57,-0.622782972784053,0.052782972784053084
4.06,3.3141601445811,0.7458398554188994
1.02,0.5291845154128912,0.4908154845871088
0.02,1.215715414588609,-1.195715414588609
11.88,9.214109334651924,2.6658906653480763
5.48,3.4566473911180258,2.0233526088819747
3.22,1.5504125129933461,1.669587487006654
-0.68,-0.627601106026552,-0.0523988939734481
1.31,1.4426852936120007,-0.13268529361200065
1.09,0.9767548906390208,0.11324510936097931
0.11,-0.23144625371350117,0.3414462537135012
-0.48,-0.20314265246621208,-0.2768573475337879
2.91,6.533113516515603,-3.6231135165156028
0.26,0.03919613818081952,0.2208038618191805
-0.35,0.4733019639183872,-0.8233019639183872
-0.14,-0.05777791920349068,-0.08222208079650933
-0.81,-0.5981695559193586,-0.21183044408064144
0.56,0.49204771711862494,0.06795228288137511
1.09,1.9054889934059112,-0.8154889934059111
2.1,3.4705196844629618,-1.3705196844629617
4.78,6.158891461920737,-1.3788914619207366
2.01,2.3936995203052343,-0.38369952030523446
1.07,0.49749472277265366,0.5725052772273465
1.49,0.8630494129662071,0.6269505870337929
8.98,10.88911768998554,-1.909117689985539
0.06,0.7421897807635567,-0.6821897807635566
0.95,1.7410031314599408,-0.7910031314599408
0.9,2.425039158436047,-1.525039158436047
5.81,10.334956977755036,-4.5249569777550365
-0.81,-0.7101284506966782,-0.09987154930332187
13.33,8.796385329699648,4.533614670300352
2.62,2.524333804551198,0.09566619544880206
-0.32,0.6486957247244943,-0.9686957247244943
4.38,3.6854271733592303,0.6945728266407696
-0.02,1.3912309754885588,-1.4112309754885588
5.46,14.641194980212859,-9.181194980212858
5.61,3.3790219973487825,2.230978002651218
0.71,1.0314447876418782,-0.3214447876418782
4.05,2.2791008446020626,1.7708991553979372
0.79,2.235604433789912,-1.4456044337899119
5.55,6.263823999245471,-0.7138239992454709
-0.34,0.15859656217332752,-0.49859656217332754
-0.18,-0.41550125615680555,0.23550125615680556
-0.32,-0.3038177280100243,-0.016182271989975683
17.84,14.322422615186172,3.517577384813828
0.2,1.9369764560697016,-1.7369764560697016
6.51,3.405793848315652,3.1042061516843478
1.49,1.143842828804921,0.34615717119507905
3.11,3.812012411715171,-0.7020124117151711
0.52,2.7102059508939833,-2.1902059508939833
-0.46,-0.41530481875135017,-0.04469518124864985
2.63,3.3901716941060456,-0.7601716941060457
4.01,4.971101916937338,-0.9611019169373378
2.92,5.490940325431004,-2.570940325431004
19.34,23.027067755352807,-3.687067755352807
0.59,-0.016410127447405082,0.6064101274474051
2.48,1.5655547028212213,0.9144452971787786
-0.89,-0.9278458667258663,0.03784586672586632
0.04,-0.19212084290877532,0.23212084290877533
1.48,1.8149604598748172,-0.33496045987481726
2.74,7.601517812228956,-4.861517812228956
0.22,0.4618054071240008,-0.2418054071240008
17.19,13.814296264836651,3.3757037351633503
6.0,3.4203908396010645,2.5796091603989355
3.86,2.008008201032064,1.8519917989679358
1.64,2.0731677263105084,-0.4331677263105085
1.02,0.9562055362324465,0.06379446376755349
8.61,7.004451522182264,1.6055484778177354
0.28,0.7530305343301877,-0.4730305343301877
0.64,1.4873733560118498,-0.8473733560118498
2.2,3.079184117677739,-0.8791841176777386
0.5,0.6088140231862827,-0.10881402318628275
0.76,0.5620638924013333,0.19793610759866676
0.59,0.27419069889630376,0.3158093011036962
6.08,4.6001190157308525,1.4798809842691476
-0.02,-0.011004233271551537,-0.008995766728448464
-0.46,-0.21796526581927053,-0.2420347341807295
3.47,3.4953638904544446,-0.025363890454444427
-0.33,0.25843131815000836,-0.5884313181500084
0.14,1.2175682762325362,-1.0775682762325363
5.73,8.554836793715547,-2.824836793715546
2.17,1.2516133369872753,0.9183866630127246
1.03,1.3224709941031463,-0.29247099410314625
2.35,1.4305598881208816,0.9194401118791184
8.96,14.035198305653239,-5.075198305653238
3.03,1.877720413153708,1.1522795868462918
3.82,4.205564375391322,-0.3855643753913225
0.56,2.811179191551561,-2.251179191551561
-0.48,-0.5947395970435048,0.11473959704350478
0.3,-0.18245741605097018,0.48245741605097014
-0.4,0.1286781920337109,-0.5286781920337109
0.83,0.4052706242142414,0.42472937578575853
0.15,1.0460584614564232,-0.8960584614564232
-0.14,-0.45076915666257283,0.3107691566625728
14.5,12.126057927877385,2.373942072122615
1.99,1.4937058626994972,0.49629413730050276
-0.49,-0.4163542331407456,-0.07364576685925439
12.79,9.973897089357848,2.816102910642151
2.83,2.458366515601693,0.3716334843983069
-0.28,0.5156801893126842,-0.7956801893126842
-0.48,-0.33867953649341054,-0.14132046350658944
-0.25,0.704525316225189,-0.954525316225189
1.44,0.622104577406533,0.8178954225934669
9.48,8.287318182640252,1.1926818173597482
1.62,1.04346703714849,0.5765329628515101
0.44,1.1175496634773547,-0.6775496634773548
0.2,0.8814387394685778,-0.6814387394685777
-0.29,0.3648092888036277,-0.6548092888036277
2.69,1.8592521493507201,0.8307478506492798
-0.84,-0.8293578992778027,-0.01064210072219729
1.45,4.636486829624447,-3.186486829624447
5.56,4.762940316309488,0.7970596836905113
-0.45,-0.30627580751019623,-0.14372419248980378
1.62,1.251217599141829,0.36878240085817104
0.26,0.23135427189384966,0.028645728106150348
20.94,15.033260113110437,5.906739886889564
4.56,8.336331691289713,-3.7763316912897134
5.21,4.334921724401495,0.8750782755985052
-0.45,-0.4303909033410336,-0.01960909665896643
0.37,0.3199982671828305,0.05000173281716952
0.78,1.585971213475977,-0.8059712134759769
0.89,2.228699707355276,-1.3386997073552758
-0.35,-0.2937391950494243,-0.05626080495057567
-0.68,-0.3964578167819137,-0.28354218321808633
6.0,9.085606274132072,-3.085606274132072
4.43,2.603878683864388,1.8261213161356116
-0.02,0.22641367371049706,-0.24641367371049705
0.09,1.1515798141681677,-1.0615798141681676
4.81,10.289461568644182,-5.479461568644182
0.98,0.2236575265188646,0.7563424734811354
-0.2,0.5353861154974994,-0.7353861154974994
-0.42,-0.41411183463016543,-0.005888165369834553
7.32,7.095087111552104,0.22491288844789636
2.02,1.3865305642926165,0.6334694357073836
2.48,3.3013020227190157,-0.8213020227190158
1.15,1.4799051257661864,-0.32990512576618647
2.51,3.240382212325713,-0.7303822123257131
11.88,11.191761898480534,0.6882381015194667
-0.75,-0.508951230656399,-0.24104876934360098
4.88,5.144206762003346,-0.26420676200334636
0.11,1.128971330044048,-1.018971330044048
1.91,1.7844105427784127,0.1255894572215872
0.9,1.2438333385070597,-0.34383333850705966
-0.17,-0.19421695881966572,0.024216958819665707
1.03,0.4750506580696783,0.5549493419303217
-0.46,-0.5524791756993648,0.09247917569936476
2.0,5.478968270061043,-3.478968270061043
-0.29,-0.2701514178225739,-0.019848582177426077
0.12,1.1595106202151333,-1.0395106202151334
2.7,2.624936987623306,0.075063012376694
0.19,0.4409718613123827,-0.2509718613123827
6.58,9.950391386204297,-3.3703913862042967
6.43,4.489093310675699,1.9409066893243008
16.81,12.89928803743277,3.9107119625672286
0.33,0.0335853663127366,0.2964146336872634
1.88,1.0371534137956389,0.842846586204361
-0.7,-0.5441175777324236,-0.15588242226757631
1.39,3.3456729176065902,-1.9556729176065903
0.01,0.1547517917866578,-0.14475179178665779
0.02,-0.2780067619787691,0.29800676197876913
4.15,5.913035327223459,-1.7630353272234585
1.8,1.502912305676611,0.2970876943233891
3.41,3.1386530123944625,0.27134698760553766
0.6,2.1633809852234056,-1.5633809852234055
-0.5,-0.6126154252233885,0.11261542522338852
3.12,1.8230761307937806,1.2969238692062195
0.22,-0.22543845826933345,0.4454384582693335
-0.64,-0.6791842086715024,0.03918420867150241
-0.1,1.0022866079373693,-1.1022866079373694
2.62,2.571389966718341,0.04861003328165925
7.6,4.66939646311673,2.93060353688327
-0.56,-0.6542126133103672,0.09421261331036712
-0.32,-0.477744046335559,0.157744046335559
8.1,5.180495655116377,2.919504344883623
10.3,7.432358215126729,2.867641784873272
0.66,1.4185841259221326,-0.7585841259221325
1.17,1.124468065081949,0.045531934918050965
3.19,1.82812975237565,1.36187024762435
0.59,0.251886203747415,0.338113796252585
0.1,0.02664919708476155,0.07335080291523846
-0.58,-0.7034363324005913,0.12343633240059138
19.56,11.755429100453771,7.804570899546228
0.88,0.3598740780578781,0.5201259219421219
2.88,4.421282261208822,-1.5412822612088224
-0.68,-0.6352849423833209,-0.044715057616679155
0.96,0.8909701232507911,0.06902987674920891
5.05,4.233066755043636,0.8169332449563642
1.15,1.8075192208429491,-0.6575192208429492
4.85,3.6292916937416013,1.2207083062583983
4.69,3.382144156219574,1.3078558437804264
14.78,22.528755958409427,-7.748755958409427
0.66,0.5634149122427375,0.09658508775726249
0.07,0.7945486287507144,-0.7245486287507144
-0.42,-0.5669494823656848,0.14694948236568478
-0.6,-0.6608846750312289,0.06088467503122896
1.01,1.2381082531027559,-0.22810825310275584
-0.21,-0.5273424318226048,0.3173424318226048
5.65,3.3626890026017966,2.2873109973982038
1.15,1.5590400519949126,-0.40904005199491267
1.47,3.0858428993132625,-1.6158428993132625
3.99,2.744773387834087,1.2452266121659132
-0.47,0.17027338058670557,-0.6402733805867056
-0.31,-0.49791772172124393,0.18791772172124394
13.7,12.99622030459242,0.7037796954075795
-0.52,-0.262514376234337,-0.25748562376566303
1.54,3.5434122997270596,-2.0034122997270596
6.91,6.000495111598631,0.9095048884013694
0.64,2.3782724886063984,-1.7382724886063983
0.07,0.12258949730955915,-0.05258949730955914
2.19,1.0808525395739468,1.1091474604260532
1.93,1.4131045499814987,0.5168954500185012
1.24,1.9479653769298886,-0.7079653769298886
-0.42,0.37742722177675714,-0.7974272217767571
3.5,5.552595148703739,-2.0525951487037393
-0.1,0.596988356807131,-0.696988356807131
0.5,1.4393921891065218,-0.9393921891065218
1.14,0.4435879290852217,0.6964120709147782
1.25,1.4327088415059765,-0.18270884150597655
8.08,8.952794911910708,-0.8727949119107077
0.49,2.0416142729179265,-1.5516142729179265
1.87,1.171205856832904,0.6987941431670961
-0.46,0.04805047288320235,-0.5080504728832024
8.06,5.788500930334565,2.2714990696654356
-0.57,-0.6233610638936901,0.05336106389369011
-0.24,0.17694646524139468,-0.41694646524139467
1.14,0.5791152306611971,0.5608847693388028
4.21,6.191758913628082,-1.9817589136280818
0.39,-0.14054764247364082,0.5305476424736408
0.07,0.2510715475172857,-0.1810715475172857
1.78,0.844957997733023,0.935042002266977
2.06,5.8968502839277654,-3.8368502839277654
0.49,1.358788746767472,-0.868788746767472
5.08,3.996296787182813,1.0837032128171873
0.87,0.8806779909852639,-0.010677990985263897
0.97,1.0057232769136744,-0.035723276913674384
1.34,3.4749329934663553,-2.1349329934663555
2.12,1.3388424560349685,0.7811575439650316
0.8,2.139114670310191,-1.339114670310191
2.96,2.1246585345900124,0.8353414654099875
4.34,4.130249406927525,0.20975059307247523
-0.51,-0.6351268272313664,0.12512682723136637
3.94,2.4162569574971595,1.5237430425028404
1.45,0.559735017651592,0.890264982348408
-0.23,-0.01256009948416637,-0.21743990051583365
2.61,1.3894703422341161,1.2205296577658837
8.55,7.382457282822616,1.1675427171773851
4.56,2.5116913107513295,2.04830868924867
2.08,3.7419770487226547,-1.6619770487226546
-0.58,-0.12182846501790334,-0.4581715349820966
5.56,3.0092770975556604,2.550722902444339
0.91,0.314776299001711,0.595223700998289
-0.35,0.018490942814357262,-0.36849094281435724
3.85,8.784988522199201,-4.934988522199202
-0.4,0.04089259007157357,-0.4408925900715736
-0.08,-0.04868750080421385,-0.03131249919578615
-0.12,-0.3027563490888208,0.18275634908882082
6.22,4.352168432689464,1.8678315673105361
1.89,1.4057172209775095,0.4842827790224904
4.3,3.1125858279009186,1.1874141720990812
1.51,0.6794984999688345,0.8305015000311655
3.89,4.075676627194037,-0.18567662719403666
0.85,0.2771324703952022,0.5728675296047978
2.92,2.151808737554403,0.7681912624455971
-0.24,-0.016047145241676542,-0.22395285475832344
5.19,3.4397502051844624,1.750249794815538
13.92,15.480418348264022,-1.5604183482640224
-0.75,-0.6807463781969343,-0.06925362180306571
15.03,11.380432278553094,3.649567721446905
1.86,2.0296875369855165,-0.16968753698551642
0.44,1.0330895984546888,-0.5930895984546889
5.43,4.978698116436302,0.4513018835636977
-0.34,-0.5708149201926771,0.23081492019267708
2.54,4.5678678729947535,-2.0278678729947535
-0.17,-0.37858967110797603,0.20858967110797602
-0.29,-0.39536443639071106,0.10536443639071108
2.13,3.147781636114581,-1.0177816361145813
3.89,2.814050575184618,1.075949424815382
6.22,4.703710817463938,1.5162891825360614
-0.72,-0.36198310909396203,-0.35801689090603794
1.03,2.011980994077133,-0.9819809940771329
0.81,0.4750643378149799,0.33493566218502013
0.81,1.5591192304218273,-0.7491192304218273
0.37,0.5427780149283195,-0.17277801492831946
-0.39,-0.4125416309512453,0.022541630951245284
1.92,1.2881129115916512,0.6318870884083487
-0.52,-0.5197543597868514,-0.0002456402131486568
-0.53,-0.1210238429441166,-0.4089761570558834
-0.45,-0.39504310364656336,-0.054956896353436646
2.97,5.870243270134852,-2.9002432701348515
1.13,0.5901653085171721,0.5398346914828278
3.94,1.9636748588740909,1.976325141125909
11.55,7.531850015645687,4.018149984354314
6.59,6.284973281009413,0.30502671899058686
0.95,1.447946093600681,-0.497946093600681
0.49,1.0387970865625398,-0.5487970865625398
0.08,0.2991267667157179,-0.2191267667157179
1.62,0.6005038454125379,1.0194961545874621
0.32,1.3766768307757684,-1.0566768307757683
1.0,0.7956350508499912,0.2043649491500088
0.35,1.3278616780152086,-0.9778616780152086
4.12,2.4805812618742076,1.6394187381257925
0.12,-0.21904529047789462,0.3390452904778946
2.41,1.3910338187163638,1.0189661812836364
-0.69,-0.7626477279214365,0.07264772792143659
4.69,4.349205746006076,0.3407942539939244
13.53,13.048798106284734,0.4812018937152658
4.25,5.879309076755703,-1.6293090767557032
5.16,2.7629653405498393,2.397034659450161
2.95,2.1743022071398057,0.7756977928601945
1.73,1.702605363535858,0.027394636464141975
0.28,0.20784935413680017,0.07215064586319986
-0.41,0.3700523391235508,-0.7800523391235508
0.03,0.012892864106366014,0.017107135893633985
1.56,1.6225612338528992,-0.06256123385289913
5.34,3.9618765365841764,1.3781234634158235
1.87,1.9587916333793016,-0.08879163337930152
-0.64,-0.4334659647512065,-0.2065340352487935
2.43,1.6493480077092855,0.7806519922907147
1.6,3.077233146213783,-1.4772331462137829
5.14,2.9863493541849304,2.1536506458150693
13.01,9.593187114562083,3.416812885437917
1.13,0.5294524191830787,0.6005475808169212
2.55,3.1580973458191326,-0.6080973458191328
2.18,5.028582023798817,-2.848582023798817
7.84,4.795138328212622,3.0448616717873778
-0.84,-0.6764871917134204,-0.16351280828657955
-0.05,-0.3690077432557933,0.3190077432557933
0.04,0.7929120391055618,-0.7529120391055618
6.65,3.7694689920718822,2.880531007928118
5.16,4.154256819260791,1.0057431807392092
2.01,1.1960219865262185,0.8139780134737813
5.82,3.4721319473833874,2.347868052616613
15.84,17.233471903795568,-1.393471903795568
-0.09,1.0716045421997966,-1.1616045421997967
14.11,15.377104124298748,-1.2671041242987489
0.73,1.268099698791769,-0.538099698791769
12.19,7.940127042860826,4.249872957139173
-0.85,-0.6065928558620489,-0.24340714413795106
2.81,1.6757763727443162,1.1342236272556838
18.11,11.711505920952302,6.398494079047698
1.19,3.2445970143992415,-2.0545970143992416
6.76,5.7838213125095645,0.9761786874904352
-0.49,-0.08796182968892019,-0.4020381703110798
0.3,0.6596130911714908,-0.3596130911714908
1.88,3.6248969451760575,-1.7448969451760576
1.61,2.5986706247968825,-0.9886706247968824
-0.18,-0.3232555466690574,0.14325554666905743
22.61,14.371589417398667,8.238410582601333
26.05,15.129591379446397,10.920408620553603
0.87,1.0276780799655767,-0.1576780799655767
-0.08,0.01071079496683626,-0.09071079496683626
5.93,3.5874862824967257,2.342513717503274
3.19,1.6495264874815874,1.5404735125184126
6.55,9.735344818588077,-3.185344818588077
-0.45,-0.1229602564214765,-0.3270397435785235
31.81,18.85242626841702,12.957573731582979
-0.1,-0.23529593999587636,0.13529593999587636
-0.52,-0.07257977267004183,-0.4474202273299582
-0.65,-0.5395402657950616,-0.11045973420493838
3.76,3.5317725178488817,0.2282274821511181
-0.3,0.5044875154702149,-0.8044875154702149
-0.15,0.461286711696539,-0.611286711696539
1.58,0.7051809859141541,0.874819014085846
0.15,1.5707038453624471,-1.4207038453624472
1.37,0.5909077840860911,0.779092215913909
15.39,9.52838069670713,5.861619303292871
-0.23,0.1013826440710701,-0.3313826440710701
-0.6,-0.21724162366760594,-0.38275837633239407
-0.16,0.006998288502330438,-0.16699828850233045
2.05,3.615865536134538,-1.5658655361345382
-0.67,-0.08106151724887482,-0.5889384827511253
1.67,3.155615486430172,-1.4856154864301723
0.7,0.12165005628525928,0.5783499437147407
2.13,4.3335910068907335,-2.2035910068907336
2.29,2.208231600478023,0.08176839952197712
1.47,1.1256658313811028,0.3443341686188972
-0.69,-0.6467335497326056,-0.043266450267394396
0.67,0.11361926005534552,0.5563807399446545
0.03,-0.12026024846770547,0.15026024846770547
0.03,0.6528228483081546,-0.6228228483081546
5.41,3.6118159627021313,1.7981840372978688
-0.78,-0.6826734709107402,-0.09732652908925987
-0.4,-0.2903823073602634,-0.10961769263973664
3.04,1.8744979331551297,1.1655020668448703
-0.84,-0.9143714991878817,0.07437149918788177
0.61,0.7970955142192048,-0.18709551421920478
1.53,2.1098981837131725,-0.5798981837131725
-0.69,-0.7058028269743357,0.01580282697433577
0.61,2.8564588780581235,-2.2464588780581236
1.68,4.491016479612765,-2.811016479612765
14.38,8.326281464561356,6.0537185354386445
1.08,0.9679565836233489,0.11204341637665116
2.59,6.151278406705064,-3.561278406705064
0.1,0.09092669080665461,0.009073309193345397
1.43,4.306478505169328,-2.8764785051693282
5.74,6.492571206381238,-0.752571206381238
2.24,0.9929630376110645,1.2470369623889357
3.87,2.4651624353328896,1.4048375646671105
1.35,1.4083930585986228,-0.05839305859862276
4.41,6.25070790815425,-1.8407079081542497
-0.1,0.041266869963629965,-0.14126686996362997
12.81,10.863842378430896,1.946157621569105
0.29,2.0655353010654047,-1.7755353010654047
-0.37,-0.5312769338041724,0.1612769338041724
0.36,0.46859611114163857,-0.10859611114163858
6.92,3.9444645967197287,2.975535403280271
0.22,-0.01356612679185753,0.23356612679185754
-0.18,-0.261543665594859,0.08154366559485898
0.45,-0.01769312334981982,0.46769312334981983
-0.36,-0.44103265303524436,0.08103265303524437
-0.54,-0.09346827816991872,-0.44653172183008133
1.76,3.2729092601000462,-1.5129092601000462
1.08,1.4264121329508823,-0.34641213295088225
-0.32,-0.5146827210004605,0.19468272100046052
1.81,0.9568065565169852,0.8531934434830148
-0.52,-0.6214073565030557,0.10140735650305566
4.65,9.805620180067017,-5.155620180067016
-0.74,-0.5016704944994653,-0.23832950550053467
-0.14,-0.06660048116363623,-0.07339951883636378
-0.95,-0.8965162678931644,-0.053483732106835546
2.71,1.9008519218880124,0.8091480781119875
-0.77,-0.5187619088810789,-0.25123809111892115
12.25,7.938926777778997,4.311073222221003
0.65,0.04952467706071131,0.6004753229392887
4.38,3.0826796002386287,1.2973203997613711
-0.02,0.33503379354687124,-0.35503379354687126
-0.33,-0.551193942926753,0.22119394292675304
0.19,0.10731733894531958,0.08268266105468042
0.15,1.7782603427608183,-1.6282603427608184
-0.32,0.5639504921626265,-0.8839504921626264
1.82,1.2213686970466275,0.5986313029533725
-0.18,0.29129786268694713,-0.4712978626869471
6.92,8.401300260911656,-1.481300260911656
0.72,0.33218238902365055,0.3878176109763494
9.89,12.061505878614783,-2.1715058786147825
-0.07,0.35859451022127437,-0.42859451022127437
0.68,0.025424697325822723,0.6545753026741773
0.48,0.11305815216401038,0.3669418478359896
0.94,0.7150681247878433,0.22493187521215663
0.12,-0.17548718553083717,0.2954871855308372
5.57,3.381021989926767,2.1889780100732334
-0.68,-0.6343479315039283,-0.04565206849607173
10.2,7.82105366240981,2.3789463375901896
1.38,0.8204543680152143,0.5595456319847856
-0.24,-0.24241187043172555,0.0024118704317255546
9.67,6.366148525416925,3.303851474583075
9.29,5.926560639889903,3.363439360110096
1.61,0.839278886652555,0.7707211133474451
1.75,0.9381671593597951,0.8118328406402049
11.74,11.425776659599425,0.3142233404005754
0.71,1.770339224269614,-1.0603392242696141
-0.26,-0.04018461007661874,-0.21981538992338126
0.7,0.38837140986410984,0.3116285901358901
0.31,0.004975262166445698,0.3050247378335543
1.54,2.9327014219180496,-1.3927014219180496
2.34,1.1960752066191827,1.1439247933808172
-0.44,-0.4884892026999711,0.04848920269997109
0.89,0.8362621017811628,0.05373789821883723
7.49,5.145272369535532,2.344727630464468
-0.21,-0.29339997061670303,0.08339997061670304
6.1,5.099465657044661,1.0005343429553388
4.18,9.460183500880992,-5.280183500880993
4.12,3.479186338309812,0.640813661690188
4.39,3.1791704922360027,1.210829507763997
1.81,2.1751722802775575,-0.36517228027755744
1.36,1.2200768261158514,0.13992317388414865
-0.06,0.30778482998232054,-0.36778482998232054
0.2,0.21583428504852512,-0.015834285048525104
2.13,4.528003054252418,-2.3980030542524178
0.43,1.6715820341500662,-1.2415820341500663
3.69,6.290429785755866,-2.6004297857558663
9.9,8.639049847526172,1.2609501524738285
2.4,1.9808409430975324,0.41915905690246746
2.15,1.148527048383779,1.0014729516162209
3.68,8.866934418927602,-5.186934418927603
5.3,7.345976023968295,-2.0459760239682954
0.24,0.3165122842192767,-0.0765122842192767
11.84,7.869948518934396,3.970051481065604
0.08,0.29879413688048123,-0.21879413688048122
2.9,2.207331082683878,0.692668917316122
0.23,0.4878354217649177,-0.2578354217649177
4.5,3.448630982350143,1.051369017649857
0.7,2.8801754365755476,-2.1801754365755475
3.12,3.3314559951208387,-0.21145599512083857
-0.81,-0.7259047759897916,-0.08409522401020841
3.3,2.4655494893154626,0.8344505106845372
2.07,6.113195228290877,-4.043195228290877
2.37,4.683967294333319,-2.3139672943333185
9.05,10.7636770440039,-1.7136770440038998
2.0,1.0030451407171574,0.9969548592828426
3.33,3.917316999029496,-0.587316999029496
-0.62,-0.5276052427130907,-0.09239475728690927
0.8,2.4085474612235105,-1.6085474612235104
4.13,4.350421686601363,-0.2204216866013633
0.28,0.4595963857079707,-0.17959638570797065
-0.27,-0.45425241461283405,0.18425241461283404
0.65,0.4159762283049697,0.2340237716950303
1.24,0.7373864687370262,0.5026135312629738
9.24,7.825131713610792,1.4148682863892086
0.48,0.42589351243962853,0.05410648756037145
12.93,7.323461105964813,5.606538894035187
4.19,3.0908895359555575,1.099110464044443
0.38,0.8177587573391625,-0.4377587573391625
5.95,5.771497040815865,0.1785029591841356
0.3,0.06759211773809666,0.23240788226190334
2.93,4.95686672503939,-2.02686672503939
-0.52,-0.6044012984627843,0.08440129846278432
-0.86,-0.9233313064966983,0.06333130649669827
1.55,0.98726461357211,0.56273538642789
-0.16,0.06322885225887738,-0.2232288522588774
-0.33,0.10760026106640676,-0.43760026106640676
-0.53,-0.1741661566180343,-0.3558338433819657
-0.06,-0.3572275168990606,0.29722751689906063
9.36,5.6183702962760975,3.741629703723902
2.07,3.735811752539061,-1.665811752539061
1.24,4.020889949476867,-2.780889949476867
-0.13,0.214177792825997,-0.34417779282599703
5.95,3.526450315604871,2.423549684395129
0.95,1.4886152847640737,-0.5386152847640737
1.98,0.9474324788107449,1.032567521189255
3.86,7.419795134389524,-3.559795134389524
2.44,2.3754892825411376,0.06451071745886239
-0.54,-0.5059066159638195,-0.03409338403618056
1.49,0.9661890170604247,0.5238109829395753
-0.1,0.6995068035824151,-0.7995068035824151
0.68,0.17377672015328852,0.5062232798467116
15.56,11.628172955928923,3.9318270440710776
11.46,8.592206832553325,2.867793167446676
0.41,0.7722100341295629,-0.36221003412956293
-0.69,-0.5432427424624829,-0.146757257537517
0.37,0.5154654537780357,-0.14546545377803566
26.12,39.57360452380952,-13.45360452380952
0.15,0.44903804940403497,-0.299038049404035
-0.72,-0.380605178619712,-0.339394821380288
4.85,3.0016186450169777,1.848381354983022
2.56,2.423181003626327,0.13681899637367323
1.17,1.0562278842108037,0.11377211578919622
4.19,2.6349269986224235,1.5550730013775769
-0.29,0.3806189485798645,-0.6706189485798645
0.38,1.383840667062118,-1.0038406670621178
-0.88,-0.8146607148345538,-0.06533928516544618
3.06,2.0293894527634726,1.0306105472365275
-0.08,-0.30955221438451974,0.22955221438451973
5.1,4.350066155013436,0.7499338449865638
-0.11,-0.39393183158941125,0.28393183158941127
-0.11,0.4726333874593796,-0.5826333874593796
2.33,1.6139840249441837,0.7160159750558164
0.45,0.8075235757580413,-0.35752357575804133
0.68,1.3587830004377066,-0.6787830004377066
-0.21,-0.38174483449923374,0.17174483449923375
-0.84,-0.7268443473590573,-0.11315565264094263
1.1,2.4512091096674062,-1.3512091096674061
4.35,3.2410068029051358,1.1089931970948639
8.47,6.375643417465466,2.0943565825345347
2.16,5.638675732088295,-3.478675732088295
-0.92,-0.8517569854975605,-0.06824301450243953
8.27,5.884245273106847,2.3857547268931523
0.32,0.88972786539778,-0.56972786539778
12.82,17.202853385001774,-4.3828533850017735
-0.78,-0.7327393406678725,-0.04726065933212753
9.65,11.21508468696033,-1.5650846869603292
0.29,0.6895991378731213,-0.39959913787312135
0.18,0.5450310776519046,-0.3650310776519046
4.61,2.506775618262281,2.103224381737719
0.52,0.16614081342146367,0.3538591865785363
0.81,1.6023837222283743,-0.7923837222283743
4.46,3.7978340847544723,0.6621659152455277
-0.71,-0.7607882391836983,0.05078823918369835
-0.79,-0.8081715114633531,0.01817151146335305
-0.45,-0.21195366647093852,-0.2380463335290615
-0.42,-0.4197007501653494,-0.0002992498346505723
10.39,5.988907995453264,4.4010920045467365
3.22,7.162721332595352,-3.9427213325953514
-0.35,-0.45118793839112226,0.10118793839112228
2.24,4.60412774207849,-2.36412774207849
3.23,2.494205081835122,0.7357949181648782
8.73,6.617077982605426,2.112922017394575
0.93,0.5893497728020103,0.34065022719798976
1.57,2.9774942154616664,-1.4074942154616663
0.02,0.1962951677876311,-0.1762951677876311
4.56,3.900195953131675,0.6598040468683246
0.5,2.098924008790755,-1.598924008790755
-0.54,-0.24725528487418016,-0.2927447151258199
-0.93,-0.9167042935096856,-0.013295706490314418
1.27,1.055984752367335,0.2140152476326651
4.36,3.693292824286979,0.6667071757130212
9.68,9.22284069364005,0.4571593063599497
1.91,4.77270776028091,-2.8627077602809097
-0.22,-0.13728360041939122,-0.08271639958060878
2.28,1.2826838641726985,0.9973161358273013
-0.79,-0.5349788430571888,-0.25502115694281124
10.38,7.62537769894728,2.754622301052721
1.33,2.419927092193263,-1.0899270921932631
-0.81,-0.7719114011512132,-0.0380885988487869
0.91,0.2389584950802139,0.6710415049197861
0.57,1.4561473221475159,-0.8861473221475159
1.13,0.3588381535442534,0.7711618464557465
11.33,7.720787977550869,3.609212022449131
8.51,7.058569601416546,1.4514303985834536
6.15,4.614959449391957,1.5350405506080431
6.57,6.4500091806253845,0.11999081937461575
0.53,0.8955850351494244,-0.3655850351494244
0.19,1.4635770919660478,-1.2735770919660478
5.51,4.552704091077668,0.9572959089223314
7.79,4.866235616095562,2.9237643839044383
2.36,1.9828355941608273,0.37716440583917255
3.64,4.263489654841748,-0.6234896548417477
1.97,4.355812076904826,-2.385812076904826
3.82,2.5149898126339116,1.3050101873660882
-0.76,-0.6831918632250378,-0.07680813677496223
3.24,4.458896177081931,-1.2188961770819304
0.64,0.04895938157186678,0.5910406184281333
0.51,-0.03291501393512529,0.5429150139351253
7.52,8.51643704288793,-0.9964370428879299
0.87,0.5712985819579567,0.2987014180420433
3.97,2.5493794148153928,1.4206205851846074
2.54,2.480002105592984,0.059997894407016084
13.02,8.105561582714667,4.914438417285332
9.39,7.0007729584745375,2.389227041525463
2.1,4.937908830868255,-2.837908830868255
-0.62,-0.6482172890893485,0.028217289089348507
8.04,4.97023516191509,3.069764838084909
0.71,1.417057346801083,-0.707057346801083
-0.48,-0.029164526670304565,-0.4508354733296954
4.68,8.398630173879354,-3.7186301738793546
11.48,14.092316487227235,-2.6123164872272344
1.86,1.4261144390726108,0.4338855609273893
42.53,24.808420276760273,17.721579723239728
0.76,0.6509840765518223,0.10901592344817768
-0.42,-0.45145753262068195,0.03145753262068196
1.2,0.5010869979479996,0.6989130020520004
1.26,0.971292039285691,0.28870796071430904
6.54,3.8350369094001135,2.7049630905998865
1.55,1.3010207854076394,0.2489792145923606
0.92,3.4170465963665357,-2.497046596366536
1.19,2.1799402700861648,-0.9899402700861648
0.45,0.7032631900852987,-0.2532631900852987
0.09,0.02977422047004107,0.06022577952995893
1.53,1.3977945269220162,0.1322054730779838
0.12,1.807616525739592,-1.687616525739592
1.56,1.4971716023999913,0.0628283976000088
-0.16,-0.032771730636043286,-0.1272282693639567
2.3,4.4831891092139635,-2.1831891092139637
0.42,0.4398796407548833,-0.0198796407548833
-0.42,-0.46960658506846764,0.04960658506846766
17.31,9.631761496085714,7.678238503914285
0.19,0.058967113065037303,0.1310328869349627
1.09,2.395687001729752,-1.305687001729752
6.51,3.977057245395877,2.532942754604123
0.26,0.4705922850891982,-0.2105922850891982
-0.44,0.21549022238122328,-0.6554902223812233
6.37,4.472218222885986,1.8977817771140142
3.97,3.5219432494979634,0.44805675050203675
-0.07,-0.061256435220381,-0.008743564779619004
2.17,2.511775434693825,-0.3417754346938251
3.81,3.0438974251296558,0.7661025748703443
1.82,1.2440451050517658,0.5759548949482343
0.8,0.5004383789389723,0.2995616210610278
0.16,-0.12987323082295252,0.2898732308229525
4.66,3.5986460728854217,1.0613539271145784
-0.92,-0.9073215178857644,-0.012678482114235612
0.61,1.3435490044886718,-0.7335490044886718
-0.79,-0.540561433304898,-0.249438566695102
1.05,0.7239417807648866,0.32605821923511347
5.05,3.410410720941035,1.6395892790589648
-0.18,0.2903689340718389,-0.4703689340718389
0.22,0.924821350399793,-0.704821350399793
0.85,2.1653524552901136,-1.3153524552901135
1.67,2.209529198855998,-0.5395291988559983
0.88,0.4632141658490143,0.4167858341509857
-0.37,-0.50748084434146,0.13748084434146002
1.58,0.7449812833339665,0.8350187166660336
4.07,4.016727984502296,0.05327201549770422
0.63,0.1656284755397548,0.4643715244602452
0.31,0.11768664879772511,0.19231335120227488
8.72,6.577255575494609,2.1427444245053913
-0.12,0.09926302812199327,-0.21926302812199328
3.71,5.990085745303003,-2.280085745303003
0.89,0.7750346940283457,0.11496530597165433
4.78,6.708686536740947,-1.9286865367409467
5.49,3.129733904104055,2.360266095895945
3.71,10.239098267303085,-6.529098267303085
1.36,0.7379104547541506,0.6220895452458495
1.61,1.8366187836969432,-0.2266187836969431
2.27,1.2017589980903247,1.0682410019096753
2.06,0.9845459333512678,1.0754540666487322
1.76,0.8981298887693712,0.8618701112306288
7.23,7.861985104400405,-0.631985104400405
10.44,9.748501026025103,0.6914989739748965
-0.42,-0.10702713451706754,-0.31297286548293246
-0.4,-0.3753205827204605,-0.02467941727953954
1.14,3.488503396083044,-2.3485033960830437
3.39,1.718343066156477,1.6716569338435232
6.95,9.375944482763257,-2.4259444827632572
9.04,7.562584948654259,1.4774150513457398
-0.31,-0.39455611270411417,0.08455611270411417
-0.58,-0.018620726714645923,-0.5613792732853541
6.05,3.4259653850605734,2.6240346149394265
4.68,3.791478976403584,0.8885210235964158
2.38,1.4399833192826845,0.9400166807173154
0.92,1.8400898458113928,-0.9200898458113927
2.33,1.2419567305139891,1.088043269486011
2.16,3.049662021737348,-0.8896620217373479
-0.28,-0.20837702198807817,-0.07162297801192186
-0.63,-0.12450698523117831,-0.5054930147688217
-0.4,0.47089600769464407,-0.8708960076946441
1.78,1.4524600366782854,0.32753996332171464
5.88,6.18757651626269,-0.30757651626269045
0.41,1.7881386688782572,-1.3781386688782573
1.46,2.2239286434719245,-0.7639286434719246
0.49,0.4627396345163798,0.027260365483620208
0.29,0.6587503667438502,-0.36875036674385026
0.43,1.4894522201281224,-1.0594522201281225
0.18,0.21019486392627584,-0.03019486392627585
-0.84,-0.7344882326885321,-0.10551176731146783
0.85,0.1335444475637963,0.7164555524362037
4.07,2.3419696570844226,1.7280303429155777
1.38,1.9391659496172344,-0.5591659496172345
2.96,1.684589551298753,1.275410448701247
0.73,0.2698640770720295,0.4601359229279705
7.74,4.555041308861372,3.184958691138628
7.19,4.709094435982318,2.4809055640176823
-0.4,-0.40524666308707763,0.005246663087077608
3.63,3.268618130347132,0.3613818696528681
2.37,1.5334958508538836,0.8365041491461165
1.6,1.0747907766143796,0.5252092233856205
3.64,2.76973880302699,0.8702611969730101
0.57,0.18457465245566554,0.38542534754433444
-0.26,-0.4042700168119261,0.14427001681192608
1.35,0.7069264053539641,0.643073594646036
-0.48,0.27441853587035997,-0.7544185358703599
0.73,2.8852503334157578,-2.155250333415758
5.12,4.6079202828131995,0.5120797171868006
2.05,1.6501645679299477,0.3998354320700521
0.55,0.928104327444323,-0.378104327444323
1.45,2.350265142587535,-0.900265142587535
-0.52,-0.01846242167525926,-0.5015375783247408
5.26,4.644780911627975,0.615219088372025
2.96,2.040192125139083,0.9198078748609171
2.03,2.820800892190398,-0.7908008921903984
3.78,3.4907514193376037,0.2892485806623961
23.39,13.8062556975108,9.583744302489201
-0.2,0.40670475664585704,-0.606704756645857
2.72,3.4669202217347244,-0.7469202217347242
12.07,7.5578020262285435,4.512197973771457
8.34,6.363993377426011,1.9760066225739887
3.64,3.790265844168319,-0.1502658441683189
0.39,0.6640352991402347,-0.2740352991402347
0.07,0.15112071874330513,-0.08112071874330512
11.71,7.671269760840245,4.038730239159756
5.32,3.4215881328925577,1.8984118671074426
2.04,4.868341229424156,-2.828341229424156
1.17,0.6761000561212378,0.4938999438787621
-0.71,-0.6314897349388224,-0.07851026506117753
-0.34,-0.41984171009277493,0.07984171009277491
3.47,2.098775674026566,1.3712243259734342
-0.18,-0.2829079221786293,0.10290792217862932
3.08,2.799999894923196,0.28000010507680395
0.53,0.981569724350381,-0.451569724350381
2.74,3.6420329493155124,-0.9020329493155121
3.15,5.2679859023296975,-2.1179859023296976
0.25,1.237559044937999,-0.987559044937999
2.98,4.73670166058831,-1.7567016605883103
4.65,4.408533220249697,0.2414667797503034
1.86,2.128092359416915,-0.2680923594169149
2.61,4.0740164833522154,-1.4640164833522156
1.08,1.462337116898679,-0.3823371168986789
15.91,10.628770936767125,5.281229063232875
2.8,1.4189357660851896,1.3810642339148103
1.06,0.44558073308250434,0.6144192669174957
3.81,9.002342601326497,-5.192342601326496
6.96,4.768466180901366,2.191533819098634
2.69,1.4158572061431722,1.2741427938568277
0.59,2.413994201690153,-1.8239942016901534
-0.23,0.26702830177200726,-0.4970283017720073
0.64,1.4082956753356763,-0.7682956753356763
1.14,0.41204034831728076,0.7279596516827191
0.82,0.8017704091852129,0.018229590814787033
2.29,1.683686100356983,0.6063138996430171
1.94,1.362274840639129,0.577725159360871
-0.29,0.25227430352974106,-0.542274303529741
-0.34,-0.40133079010616274,0.061330790106162714
3.35,6.537337679894292,-3.187337679894292
0.35,1.1705509771997946,-0.8205509771997946
0.15,0.3278497233922857,-0.1778497233922857
2.86,1.3979594671196625,1.4620405328803374
-0.07,-0.14045932125810665,0.07045932125810664
-0.91,-0.7619135676820862,-0.14808643231791385
10.27,8.843822105920118,1.4261778940798813
0.44,0.5342515602416659,-0.09425156024166587
-0.38,0.41968780597621225,-0.7996878059762123
3.15,4.881298695161891,-1.731298695161891
5.66,4.240231486023528,1.4197685139764724
30.24,24.064828376346338,6.175171623653661
0.51,1.4103153310544967,-0.9003153310544967
-0.28,0.0015623988371685639,-0.2815623988371686
2.41,5.156484296588487,-2.746484296588487
0.77,1.406175216928126,-0.6361752169281261
3.76,2.848785879576871,0.911214120423129
4.74,3.5899013214339903,1.15009867856601
14.01,9.5589259569291,4.4510740430709
0.41,0.14139124257651817,0.2686087574234818
1.5,1.4451306656416958,0.05486933435830421
-0.44,0.23065584098992362,-0.6706558409899236
7.42,5.42465083560503,1.9953491643949697
4.77,3.3901597823838268,1.3798402176161728
0.44,0.9675475267281413,-0.5275475267281413
-0.87,-0.8576358741382518,-0.012364125861748176
1.72,3.223499150686605,-1.503499150686605
-0.79,-0.7093784940479165,-0.0806215059520835
-0.39,0.15269333179089636,-0.5426933317908964
-0.74,-0.4673476123422454,-0.27265238765775457
1.38,0.7753565793249486,0.6046434206750513
-0.55,-0.6793114291140242,0.12931142911402416
2.6,1.3100873802951858,1.2899126197048143
12.32,11.344852554002989,0.9751474459970115
0.71,1.0232174071309783,-0.31321740713097834
0.76,0.7060054110528199,0.05399458894718012
6.96,5.102249501355627,1.8577504986443731
0.05,0.44961131864103737,-0.3996113186410374
1.55,0.8022311118550627,0.7477688881449374
-0.25,-0.40351391325607805,0.15351391325607805
-0.12,-0.465479554978718,0.345479554978718
5.68,11.291713798577856,-5.611713798577856
-0.6,-0.7244979524850783,0.12449795248507833
-0.03,-0.42727620508625497,0.39727620508625494
0.35,1.6550061376940568,-1.3050061376940567
23.93,22.938478814080735,0.9915211859192645
1.15,0.5222357523770382,0.6277642476229617
9.66,9.682499444145423,-0.022499444145422487
5.91,7.599260020355285,-1.6892600203552846
0.63,0.23763778227597143,0.3923622177240286
0.32,0.14090295236342648,0.17909704763657353
2.3,1.4896605386867128,0.810339461313287
-0.04,0.01845115772658638,-0.05845115772658638
5.47,4.050029252876481,1.4199707471235188
-0.62,-0.4468335658212168,-0.1731664341787832
3.81,2.6027622536069708,1.2072377463930293
0.0,-0.18816111635818275,0.18816111635818275
2.73,2.0438642738881643,0.6861357261118357
-0.17,0.4568383668739069,-0.6268383668739069
1.26,2.4495154900607714,-1.1895154900607714
13.21,9.74270419373272,3.4672958062672805
-0.35,0.13857866644326536,-0.4885786664432653
-0.78,-0.7764756408471892,-0.0035243591528107965
2.98,1.8925571611587895,1.0874428388412105
1.15,0.5374125117289347,0.6125874882710652
0.24,1.088568145127592,-0.8485681451275919
1.69,1.5911166682658884,0.09888333173411157
0.33,0.05546365531015532,0.27453634468984467
-0.52,0.033365688419525794,-0.5533656884195258
-0.6,-0.10186764955402013,-0.49813235044597987
6.97,4.369108513592638,2.6008914864073613
1.93,1.857272124797386,0.07272787520261392
3.87,3.016811441996394,0.8531885580036063
2.84,4.658985217927875,-1.8189852179278754
2.1,1.2145604388828721,0.885439561117128
0.21,0.047207528990211675,0.16279247100978833
0.89,0.6061232548387512,0.28387674516124883
-0.63,-0.3778280585524548,-0.2521719414475452
0.51,0.5387954046499187,-0.0287954046499187
7.61,3.881397743758896,3.7286022562411043
1.06,1.246629074425628,-0.18662907442562804
0.58,0.10428409945602617,0.4757159005439738
1.81,3.1010528717673,-1.2910528717672998
0.13,1.027090376602592,-0.897090376602592
10.59,6.499117235012658,4.090882764987342
3.62,4.227103586609684,-0.6071035866096839
1.66,1.066910250456544,0.593089749543456
-0.3,0.4232333462104713,-0.7232333462104713
4.87,3.062804185526275,1.807195814473725
-0.61,-0.6556342132952873,0.045634213295287274
4.24,2.491199963737082,1.7488000362629181
16.39,13.736704101533038,2.653295898466963
0.8,0.33480474523257747,0.4651952547674226
7.19,4.007850113385162,3.1821498866148383
1.88,1.4663189313050733,0.4136810686949266
8.15,6.685961328866932,1.4640386711330686
-0.28,-0.4303933305367215,0.1503933305367215
4.48,3.282208030249762,1.1977919697502384
-0.22,-0.016501509764181535,-0.20349849023581845
13.22,11.04845193213218,2.171548067867821
9.53,5.808769420305568,3.7212305796944314
3.98,6.664932500473611,-2.6849325004736113
4.68,4.781450498883824,-0.10145049888382385
5.66,5.832061232573459,-0.1720612325734585
2.91,2.7997118216012646,0.1102881783987355
-0.4,-0.4082253704516485,0.00822537045164845
10.56,9.432495873562235,1.1275041264377652
0.66,1.0958881692138502,-0.4358881692138502
1.67,1.4351050700664891,0.2348949299335108
1.51,2.254785052407165,-0.7447850524071649
-0.58,-0.5248963580501259,-0.05510364194987405
1.84,2.314300622220439,-0.4743006222204389
9.39,8.894125126955549,0.49587487304445155
2.63,2.384122507416437,0.24587749258356295
7.82,7.282645692618101,0.5373543073818992
8.84,7.876717720492591,0.9632822795074087
3.33,3.4041728964796953,-0.07417289647969527
7.33,4.934849939799522,2.3951500602004785
1.55,3.6178763613842224,-2.067876361384222
0.7,0.6915746716359872,0.008425328364012774
1.33,0.6511867076512705,0.6788132923487296
1.22,2.43006635463679,-1.2100663546367902
2.36,2.2668339070094556,0.09316609299054424
0.08,0.03683155244256275,0.043168447557437255
0.77,2.712327935987287,-1.942327935987287
-0.09,0.16943667477386473,-0.25943667477386473
0.4,1.5226299388696223,-1.1226299388696224
5.08,5.977544279677205,-0.8975442796772048
2.96,6.685542228846361,-3.7255422288463613
2.63,3.697474095300961,-1.0674740953009612
-0.65,-0.3135400520875864,-0.3364599479124136
2.82,1.5820650138847332,1.2379349861152666
9.35,5.910213812441096,3.4397861875589033
1.61,3.031703980861375,-1.421703980861375
0.56,0.17481916730093724,0.3851808326990628
2.27,2.3210690411795167,-0.051069041179516717
1.37,3.325230401081439,-1.955230401081439
1.09,3.030169662625011,-1.9401696626250111
2.9,3.033431900944498,-0.13343190094449797
3.23,5.74738507476247,-2.5173850747624704
1.1,1.9972917519507283,-0.8972917519507282
-0.68,-0.3146034009615325,-0.36539659903846755
2.19,1.7841170058193534,0.40588299418064655
2.48,5.019137804574757,-2.539137804574757
1.29,1.4178060677279092,-0.12780606772790915
-0.55,-0.14640182380686856,-0.4035981761931315
0.73,0.1591581244628713,0.5708418755371287
0.26,0.17720087633218956,0.08279912366781045
0.0,0.2909945660426605,-0.2909945660426605
1.42,1.399318507506182,0.0206814924938179
0.04,0.12277592073754484,-0.08277592073754483
-0.73,-0.7518148732373436,0.021814873237343657
4.46,6.781381666999429,-2.3213816669994287
1.12,1.792478260686757,-0.672478260686757
3.55,3.4261459954023077,0.12385400459769214
2.26,2.0958056356226424,0.16419436437735735
-0.34,-0.521641286854989,0.18164128685498898
-0.11,0.04321338882570781,-0.1532133888257078
-0.25,0.007435105370039893,-0.2574351053700399
5.07,2.9367566413825474,2.133243358617453
1.04,1.1008812729146662,-0.06088127291466616
-0.38,-0.015159300140180585,-0.36484069985981943
-0.23,0.24834144235899255,-0.47834144235899256
2.4,1.8429610003137498,0.5570389996862501
2.63,2.3879087006895943,0.24209129931040563
-0.12,-0.406286395638211,0.286286395638211
2.98,1.8143928961825493,1.1656071038174507
3.11,6.406091956610723,-3.296091956610723
1.35,0.45803744780167893,0.8919625521983212
1.35,1.4106879069083134,-0.06068790690831327
-0.29,0.5637365315843648,-0.8537365315843648
2.92,6.054942849606796,-3.134942849606796
-0.09,1.0193630096262902,-1.1093630096262903
0.7,0.7451842021035916,-0.04518420210359164
1.7,4.250178276328731,-2.5501782763287304
0.51,0.65812110111417,-0.14812110111416998
-0.1,0.08387725107760195,-0.18387725107760194
1.79,1.7085159061729995,0.0814840938270005
0.07,1.4446520927406974,-1.3746520927406973
1.05,0.9955121145443244,0.05448788545567562
6.65,12.8044804378493,-6.154480437849299
0.92,0.44799399847153915,0.4720060015284609
4.02,5.409899794726778,-1.3898997947267784
6.29,7.655025403601865,-1.365025403601865
1.01,0.675040396567038,0.33495960343296205
7.04,4.112269184623842,2.927730815376158
3.85,6.110107813165371,-2.2601078131653707
0.45,1.2583841615458295,-0.8083841615458296
1.28,1.2952598616364932,-0.015259861636493177
-0.26,-0.24706917565653158,-0.012930824343468428
0.52,1.4069774310788754,-0.8869774310788754
0.71,0.24305927701933905,0.4669407229806609
2.5,3.1501047443231633,-0.6501047443231633
-0.82,-0.7576213659507315,-0.06237863404926847
0.48,0.03644738884160535,0.4435526111583946
0.68,0.6144618153033387,0.0655381846966614
2.37,1.0573772302034325,1.3126227697965676
8.94,7.524099368848978,1.4159006311510218
0.2,-0.12160906193651178,0.3216090619365118
3.86,5.122240485397052,-1.2622404853970521
1.6,1.9545095323027113,-0.3545095323027112
8.44,6.077595046995762,2.362404953004238
1.72,3.1710412059069353,-1.4510412059069353
5.2,10.027047084456376,-4.8270470844563755
-0.3,-0.510482257490609,0.21048225749060906
0.75,2.814877856324199,-2.064877856324199
-0.42,-0.23639140692125077,-0.18360859307874922
7.58,4.454345917796489,3.1256540822035115
1.3,1.443089579363606,-0.143089579363606
-0.79,-0.7414087792465043,-0.048591220753495756
1.68,0.981807992176864,0.698192007823136
0.64,1.4168695979839678,-0.7768695979839678
-0.89,-0.7711264886850221,-0.11887351131497792
0.2,0.7747315616494289,-0.5747315616494288
-0.62,-0.15913265074344027,-0.4608673492565597
0.74,0.7790306076773013,-0.039030607677301266
-0.8,-0.7406836907452897,-0.05931630925471032
0.46,1.0953111833322948,-0.6353111833322949
1.33,1.3780626715273734,-0.04806267152737331
-0.91,-0.897365042108279,-0.012634957891720977
-0.62,-0.3730116290328447,-0.2469883709671553
-0.09,0.5475926304580838,-0.6375926304580838
-0.65,-0.35896870464733494,-0.2910312953526651
-0.23,0.13072305441429022,-0.3607230544142902
-0.7,-0.7050122587104948,0.005012258710494821
0.53,0.05643100234477944,0.4735689976552206
-0.3,-0.43516429536958584,0.13516429536958585
0.8,1.3473223853340093,-0.5473223853340092
-0.31,-0.5313235653839834,0.2213235653839834
10.51,7.958685321662316,2.5513146783376834
2.99,5.125043287491938,-2.1350432874919374
0.99,0.7777317473233891,0.21226825267661087
0.25,-0.02521501536360439,0.2752150153636044
-0.72,-0.5668012369662906,-0.15319876303370938
-0.7,-0.6155733074298475,-0.08442669257015245
9.14,6.073041031178456,3.0669589688215444
4.91,7.974623209353619,-3.064623209353619
-0.35,-0.42903946288674644,0.07903946288674646
-0.6,-0.6475309471899603,0.047530947189960315
-0.49,-0.3987394082266096,-0.09126059177339041
0.1,0.19197253307238538,-0.09197253307238537
-0.19,-0.4181032293270135,0.2281032293270135
0.19,-0.0830553714536185,0.2730553714536185
8.7,6.432507078703891,2.2674929212961086
0.83,0.3954707836240345,0.4345292163759655
17.28,10.32193008523809,6.958069914761911
3.16,2.2701858117149025,0.8898141882850976
5.45,5.7383075147374685,-0.2883075147374683
9.85,6.6366627405008565,3.213337259499143
0.51,0.5011326202362768,0.008867379763723204
0.63,0.17870989260620104,0.45129010739379893
-0.33,-0.5225386171244161,0.19253861712441606
-0.88,-0.8618984965526016,-0.01810150344739836
1.93,1.0393807117891414,0.8906192882108586
-0.07,0.9695302535138165,-1.0395302535138164
-0.04,0.7820591275326767,-0.8220591275326767
5.21,3.592861942387279,1.617138057612721
5.41,5.566211304174018,-0.1562113041740183
12.35,25.443261953147477,-13.093261953147477
4.88,5.014163085176657,-0.13416308517665687
0.88,1.3385054352549957,-0.45850543525499565
4.66,5.0197808021876575,-0.3597808021876574
5.49,11.754909776988654,-6.264909776988654
1.63,0.8237260761276399,0.80627392387236
3.41,2.0693130595541813,1.3406869404458188
-0.47,-0.1013314772747613,-0.36866852272523865
-0.74,-0.7546247944210116,0.014624794421011611
6.53,6.228035985076616,0.3019640149233842
1.85,1.4240782366911207,0.42592176330887943
4.66,4.216804177961994,0.4431958220380059
0.08,-0.10990219098543934,0.18990219098543934
4.47,3.2298053433434792,1.2401946566565205
0.97,1.6019432066881336,-0.6319432066881336
10.43,5.9219826239089555,4.508017376091044
-0.67,-0.5387218197825145,-0.1312781802174855
-0.77,-0.501574740066311,-0.26842525993368904
0.36,0.3058382958875564,0.05416170411244359
2.08,1.8057782115295398,0.2742217884704603
-0.68,-0.31729170174796406,-0.362708298252036
-0.12,1.1343547560571638,-1.2543547560571637
5.67,4.360470861625151,1.3095291383748489
0.45,0.3067669837726998,0.14323301622730022
2.59,2.4150236085817878,0.17497639141821208
3.23,3.3547351059644592,-0.12473510596445925
-0.41,0.45766829761354577,-0.8676682976135457
-0.22,-0.1544971766541369,-0.0655028233458631
0.65,1.4550209615334122,-0.8050209615334122
2.35,2.831846586843034,-0.4818465868430337
-0.31,-0.43755063930324384,0.12755063930324384
-0.38,-0.1272532694298993,-0.25274673057010066
0.0,0.2268314290035363,-0.2268314290035363
1.97,1.2028161066995673,0.7671838933004327
4.24,4.475209741057003,-0.23520974105700265
6.9,6.564075286970574,0.33592471302942606
9.39,11.60335340255507,-2.21335340255507
4.01,8.101597681483845,-4.0915976814838455
2.65,4.233045116612502,-1.5830451166125017
2.43,1.10533198439517,1.32466801560483
0.11,0.8026152406975046,-0.6926152406975046
3.17,1.780458594397479,1.3895414056025208
1.46,0.8873261096664925,0.5726738903335075
0.85,1.7229800928428893,-0.8729800928428894
5.64,3.438331526902735,2.2016684730972647
4.93,6.3184551195554945,-1.3884551195554948
2.22,0.9580987205883431,1.261901279411657
8.43,6.415665386266733,2.0143346137332667
5.21,5.966734822542366,-0.7567348225423665
-0.02,1.0197101498425,-1.0397101498425
-0.01,0.5582501424339088,-0.5682501424339088
-0.2,-0.29101021542569916,0.09101021542569915
0.16,0.550652357985496,-0.390652357985496
0.05,0.48642972200232265,-0.43642972200232266
1.03,2.8192712583820922,-1.7892712583820922
0.53,1.961828399551068,-1.4318283995510679
0.83,1.5572058715146864,-0.7272058715146864
-0.62,-0.2019380751077617,-0.41806192489223826
2.07,2.186022123791757,-0.11602212379175736
1.13,2.5839081443546053,-1.4539081443546054
3.67,4.521892650576333,-0.8518926505763327
0.28,0.6458215541616547,-0.3658215541616546
5.26,6.458258927494083,-1.1982589274940834
9.16,12.813505579025017,-3.6535055790250173
-0.77,-0.44670258788734285,-0.32329741211265717
-0.02,0.14126612700422495,-0.16126612700422494
1.08,3.057166999463767,-1.9771669994637668
0.6,0.3832864103328927,0.2167135896671073
-0.76,-0.6081792002346035,-0.15182079976539653
0.69,0.1958470531567464,0.49415294684325356
0.52,-0.04457872355171421,0.5645787235517142
9.35,14.866495544332643,-5.516495544332644
-0.3,-0.25763887919025735,-0.042361120809742636
1.06,0.6631073891402312,0.3968926108597689
1.27,1.6899643001371907,-0.41996430013719066
-0.86,-0.9001297084131926,0.04012970841319263
2.64,3.069149142431319,-0.42914914243131896
12.43,8.069128483219753,4.3608715167802465
17.29,10.86071124669293,6.42928875330707
0.27,1.8101302231114047,-1.5401302231114047
8.63,6.592992137411446,2.0370078625885544
2.45,1.4814118082287007,0.9685881917712995
0.44,2.0474881474779654,-1.6074881474779654
-0.7,-0.30179346156211867,-0.3982065384378813
-0.53,0.1368831658040131,-0.6668831658040131
0.79,1.3627911917318551,-0.5727911917318551
-0.75,-0.5513598113346525,-0.1986401886653475
0.66,0.7132387411835436,-0.05323874118354355
0.02,0.12372337410377651,-0.10372337410377651
7.44,5.799726627817947,1.6402733721820537
-0.05,0.1848745838867492,-0.2348745838867492
5.84,4.095635132046887,1.744364867953113
2.63,4.081239881041724,-1.4512398810417242
8.65,5.98332536097864,2.6666746390213607
-0.8,-0.7719026485597222,-0.028097351440277807
-0.1,-0.14788967006663498,0.04788967006663497
0.28,0.49944092046044364,-0.2194409204604436
4.71,5.820744407518676,-1.110744407518676
-0.07,0.8627385489732756,-0.9327385489732756
-0.84,-0.8443064088831846,0.004306408883184676
2.44,3.315801237749338,-0.875801237749338
1.24,2.8095002720787106,-1.5695002720787106
0.48,0.5889627827701974,-0.10896278277019744
1.01,0.5119061029058548,0.4980938970941452
-0.58,-0.6457776528949833,0.06577765289498338
0.74,0.5911105353345708,0.14888946466542918
4.36,2.5101076607313604,1.84989233926864
1.32,0.6395194993628475,0.6804805006371526
4.16,2.8352630097981626,1.3247369902018375
2.62,2.048386030371258,0.5716139696287419
-0.23,0.15873500471504273,-0.38873500471504274
6.58,4.751225368645662,1.8287746313543378
-0.42,-0.4553303229104536,0.035330322910453626
-0.56,-0.5483565740273051,-0.011643425972694965
0.45,0.481814802268796,-0.031814802268796016
-0.76,-0.537021062538919,-0.222978937461081
2.29,3.619491699458462,-1.3294916994584618
23.57,16.444891090112687,7.125108909887313
6.93,13.701650626819779,-6.771650626819779
1.3,1.5505267425754514,-0.2505267425754514
-0.47,-0.6690455893821633,0.19904558938216332
-0.69,-0.5430289598539633,-0.14697104014603668
3.14,2.129221497109676,1.0107785028903242
1.85,2.2952395740371934,-0.4452395740371933
2.48,6.90933514906254,-4.42933514906254
3.55,4.942314638267603,-1.392314638267603
5.32,6.458810724599634,-1.138810724599634
0.02,0.5858652807244785,-0.5658652807244785
3.87,2.380238952039959,1.489761047960041
2.26,1.8644319955534563,0.3955680044465435
14.61,9.88137946390982,4.72862053609018
8.72,4.374669511880838,4.345330488119163
-0.79,-0.8230585025765895,0.03305850257658949
-0.44,0.2861436877983034,-0.7261436877983034
-0.47,-0.2982403332651622,-0.17175966673483778
2.94,5.0818910938310955,-2.1418910938310955
1.02,0.37602173059009564,0.6439782694099043
-0.19,0.1498408437904286,-0.3398408437904286
0.47,1.6339394100015396,-1.1639394100015397
0.98,2.212972010253275,-1.2329720102532749
0.21,0.34415132310664626,-0.13415132310664626
1.08,2.017149245582026,-0.9371492455820261
12.38,7.860400117033453,4.519599882966547
12.29,19.35207435491887,-7.06207435491887
0.14,0.22826871807178867,-0.08826871807178865
-0.49,-0.5693025868962749,0.0793025868962749
1.36,1.4141730597865318,-0.05417305978653175
4.36,5.516979392235651,-1.1569793922356508
1.18,1.096924331924305,0.083075668075695
0.25,-0.0860879988238994,0.3360879988238994
-0.65,-0.4045244704917132,-0.24547552950828683
1.71,4.307947012721241,-2.5979470127212414
2.23,3.6409433712485315,-1.4109433712485315
3.22,2.472951193756111,0.7470488062438894
2.95,4.725679191583759,-1.7756791915837589
-0.38,-0.3265101705636356,-0.05348982943636438
2.86,1.725188261742173,1.1348117382578269
0.06,1.0238902584052394,-0.9638902584052393
-0.24,-0.0004174587475280807,-0.23958254125247191
0.1,0.5081154466912061,-0.40811544669120614
1.63,1.3157545853474004,0.3142454146525995
0.18,0.0892903520005929,0.09070964799940709
2.2,1.7921186211882365,0.4078813788117637
4.02,4.081892976570284,-0.061892976570284475
-0.29,-0.12478909744031505,-0.16521090255968493
1.15,1.0588819404673138,0.09111805953268615
2.22,2.5108003981637226,-0.2908003981637224
-0.43,-0.43066075017770855,0.0006607501777085578
5.64,4.502258752572877,1.1377412474271225
3.35,2.662857708279487,0.6871422917205132
-0.8,-0.8408063173553907,0.04080631735539064
14.34,10.899532307943286,3.440467692056714
0.99,0.6038315926058414,0.3861684073941586
9.03,11.277743303535825,-2.2477433035358256
0.54,0.6907768672612146,-0.15077686726121453
2.97,1.4775231516147258,1.4924768483852744
4.09,2.2010342456424588,1.888965754357541
-0.07,0.014632864928254406,-0.08463286492825442
0.61,1.084084526969495,-0.474084526969495
1.09,1.0543566140291631,0.03564338597083694
2.49,1.8780692144741313,0.6119307855258689
0.4,0.3743003526850652,0.025699647314934848
-0.82,-0.6264754676339757,-0.1935245323660243
-0.75,-0.7182449221780207,-0.03175507782197928
6.4,3.95691040438895,2.4430895956110503
7.61,5.635384405447422,1.9746155945525787
-0.26,0.4821538620899457,-0.7421538620899457
1.54,0.9252190718135894,0.6147809281864106
0.42,0.517792596830249,-0.09779259683024905
2.17,0.9180119672490032,1.2519880327509967
3.35,4.633966175595876,-1.2839661755958756
7.06,9.581112884459799,-2.521112884459799
2.6,2.015188129196426,0.5848118708035739
10.73,9.131543990848607,1.598456009151393
0.92,0.435347977322555,0.48465202267744506
-0.42,-0.4235313293130414,0.003531329313041398
1.69,1.7229464167524509,-0.03294641675245091
-0.46,0.24917354432369823,-0.7091735443236983
0.37,1.4314498854996507,-1.0614498854996506
9.86,6.179958939109997,3.6800410608900025
1.96,1.4730999610340032,0.48690003896599676
-0.67,-0.7003932632298963,0.030393263229896217
4.77,10.730222272477343,-5.960222272477344
0.53,0.21511865201698532,0.3148813479830147
3.08,2.7578406738604935,0.3221593261395066
7.2,4.75206521188997,2.4479347881100297
1.06,1.3581238846509125,-0.29812388465091244
0.21,1.8554078924042017,-1.6454078924042017
4.25,10.060224933999917,-5.810224933999917
-0.4,0.4448076372363188,-0.8448076372363188
0.61,0.24121465567323605,0.3687853443267639
0.96,0.9348648137022423,0.025135186297757683
-0.34,-0.3189718195014168,-0.021028180498583238
3.85,2.2153012761329585,1.6346987238670416
1.06,0.3929464613393008,0.6670535386606993
-0.54,-0.17968501480405277,-0.3603149851959473
0.23,-0.019667010979919058,0.24966701097991906
4.82,4.663823565585567,0.15617643441443363
7.92,10.39015665086795,-2.470156650867951
12.71,9.637951682033464,3.072048317966537
6.11,6.1266170234937,-0.016617023493699534
7.26,7.518726617587549,-0.25872661758754933
21.69,14.947663152590948,6.742336847409053
-0.41,-0.12093445438045566,-0.28906554561954434
2.66,1.7778028494114635,0.8821971505885366
-0.25,-0.1077554657769848,-0.1422445342230152
0.73,0.4538061892867346,0.2761938107132654
0.04,-0.24229901007821822,0.2822990100782182
-0.33,-0.12241042174772898,-0.20758957825227103
0.11,-0.14442275809764551,0.25442275809764553
0.0,-0.3161869374250315,0.3161869374250315
8.06,4.694074755931172,3.365925244068828
-0.95,-0.8961682872225303,-0.053831712777469676
3.76,5.211611950970519,-1.451611950970519
4.75,3.1323304137905255,1.6176695862094745
-0.87,-0.8278239266720692,-0.04217607332793083
4.17,2.4758144437732104,1.6941855562267896
13.05,14.150799612954462,-1.1007996129544608
0.43,0.8580813957249899,-0.4280813957249899
19.91,24.596549158096668,-4.686549158096668
-0.55,-0.6192903888752292,0.0692903888752292
13.48,8.384680757215612,5.095319242784388
2.9,1.669823565872544,1.230176434127456
2.16,3.566786827744505,-1.4067868277445048
9.91,7.014313917537604,2.8956860824623964
3.62,8.276513969231507,-4.656513969231507
-0.31,0.5023639423372306,-0.8123639423372306
2.25,1.7622969376233337,0.4877030623766663
-0.42,0.09442850487472951,-0.5144285048747295
-0.58,-0.5105715434521504,-0.06942845654784957
-0.17,0.032543430107941314,-0.20254343010794132
0.92,0.5867643521728272,0.33323564782717285
7.28,8.383364968876556,-1.1033649688765559
-0.87,-0.9088016288848674,0.03880162888486738
0.5,0.8663786198231956,-0.36637861982319564
-0.04,0.1330761339482323,-0.17307613394823232
13.63,7.970198065804402,5.659801934195599
2.11,1.9989836157849625,0.11101638421503734
-0.65,-0.6141233184321219,-0.035876681567878155
0.06,0.970519531510602,-0.910519531510602
6.94,6.015904783520214,0.9240952164797864
11.9,18.03484670294751,-6.134846702947511
3.66,2.091991650160291,1.568008349839709
1.34,1.2730769461066376,0.0669230538933625
1.67,0.9392979444708132,0.7307020555291868
1.18,0.640786686826838,0.5392133131731619
0.7,3.2974872689444608,-2.5974872689444606
0.37,-0.10853125452387455,0.47853125452387457
-0.42,-0.5104168544098655,0.09041685440986552
3.6,2.233263808586668,1.3667361914133322
6.16,5.907563538340799,0.252436461659201
4.91,2.516775141808209,2.393224858191791
0.91,0.7009583411712533,0.2090416588287467
1.3,1.4248730757665635,-0.12487307576656348
10.12,9.98953844778602,0.13046155221397981
2.59,2.7872120153664204,-0.19721201536642052
27.45,15.367469432812344,12.082530567187655
0.35,0.8936528935344887,-0.5436528935344888
-0.23,-0.4079601193833679,0.1779601193833679
1.5,0.9031486131287083,0.5968513868712917
2.65,2.2245443228300816,0.4254556771699183
1.02,2.027791310284673,-1.0077913102846732
1.52,0.619317444731962,0.900682555268038
12.48,9.23739628056275,3.24260371943725
1.48,2.700891580667413,-1.2208915806674132
3.27,1.6353776704137297,1.6346223295862703
3.86,3.5335103375674364,0.3264896624325635
-0.23,-0.42655561711301704,0.19655561711301703
2.66,1.5331957691193496,1.1268042308806505
-0.69,-0.8124906148969944,0.12249061489699442
-0.15,-0.06698681999306522,-0.08301318000693478
5.54,3.3264732720939802,2.21352672790602
-0.81,-0.5977320428248587,-0.21226795717514135
1.46,0.7469377641000231,0.7130622358999769
1.61,1.987125355220464,-0.37712535522046386
7.04,6.0474645573397945,0.9925354426602055
1.34,0.7086851335608535,0.6313148664391466
8.69,7.262832581114362,1.4271674188856371
-0.26,-0.2667661799734635,0.006766179973463515
3.57,2.2876010990871585,1.2823989009128414
0.53,1.4413004670751441,-0.9113004670751441
-0.88,-0.8189056563341908,-0.061094343665809236
0.22,0.9382355876699046,-0.7182355876699046
0.14,0.21653933117291652,-0.0765393311729165
10.36,8.034767891828263,2.325232108171736
21.04,14.095410991197472,6.944589008802527
-0.46,-0.2316925380809338,-0.22830746191906623
3.75,2.830496993378297,0.9195030066217029
2.31,3.4204161736131984,-1.1104161736131983
3.99,6.678730111777055,-2.688730111777055
0.35,0.7075891022214346,-0.3575891022214346
-0.88,-0.9234828212336,0.04348282123360003
0.15,0.2916735725161464,-0.1416735725161464
7.76,5.872427321374319,1.8875726786256806
-0.74,-0.5805888615885126,-0.15941113841148735
1.15,1.8462700771101148,-0.6962700771101149
0.35,0.2159790649860656,0.1340209350139344
3.28,4.2352063038313785,-0.9552063038313787
-0.57,-0.30441042817917696,-0.265589571820823
2.43,8.017573302371506,-5.587573302371506
-0.72,-0.3747171123315253,-0.34528288766847465
-0.45,-0.367825976690268,-0.082174023309732
0.45,0.828962610941953,-0.378962610941953
1.74,1.0994576536855625,0.6405423463144375
1.03,0.22622079804317688,0.8037792019568232
-0.78,-0.5126975489911099,-0.26730245100889016
15.02,18.504990279132862,-3.4849902791328624
9.89,5.537218291773552,4.352781708226448
6.73,8.333293662452967,-1.6032936624529661
-0.82,-0.8733230264512521,0.0533230264512522
2.07,2.1146623980602275,-0.04466239806022765
1.76,0.7265400117872586,1.0334599882127415
5.95,6.50274173241471,-0.5527417324147095
-0.21,0.29308200330739664,-0.5030820033073966
0.42,0.7292846602000519,-0.3092846602000519
2.02,1.1049526087494221,0.9150473912505779
-0.43,-0.4547060890011647,0.02470608900116472
-0.6,-0.7416474023412686,0.1416474023412686
1.95,1.469504046649902,0.48049595335009787
1.38,1.559776301078359,-0.17977630107835907
12.29,13.277257494865713,-0.9872574948657142
3.38,2.0249054494320764,1.3550945505679235
0.25,0.9938919633982178,-0.7438919633982178
2.8,4.833435970361598,-2.033435970361598
2.62,1.8819018219910015,0.7380981780089986
1.45,2.363393895387842,-0.913393895387842
2.02,2.1616177970505017,-0.1416177970505017
-0.83,-0.8855662615344251,0.05556626153442512
3.92,2.19375324123398,1.72624675876602
-0.27,-0.30317233902110874,0.03317233902110872
-0.78,-0.7627643790564883,-0.01723562094351172
1.37,3.327658531709262,-1.9576585317092619
1.94,2.4662032902407787,-0.5262032902407787
3.06,1.472090940395008,1.587909059604992
-0.18,0.6473393313839196,-0.8273393313839197
0.02,0.6385801796959995,-0.6185801796959994
4.04,2.386054231003272,1.6539457689967278
4.32,8.558453473224004,-4.238453473224004
0.93,0.8464440676802806,0.08355593231971947
1.1,1.0019463178058348,0.09805368219416533
0.58,2.349860401393795,-1.769860401393795
0.57,1.4127280325003242,-0.8427280325003242
1.11,1.3299833664923175,-0.21998336649231742
2.0,4.5551331415434495,-2.5551331415434495
0.62,1.5676158970178042,-0.9476158970178042
8.67,12.81782089371538,-4.14782089371538
6.85,4.889887301297814,1.9601126987021855
-0.58,-0.7437522085334582,0.1637522085334583
2.0,1.4223046030490025,0.5776953969509975
2.27,6.276112985554066,-4.006112985554067
4.96,4.419241223033621,0.5407587769663786
1.29,1.488907940866506,-0.19890794086650598
0.25,1.3873323311331769,-1.1373323311331769
1.42,1.5869609554857476,-0.16696095548574763
-0.47,-0.37109931719757144,-0.09890068280242853
-0.58,-0.4422973249581607,-0.13770267504183925
-0.53,-0.008924489390147994,-0.521075510609852
0.82,1.2481138874110245,-0.4281138874110245
2.48,2.174290882557129,0.30570911744287077
3.28,2.4924477600634014,0.7875522399365984
2.97,1.9651578090115633,1.0048421909884369
0.27,0.07191490849270227,0.19808509150729775
4.19,6.616877552874339,-2.4268775528743385
1.63,3.513780894274381,-1.883780894274381
-0.58,-0.698183208234905,0.11818320823490502
6.06,5.947628659764032,0.11237134023596784
0.15,-0.11431201793750882,0.2643120179375088
0.32,0.18346596577312538,0.13653403422687463
0.95,0.12285622434847136,0.8271437756515286
0.86,0.10191393794229474,0.7580860620577052
1.18,2.239115126190573,-1.0591151261905731
0.14,0.2283283825119037,-0.0883283825119037
5.03,2.8087657234578582,2.221234276542142
2.18,2.4789487665184646,-0.29894876651846447
-0.17,-0.3798140014246266,0.2098140014246266
0.61,0.8292077163807615,-0.21920771638076153
0.13,0.911814294968793,-0.781814294968793
-0.35,-0.3070447206687104,-0.042955279331289564
4.22,2.5730413784521873,1.6469586215478125
-0.58,-0.6817098041367544,0.10170980413675446
-0.46,-0.5810020850348635,0.12100208503486348
2.16,2.682499766475715,-0.5224997664757147
-0.53,-0.4601222708970364,-0.06987772910296364
4.59,8.507427941347,-3.9174279413470003
8.29,8.398278678357226,-0.10827867835722671
-0.04,0.034508005391374566,-0.07450800539137456
3.4,3.788071399977461,-0.388071399977461
1.35,0.7212425489400466,0.6287574510599535
0.58,2.1089066608280858,-1.5289066608280857
-0.74,-0.7955113019510679,0.055511301951067904
0.63,0.5088237503385116,0.12117624966148843
1.39,0.8134394128736142,0.5765605871263857
2.81,1.4149541070526066,1.3950458929473935
-0.48,-0.13953188988343979,-0.3404681101165602
1.9,2.480707305224286,-0.5807073052242862
0.01,1.011002534232235,-1.001002534232235
0.71,1.2360085024102345,-0.5260085024102346
-0.59,0.04163016382692891,-0.6316301638269288
0.83,0.2810076055307885,0.5489923944692114
-0.29,-0.14808196612569355,-0.14191803387430643
0.58,0.6723296508940031,-0.09232965089400313
5.68,7.595679253298626,-1.9156792532986264
0.42,-0.11113416002693156,0.5311341600269316
6.82,5.934150831482725,0.8858491685172751
-0.64,-0.4227514279682056,-0.21724857203179443
2.72,1.2790426090963627,1.4409573909036375
0.3,0.276833357176242,0.023166642823757966
-0.57,-0.11682263315684215,-0.4531773668431578
3.03,2.4825655658862784,0.5474344341137214
4.86,4.436294040772919,0.42370595922708176
4.02,3.194060925021548,0.8259390749784514
1.74,1.8095363847469965,-0.06953638474699653
12.83,9.61890614660449,3.2110938533955107
4.08,2.7667007140185156,1.3132992859814845
3.28,4.321294411931938,-1.0412944119319385
0.09,-0.34241031669285793,0.4324103166928579
2.68,5.1983019928702845,-2.5183019928702843
-0.72,-0.45753837511653805,-0.2624616248834619
-0.3,0.038909708700601474,-0.33890970870060144
0.11,0.8309333828801676,-0.7209333828801676
3.85,4.724757490104558,-0.874757490104558
0.62,2.262638765490363,-1.642638765490363
-0.15,-0.2453022039777098,0.0953022039777098
-0.22,-0.36958645952047436,0.14958645952047436
0.63,0.1168069620912614,0.5131930379087386
0.76,0.3197577130837688,0.4402422869162312
-0.63,-0.6496551535515778,0.019655153551577764
16.49,10.630626519535591,5.8593734804644075
5.64,5.091864601876944,0.5481353981230557
-0.15,0.32856284365323185,-0.4785628436532319
0.98,2.5316079978892154,-1.5516079978892154
2.22,1.5241296972373608,0.6958703027626394
9.44,11.614730822764319,-2.174730822764319
6.6,4.3570717815326745,2.242928218467325
0.0,1.0447551311259475,-1.0447551311259475
10.2,14.28345858750182,-4.08345858750182
-0.56,-0.5700873304938275,0.010087330493827484
2.48,7.3895618807786,-4.9095618807786
-0.36,-0.605630283401218,0.24563028340121806
1.9,2.794681618685458,-0.8946816186854583
-0.11,-0.316838511296435,0.206838511296435
-0.07,-0.37852600380785795,0.30852600380785794
0.64,1.4356288121156242,-0.7956288121156242
1.47,2.7193945324648627,-1.2493945324648628
-0.91,-0.8223084748471178,-0.08769152515288225
-0.64,-0.3211331608155369,-0.3188668391844631
-0.19,0.8599406497585615,-1.0499406497585615
1.24,0.9104943093383696,0.3295056906616304
0.21,0.6399463225666501,-0.4299463225666501
-0.53,-0.43398474998484565,-0.09601525001515437
4.79,10.80103618845468,-6.011036188454679
0.18,0.8777384309983318,-0.6977384309983319
1.43,3.487826835751945,-2.0578268357519454
2.19,2.307086866163209,-0.11708686616320918
5.13,3.7005459771959006,1.4294540228040993
-0.24,0.6778779260393688,-0.9178779260393688
8.41,8.689810416389909,-0.27981041638990867
11.61,6.553544264557482,5.056455735442517
1.72,2.5850745306448273,-0.8650745306448273
1.64,4.92211665802932,-3.28211665802932
-0.35,0.5387185508591893,-0.8887185508591893
-0.15,-0.3007840332608245,0.15078403326082448
3.76,2.123633000062155,1.6363669999378447
1.72,2.0728385038860533,-0.3528385038860533
3.39,3.551152040874018,-0.1611520408740179
-0.61,-0.5805930008427935,-0.02940699915720646
0.97,0.47260488322452476,0.4973951167754752
0.65,0.41945159246689756,0.23054840753310246
2.74,1.3381770791664496,1.4018229208335506
2.02,2.5940143905047877,-0.5740143905047876
0.62,1.2313925810825794,-0.6113925810825794
1.1,0.9658635414202069,0.13413645857979317
13.25,9.024235156358673,4.225764843641327
12.74,9.916002895495675,2.8239971045043255
-0.29,0.7885378320493293,-1.0785378320493293
5.33,4.4924225080959586,0.8375774919040415
-0.37,0.24900573339608872,-0.6190057333960888
-0.22,-0.4418943149331264,0.22189431493312642
-0.19,0.012222777746711037,-0.20222277774671105
0.91,0.2902631061670456,0.6197368938329544
6.52,8.627643282727316,-2.1076432827273166
3.39,5.537361979606265,-2.147361979606265
-0.72,-0.4966883991883009,-0.2233116008116991
7.05,4.411079883307308,2.6389201166926917
1.11,0.19986237189651532,0.9101376281034848
1.1,1.6080685846289497,-0.5080685846289497
0.36,0.5282668870868548,-0.16826688708685478
0.8,0.4050360920888033,0.39496390791119673
4.64,3.6507103267585177,0.989289673241482
-0.04,0.181894483352581,-0.221894483352581
0.51,0.659476263986777,-0.14947626398677694
2.96,2.3925815290224093,0.5674184709775907
-0.86,-0.852492432050624,-0.007507567949376015
4.2,3.6071937474680786,0.5928062525319215
0.36,0.3697030634811687,-0.009703063481168728
1.15,1.6050250846884995,-0.45502508468849956
0.19,0.9381857461865322,-0.7481857461865322
4.49,10.389455405123753,-5.899455405123753
0.11,0.21817237725977956,-0.10817237725977956
6.71,5.57800997515438,1.1319900248456198
-0.6,-0.5701239729745784,-0.02987602702542158
0.08,0.2748683621171429,-0.19486836211714287
0.35,1.9749380125068108,-1.624938012506811
-0.43,-0.45208131170338156,0.022081311703381568
2.68,3.174883714717664,-0.4948837147176639
2.94,1.6183221295233228,1.3216778704766772
5.44,4.313392593178219,1.1266074068217815
-0.85,-0.7511685620417861,-0.09883143795821392
-0.84,-0.7863689408470166,-0.053631059152983385
6.42,10.95664305101005,-4.536643051010049
-0.69,-0.5878331345814123,-0.10216686541858766
0.92,1.955461697693615,-1.035461697693615
2.53,1.369877337584284,1.1601226624157157
38.23,36.28268887149888,1.94731112850112
-0.23,-0.17864029863162684,-0.05135970136837317
6.67,3.4054750320080065,3.2645249679919934
-0.36,-0.4603409597522812,0.10034095975228119
6.56,11.679093100058752,-5.119093100058753
2.47,1.728372313964511,0.7416276860354891
2.6,1.4469684438441957,1.1530315561558044
4.17,2.459596037273206,1.7104039627267937
2.63,3.1340710154950044,-0.5040710154950045
2.64,4.266995147382178,-1.626995147382178
7.2,4.363044164788828,2.836955835211172
3.49,3.7112923100408124,-0.22129231004081218
1.21,0.998143492218221,0.211856507781779
1.05,0.3338242719968985,0.7161757280031016
0.89,1.5554410088832562,-0.6654410088832562
0.25,0.06221676386192245,0.18778323613807754
2.4,1.3250867144341816,1.0749132855658183
0.6,1.35005244052785,-0.75005244052785
-0.67,-0.30710970245325725,-0.3628902975467428
17.28,10.936481902409449,6.343518097590552
0.09,1.139489909279098,-1.049489909279098
-0.55,-0.6617200820083505,0.11172008200835049
5.63,5.770921023684907,-0.140921023684907
9.06,8.053307267379681,1.0066927326203192
-0.92,-0.8290266817115021,-0.09097331828849797
6.32,4.867568527163108,1.4524314728368921
-0.16,-0.4346402486358299,0.2746402486358299
-0.07,-0.10803352018252307,0.03803352018252307
0.45,2.4650205999979993,-2.015020599997999
2.6,1.9519985128465402,0.6480014871534598
0.86,0.5073761612721209,0.35262383872787906
3.2,1.5271228617809893,1.6728771382190109
1.31,0.47572576488698104,0.834274235113019
8.43,6.277219993219916,2.152780006780084
2.36,3.2854647373628345,-0.9254647373628346
0.47,0.3365087369643186,0.13349126303568137
0.98,1.1147025806819417,-0.13470258068194174
0.46,0.8383243413262033,-0.37832434132620324
6.34,4.061411514670911,2.278588485329089
3.37,2.157449783760732,1.212550216239268
0.7,0.8168052619769924,-0.11680526197699248
1.5,1.2184159508630934,0.2815840491369066
-0.79,-0.8260668636294839,0.03606686362948386
1.06,0.9173970083631338,0.1426029916368663
1.17,3.422172720415529,-2.252172720415529
2.58,2.056749667153784,0.5232503328462159
4.88,4.90546963804994,-0.02546963804994018
22.47,18.329875930069928,4.140124069930071
3.12,1.7461868498525284,1.3738131501474717
2.3,2.2964394040642335,0.0035605959357662975
0.65,1.0315748808318037,-0.3815748808318037
3.44,2.052678105475887,1.387321894524113
0.24,-0.0037066127050194527,0.24370661270501945
3.65,3.2215880304723155,0.42841196952768446
1.15,0.9252695962295197,0.22473040377048026
9.29,6.58121395431385,2.708786045686149
-0.14,-0.24516535232790534,0.10516535232790533
-0.48,-0.30537384378534793,-0.17462615621465205
-0.21,-0.4488057291265175,0.2388057291265175
-0.23,-0.45152835991700935,0.22152835991700934
1.59,1.2413961546614076,0.34860384533859246
0.12,0.0144032358874852,0.1055967641125148
11.78,8.325741645644424,3.4542583543555754
1.66,3.89466449856292,-2.2346644985629203
2.78,5.718715527766451,-2.9387155277664516
0.01,0.5569434682694382,-0.5469434682694382
-0.79,-0.5497861661446987,-0.24021383385530137
0.29,0.8115125899792338,-0.5215125899792339
2.3,1.409610472505691,0.8903895274943088
0.98,1.788965269247129,-0.808965269247129
-0.36,-0.5226916433777307,0.16269164337773068
0.48,-0.005613705381877619,0.4856137053818776
-0.9,-0.9241159820004553,0.024115982000455283
1.21,1.5658478351142309,-0.3558478351142309
-0.63,-0.09445751180329764,-0.5355424881967024
5.77,5.624321773072575,0.1456782269274246
-0.49,-0.6208986405175194,0.13089864051751943
-0.57,-0.6059768244583291,0.03597682445832917
-0.5,-0.5015466477899584,0.0015466477899583886
2.11,1.1100261000815526,0.9999738999184473
10.5,25.568978196437214,-15.068978196437214
2.48,1.922933250323158,0.557066749676842
-0.48,-0.029538448889396333,-0.45046155111060365
3.49,3.010430538571136,0.47956946142886414
4.19,2.3157326810995533,1.874267318900447
2.0,1.3603593938347374,0.6396406061652626
2.48,2.110808313366033,0.36919168663396684
-0.44,-0.17888013460385496,-0.26111986539614507
-0.28,-0.17521505998002182,-0.1047849400199782
9.83,8.352607840577804,1.4773921594221964
-0.55,-0.10923497348071677,-0.4407650265192833
11.69,8.368503039930514,3.321496960069485
-0.16,0.7561642939519211,-0.9161642939519211
4.11,2.630371988475418,1.4796280115245821
1.49,0.6480711315611989,0.8419288684388011
2.54,1.2991666937174497,1.2408333062825503
4.5,2.631909952795583,1.8680900472044168
-0.25,-0.1827039232379365,-0.0672960767620635
5.74,6.698171501480329,-0.9581715014803285
1.64,4.993707649477651,-3.353707649477651
8.3,6.2027077390884005,2.0972922609116003
1.7,2.345517429834148,-0.645517429834148
-0.55,-0.2904569162979279,-0.25954308370207213
2.56,3.6105386660486656,-1.0505386660486655
6.12,4.475649894334581,1.6443501056654188
-0.05,0.4992302636119402,-0.5492302636119402
0.45,1.2761183846566884,-0.8261183846566884
0.68,0.43573305756452196,0.24426694243547808
0.52,1.3956354332243672,-0.8756354332243672
4.83,3.0605393392315974,1.7694606607684027
1.71,0.8090250212353461,0.9009749787646538
-0.41,0.006729326462385958,-0.4167293264623859
-0.31,-0.5136761396695061,0.2036761396695061
0.79,1.3054726767624458,-0.5154726767624458
-0.79,-0.7199078450705627,-0.07009215492943732
-0.87,-0.7355366712625805,-0.1344633287374195
6.82,4.912819443802563,1.9071805561974369
0.75,2.8994632269933565,-2.1494632269933565
-0.8,-0.7505895878256483,-0.049410412174351714
4.33,8.699738466715237,-4.369738466715237
0.37,1.6532572210628103,-1.2832572210628101
7.55,4.03105953537854,3.51894046462146
1.84,3.7508985189661037,-1.9108985189661036
1.03,0.5488216311800808,0.48117836881991927
-0.5,-0.6645158453721192,0.16451584537211916
1.65,1.7840174712381383,-0.13401747123813834
-0.02,-0.13952661696945132,0.11952661696945131
0.34,0.03820794057801398,0.30179205942198606
0.11,0.004130210732654222,0.10586978926734578
2.36,1.7749726177055651,0.5850273822944347
3.6,2.588809573958906,1.011190426041094
1.28,2.0286136745523837,-0.7486136745523837
5.26,3.2183904840748423,2.0416095159251575
7.88,5.158052809344537,2.721947190655463
0.73,0.24674226954082296,0.483257730459177
3.19,2.990342639120771,0.19965736087922892
7.34,8.585435573974875,-1.2454355739748753
26.62,21.552395098957966,5.067604901042035
1.03,0.9405738894349531,0.0894261105650469
5.5,8.13322246319055,-2.6332224631905508
0.9,2.3286279035081354,-1.4286279035081355
7.72,7.18823214332823,0.5317678566717694
2.99,1.6967005273111382,1.293299472688862
-0.72,-0.7300325183314844,0.010032518331484441
2.52,1.079511259333814,1.440488740666186
4.76,12.606907199700077,-7.846907199700077
2.79,1.8948421250549123,0.8951578749450877
2.94,8.527906560343544,-5.587906560343544
7.13,6.8557502948996705,0.2742497051003294
16.12,9.44304698425277,6.67695301574723
3.09,3.3092783226215223,-0.21927832262152247
15.9,10.545736281895278,5.354263718104722
4.99,4.356819824407413,0.633180175592587
2.12,4.331456548207669,-2.2114565482076687
2.51,4.588694749999954,-2.078694749999954
-0.52,-0.5084977827606446,-0.011502217239355406
-0.29,0.9093739547816845,-1.1993739547816844
1.93,1.4469249785769416,0.48307502142305836
-0.04,0.5614162940876275,-0.6014162940876275
-0.89,-0.9038384879235565,0.013838487923556464
7.61,10.03706065940977,-2.4270606594097694
-0.3,-0.44776203378111784,0.14776203378111785
-0.63,-0.6053518669086034,-0.024648133091396573
-0.64,-0.5342122100742098,-0.10578778992579019
2.77,2.3361360112334637,0.4338639887665363
-0.21,-0.07062472859489823,-0.13937527140510175
12.39,21.752917036099824,-9.362917036099823
0.74,1.4842452640147632,-0.7442452640147632
-0.08,-0.04714070992827945,-0.03285929007172055
4.37,4.278497902438199,0.0915020975618015
-0.74,-0.7327650195568932,-0.0072349804431067755
0.98,2.2367143696909624,-1.2567143696909624
0.19,1.3118404851339556,-1.1218404851339556
4.89,4.864678253888162,0.025321746111838017
2.81,4.06220213328314,-1.2522021332831401
0.11,0.4770747420349153,-0.3670747420349153
-0.36,0.32512039191373643,-0.6851203919137364
3.38,3.4905765142113925,-0.11057651421139258
0.56,0.15099957990646226,0.40900042009353776
18.83,12.753382358803828,6.0766176411961705
0.29,0.9702196967040005,-0.6802196967040006
12.21,8.357632519608993,3.852367480391008
18.48,13.006644557642367,5.473355442357633
1.75,0.864194002605026,0.885805997394974
0.4,1.9569719747479735,-1.5569719747479733
-0.66,-0.7270228124921932,0.06702281249219322
0.38,1.266444920396291,-0.8864449203962911
1.12,3.6392244881158247,-2.5192244881158246
1.11,1.198269732124752,-0.08826973212475187
-0.66,-0.2862869392442455,-0.37371306075575456
-0.41,-0.44043734286488967,0.030437342864889694
5.8,4.421730815951473,1.378269184048527
-0.7,-0.6263311016741029,-0.07366889832589707
6.75,8.624680952871548,-1.8746809528715485
-0.64,-0.5318922581569244,-0.10810774184307559
1.12,2.6361603179523185,-1.5161603179523184
1.18,1.6309681664810813,-0.4509681664810814
-0.59,-0.7291397339812395,0.13913973398123958
-0.68,-0.22011009863950481,-0.45988990136049523
12.05,6.845236389991639,5.204763610008362
4.84,3.8618939745341314,0.9781060254658684
3.3,2.52641564159093,0.77358435840907
1.52,3.2016393705638815,-1.6816393705638815
5.52,8.271600414902574,-2.7516004149025743
24.85,14.883731546988372,9.96626845301163
-0.25,0.27008895947126516,-0.5200889594712652
-0.44,0.2970091135168918,-0.7370091135168918
3.93,4.638469691928258,-0.7084696919282583
1.71,0.7115111781483259,0.9984888218516741
13.71,9.968684505751515,3.741315494248486
-0.3,0.1525416130920062,-0.4525416130920062
0.62,1.115180842343984,-0.49518084234398396
-0.33,0.2999109156444154,-0.6299109156444154
3.32,3.595308354947438,-0.275308354947438
-0.84,-0.8729235803420632,0.03292358034206322
7.92,4.689459256280047,3.2305407437199527
0.12,0.010433204373519064,0.10956679562648093
1.78,3.0173523151709034,-1.2373523151709034
1.43,2.206606201874975,-0.7766062018749749
2.02,3.741823421338615,-1.7218234213386148
0.51,1.3523233542448068,-0.8423233542448068
4.02,5.770977110560912,-1.7509771105609122
1.49,0.9318179619556797,0.5581820380443203
4.44,8.367230958697524,-3.927230958697524
0.25,0.6568588058523365,-0.40685880585233647
0.02,0.4966264549200906,-0.4766264549200906
-0.29,-0.4978868128389618,0.20788681283896182
-0.13,-0.37760624013586097,0.24760624013586097
3.88,4.65267737000096,-0.7726773700009604
2.55,4.242048374956707,-1.6920483749567072
1.14,0.5310748915723665,0.6089251084276334
0.77,0.32955475933850514,0.4404452406614949
3.83,2.404773026240296,1.4252269737597039
15.97,18.224422230390772,-2.2544222303907713
-0.42,0.019792339246926412,-0.4397923392469264
0.98,0.602965156720775,0.377034843279225
3.23,3.650740241205859,-0.4207402412058592
2.01,1.4212578213941423,0.5887421786058575
8.69,13.492561300847703,-4.802561300847703
-0.27,-0.003686288846481615,-0.26631371115351843
0.86,0.23423694547417512,0.6257630545258248
0.03,0.1992068543888822,-0.1692068543888822
1.8,1.1109968799625691,0.6890031200374309
10.6,6.559602807994928,4.040397192005072
-0.2,-0.37162925491838467,0.17162925491838465
0.69,1.4723600264724783,-0.7823600264724784
18.75,18.584539845631248,0.16546015436875194
-0.45,-0.5475659937671771,0.09756599376717706
3.92,2.4338625443735613,1.4861374556264386
1.89,2.9049494746480082,-1.0149494746480083
0.46,0.03915678820604289,0.4208432117939571
1.56,4.815823407131149,-3.255823407131149
2.65,3.4066786969281213,-0.7566786969281214
0.23,0.0013168736860736882,0.22868312631392632
-0.66,-0.3125086372697586,-0.34749136273024145
0.26,0.5478578463390945,-0.2878578463390945
0.82,0.7945544404505196,0.025445559549480357
23.02,19.59369617461859,3.42630382538141
0.13,0.2485549130967802,-0.1185549130967802
0.47,-0.09635067517540988,0.5663506751754098
-0.27,-0.10632092624089919,-0.16367907375910085
2.06,1.0709995899294635,0.9890004100705365
0.42,0.338280198412725,0.08171980158727499
1.6,2.20559104064378,-0.6055910406437799
0.16,0.9863316308911184,-0.8263316308911184
1.94,4.746734289902023,-2.8067342899020233
15.46,16.84757813995429,-1.3875781399542895
0.38,0.16282622555617662,0.21717377444382338
1.47,0.5455259821183073,0.9244740178816927
0.65,0.20250581502963638,0.44749418497036364
4.94,3.251923401428631,1.6880765985713695
0.97,1.440739253244899,-0.47073925324489907
0.07,0.7086893524909211,-0.6386893524909212
3.45,1.9907743858124278,1.4592256141875724
-0.06,0.4782108165671002,-0.5382108165671002
3.4,1.9744571401945075,1.4255428598054924
1.15,3.564885711495819,-2.414885711495819
3.26,2.2815560269384036,0.9784439730615961
2.96,3.0518353866713634,-0.09183538667136348
6.71,7.458758754050465,-0.7487587540504652
-0.85,-0.8303114279782449,-0.019688572021755113
0.34,-0.01585269461905642,0.35585269461905644
3.69,2.005366577320035,1.684633422679965
2.53,2.1357500501602855,0.3942499498397143
6.74,8.791239890164384,-2.051239890164384
3.01,5.343678253950158,-2.3336782539501586
6.02,5.743428507664519,0.2765714923354805
0.71,0.43323787153670784,0.2767621284632921
5.52,12.779324835641884,-7.259324835641884
0.86,0.6599110079580951,0.2000889920419049
3.54,4.6003123031201625,-1.0603123031201624
3.86,3.3606254706043464,0.4993745293956535
2.17,3.251350347063113,-1.081350347063113
0.42,0.683260144029736,-0.263260144029736
4.29,5.753580135256603,-1.4635801352566027
-0.03,-0.370406566240604,0.34040656624060395
1.18,1.0211554621671524,0.15884453783284758
0.48,0.039723949800121956,0.44027605019987803
0.97,0.8994526738581737,0.07054732614182624
6.95,5.989663278143643,0.9603367218563568
0.73,2.362395346397463,-1.632395346397463
1.37,1.0575122287771714,0.31248777122282867
9.87,8.454885430314247,1.4151145696857519
1.54,0.6513777993956448,0.8886222006043553
2.9,1.6682718472731137,1.2317281527268862
2.17,2.3331587845663733,-0.16315878456637334
0.94,0.2161809334631109,0.7238190665368891
-0.1,-0.12535978331840444,0.02535978331840444
1.35,0.5282371597991192,0.8217628402008809
7.31,4.178373686818625,3.131626313181375
1.69,3.2722309426759115,-1.5822309426759116
5.21,5.089182644845702,0.1208173551542977
1.71,4.344636032029825,-2.6346360320298254
4.15,2.0438028797380845,2.106197120261916
1.43,1.8090323843812917,-0.3790323843812917
1.72,2.0346783490795013,-0.3146783490795013
0.14,0.6633325233330877,-0.5233325233330877
0.24,0.9551531689816312,-0.7151531689816312
-0.58,-0.038098659075969564,-0.5419013409240304
2.88,5.9366681543165605,-3.0566681543165606
0.96,0.575221377238527,0.384778622761473
1.35,1.097059934340914,0.2529400656590861
0.17,1.3259546619145213,-1.1559546619145213
-0.07,-0.3210364739851571,0.2510364739851571
-0.36,0.02864414526356532,-0.38864414526356533
5.17,6.557846543868236,-1.3878465438682364
0.2,0.8538855461936998,-0.6538855461936999
0.52,0.5682724609235084,-0.04827246092350834
9.54,6.416556911273679,3.1234430887263205
3.26,3.7383659684563173,-0.4783659684563175
6.84,3.6109780067988018,3.229021993201198
11.39,7.917744372020181,3.47225562797982
5.53,8.706518628466778,-3.176518628466778
1.01,0.7702089528726477,0.23979104712735233
15.58,11.749125789208371,3.830874210791629
0.31,1.649874948816638,-1.339874948816638
12.96,10.191165777339464,2.768834222660537
0.26,-0.04243159280384559,0.3024315928038456
0.9,0.334297098114852,0.565702901885148
5.08,11.140944054765983,-6.060944054765983
-0.22,0.010607713822681475,-0.23060771382268147
2.18,1.3396372132570629,0.8403627867429373
-0.39,-0.6043890924979545,0.21438909249795446
4.92,4.680741033231077,0.2392589667689231
9.1,5.94860467790073,3.15139532209927
-0.47,-0.19331521018996198,-0.27668478981003797
3.65,3.5831861622709402,0.06681383772905969
3.17,1.8649532925286452,1.3050467074713548
0.47,0.8152181150843565,-0.3452181150843565
1.07,1.0869419379658152,-0.016941937965815113
0.9,1.0504758582580216,-0.15047585825802157
8.41,6.213229135781667,2.1967708642183332
-0.18,-0.35169964998140035,0.17169964998140036
11.22,7.859832135666211,3.36016786433379
1.36,1.3252114978996326,0.03478850210036755
0.65,0.8639027051451912,-0.21390270514519116
2.77,4.45969338459237,-1.68969338459237
11.84,12.049916596551007,-0.20991659655100747
13.01,8.572693055074899,4.437306944925101
2.28,4.619221105911736,-2.339221105911736
0.5,1.9537081604917246,-1.4537081604917246
3.87,2.4907563861262734,1.3792436138737267
3.47,2.6637939971912092,0.806206002808791
0.96,2.4586798150997557,-1.4986798150997558
4.74,2.5484927239650124,2.191507276034988
0.81,1.0926287028599138,-0.2826287028599137
0.31,0.02247318325875818,0.2875268167412418
-0.59,-0.24106965165441052,-0.34893034834558945
5.09,4.716077909373363,0.37392209062663717
8.97,6.22179030983778,2.748209690162221
0.31,0.12779834240833196,0.18220165759166804
-0.22,0.7597012518451015,-0.9797012518451015
1.86,2.00051908118832,-0.14051908118831968
-0.57,-0.29777147912955143,-0.2722285208704485
6.81,4.653461974155786,2.1565380258442133
25.94,19.498420426487623,6.441579573512378
4.79,4.953482464486009,-0.1634824644860089
2.46,3.788465662103708,-1.3284656621037079
0.8,0.4928842630107445,0.30711573698925554
4.98,3.311591186308697,1.6684088136913036
0.04,-0.02583862459615411,0.06583862459615411
-0.01,0.48141811068119544,-0.49141811068119545
-0.28,0.44947399299058305,-0.7294739929905831
0.13,0.9848222001523843,-0.8548222001523843
0.0,0.9884400562759186,-0.9884400562759186
5.96,4.585614272439658,1.374385727560342
5.94,5.123944423966181,0.8160555760338193
-0.93,-0.8732920690833735,-0.056707930916626514
10.09,6.1094637532707186,3.9805362467292813
-0.69,-0.6208484316685458,-0.0691515683314542
6.72,4.542189419633412,2.1778105803665877
1.38,1.5448603113292094,-0.16486031132920953
0.26,1.213962886060801,-0.9539628860608009
1.52,0.7080058389613577,0.8119941610386423
1.24,0.9248947467352483,0.3151052532647517
5.29,3.6107675557890584,1.6792324442109416
0.58,0.8026179247957654,-0.22261792479576548
3.68,2.531158757372133,1.1488412426278671
1.72,0.9875075893690635,0.7324924106309365
4.46,3.2064397963322597,1.2535602036677402
4.84,3.520506330566526,1.319493669433474
2.01,1.3087005373171388,0.701299462682861
0.88,1.193788100049164,-0.3137881000491639
-0.22,0.10894884242178002,-0.32894884242178
2.56,1.3139534175118557,1.2460465824881444
3.99,2.8149729102213574,1.1750270897786428
17.15,21.50576189666468,-4.355761896664681
-0.36,-0.18143082245801181,-0.17856917754198817
1.68,2.7355722211494915,-1.0555722211494916
4.92,6.700115199553914,-1.7801151995539142
0.34,0.6267958334591442,-0.2867958334591442
-0.35,0.045702261744642154,-0.3957022617446421
-0.04,0.6624090314463634,-0.7024090314463635
0.64,0.7616395997440303,-0.12163959974403027
-0.73,-0.8212446706978526,0.09124467069785258
7.14,4.774890326438674,2.3651096735613253
1.62,1.5930947673904783,0.026905232609521823
1.0,2.984788647665965,-1.9847886476659649
14.43,7.914189245716323,6.5158107542836765
8.26,22.961009850162863,-14.701009850162864
-0.66,-0.4962872491059166,-0.16371275089408344
1.27,3.1772083600703507,-1.9072083600703507
6.39,4.679674487689898,1.710325512310102
0.47,1.3413271513088028,-0.8713271513088028
3.56,2.854511115358961,0.705488884641039
1.09,1.9171970999234262,-0.8271970999234262
1.96,2.9773250847515773,-1.0173250847515773
6.81,4.949419009670712,1.8605809903292876
4.77,4.353969922006053,0.41603007799394653
-0.26,0.041160270828771786,-0.3011602708287718
1.85,1.0186694576329338,0.8313305423670663
-0.57,-0.5026148000887842,-0.06738519991121572
-0.6,-0.4019815280458946,-0.19801847195410538
-0.63,-0.646091891795166,0.016091891795166013
-0.25,-0.2465897805343413,-0.003410219465658698
29.63,18.234948470529297,11.395051529470702
-0.2,0.42338374958987834,-0.6233837495898784
3.1,3.00182515080929,0.09817484919070996
0.55,2.0448873129098084,-1.4948873129098084
-0.33,-0.07732715673255525,-0.25267284326744477
1.17,1.3519804863247895,-0.18198048632478958
3.01,6.8116148428611965,-3.8016148428611967
-0.12,-0.4190896442606618,0.2990896442606618
-0.26,0.36604570346504434,-0.6260457034650444
-0.94,-0.8966690912012408,-0.043330908798759116
3.82,3.541070956585057,0.27892904341494296
1.23,2.399053862020555,-1.1690538620205548
4.45,3.0890189633849343,1.3609810366150659
1.17,0.9165702439088174,0.25342975609118257
0.25,1.6206281271500569,-1.3706281271500569
0.48,0.4798386956838409,0.00016130431615907215
0.38,0.6243937235317066,-0.24439372353170663
0.67,0.17463828791980684,0.4953617120801932
2.29,2.7993584028921443,-0.5093584028921443
1.87,3.6502460379939166,-1.7802460379939165
-0.32,0.4872648634907494,-0.8072648634907493
4.04,2.294806920600635,1.7451930793993649
-0.62,-0.14313705290204862,-0.4768629470979514
2.84,3.5710524186608223,-0.7310524186608225
-0.32,-0.5385829848998336,0.21858298489983358
0.83,0.161734098042457,0.668265901957543
1.78,2.1705553638866393,-0.39055536388663925
1.2,0.6432080219764307,0.5567919780235693
0.1,-0.24573039899750485,0.34573039899750485
-0.12,0.13267959608986357,-0.25267959608986357
12.09,8.240905027861732,3.8490949721382677
-0.66,-0.22328831447285122,-0.4367116855271488
3.77,4.404905630014502,-0.6349056300145022
-0.64,-0.6903018268428357,0.050301826842835684
1.29,0.7012269335850586,0.5887730664149414
2.76,2.087436518821553,0.6725634811784467
-0.05,0.632817757243438,-0.6828177572434381
4.19,8.00173212975458,-3.8117321297545788
-0.52,-0.3991805068874648,-0.1208194931125352
18.58,11.46163670265377,7.118363297346228
3.17,2.496863132817213,0.6731368671827869
1.57,3.739683886241077,-2.169683886241077
7.66,8.759447755468624,-1.0994477554686242
5.8,6.7088422755538035,-0.9088422755538037
-0.29,0.035157445812815664,-0.32515744581281564
-0.74,-0.5508495485811632,-0.1891504514188368
0.75,0.46349181815845736,0.28650818184154264
0.47,0.17826427900990885,0.29173572099009115
-0.42,-0.1571773310644895,-0.2628226689355105
-0.26,-0.20665488836864898,-0.05334511163135103
4.59,5.6767509963629825,-1.0867509963629827
3.74,2.557709842787243,1.182290157212757
-0.65,-0.6793393867889963,0.02933938678899628
2.76,1.4583221159898223,1.3016778840101775
-0.07,0.26839076875755125,-0.33839076875755125
9.84,6.858245482249637,2.981754517750363
0.28,0.5248662777618117,-0.2448662777618117
6.49,5.62179825385093,0.8682017461490705
0.8,0.788400687427879,0.01159931257212099
17.26,10.023864885201734,7.236135114798268
10.3,5.903061279478945,4.396938720521056
2.63,2.7022833494302563,-0.07228334943025638
5.58,4.475574948792735,1.104425051207265
2.25,1.0776082704956202,1.1723917295043798
1.88,1.8411006480321512,0.03889935196784866
6.45,8.996856672606436,-2.5468566726064354
-0.27,0.46588564994464043,-0.7358856499446405
-0.18,0.4825659303146441,-0.6625659303146441
4.92,6.278628526479457,-1.3586285264794569
9.24,8.088703824755031,1.151296175244969
2.47,2.424362775258081,0.045637224741919
-0.68,-0.7921604459895162,0.11216044598951613
0.86,0.9429981735851082,-0.08299817358510819
0.53,0.020836196648388487,0.5091638033516115
8.18,5.5816299468012085,2.598370053198791
3.76,2.285955006655624,1.4740449933443758
-0.21,0.010503544363452237,-0.22050354436345224
0.48,0.4019483602076047,0.07805163979239527
-0.48,-0.010080037451641918,-0.46991996254835805
0.01,0.07875731546282055,-0.06875731546282056
1.03,1.05752698413237,-0.02752698413236998
2.44,1.0831408005950354,1.3568591994049646
2.89,2.20829872327968,0.6817012767203203
-0.15,-0.12686058580795953,-0.023139414192040464
0.42,1.8831062025019047,-1.4631062025019048
0.64,1.1487406040506987,-0.5087406040506987
2.03,3.007667611523697,-0.9776676115236973
-0.3,0.37452847475781925,-0.6745284747578193
0.47,0.27552073363544544,0.19447926636455454
1.07,1.0380884477157886,0.0319115522842115
4.07,4.825814291232258,-0.7558142912322579
-0.67,-0.4931842830457537,-0.17681571695424636
-0.38,0.22614437237632634,-0.6061443723763263
-0.7,-0.6899770897175542,-0.01002291028244573
-0.84,-0.70844146413616,-0.13155853586383992
5.99,6.1128909082976195,-0.12289090829761928
1.84,1.3679222681694791,0.47207773183052093
7.31,4.198238109129216,3.111761890870784
-0.3,0.46035728466420267,-0.7603572846642026
4.02,3.3274844398855263,0.6925155601144732
4.87,7.191490910220261,-2.3214909102202608
3.6,2.5101690024969163,1.0898309975030838
-0.2,0.11107245963519977,-0.3110724596351998
-0.24,-0.48126182677131896,0.24126182677131897
3.86,3.435244819472693,0.4247551805273071
2.57,2.3244584055624244,0.2455415944375754
1.01,0.4199737896519373,0.5900262103480627
8.9,8.114776871011973,0.7852231289880276
8.71,6.181239689890361,2.5287603101096394
2.32,2.285018463478393,0.03498153652160685
6.14,4.184623587109856,1.9553764128901436
1.94,1.0830309948268815,0.8569690051731185
2.66,1.7113297240906855,0.9486702759093146
4.49,8.092273695200692,-3.602273695200692
0.86,0.29015113567153067,0.5698488643284694
6.11,3.9704951862977227,2.1395048137022776
-0.58,-0.13220856674501744,-0.4477914332549825
1.33,0.9769464092360844,0.3530535907639156
0.79,1.106906246491602,-0.31690624649160193
-0.51,-0.45269894581558473,-0.05730105418441528
0.74,0.7049745850107813,0.03502541498921874
-0.75,-0.6913769473919558,-0.058623052608044235
1.76,1.4521818482056514,0.30781815179434857
1.65,2.1966174287158253,-0.5466174287158254
3.84,8.365014391186744,-4.525014391186744
0.04,-0.2568237369481659,0.2968237369481659
1.63,0.7906555086855359,0.839344491314464
0.45,0.8653862670109197,-0.4153862670109197
-0.89,-0.8664879850239081,-0.0235120149760919
-0.35,-0.519769223499555,0.16976922349955503
2.16,1.8148225701989038,0.34517742980109634
1.2,0.6254632334245773,0.5745367665754226
0.23,1.7229148837730752,-1.4929148837730752
5.5,4.2480595915890245,1.2519404084109755
3.53,4.041968812895049,-0.511968812895049
8.73,7.2996971430031925,1.430302856996808
8.42,5.08342256964107,3.33657743035893
1.64,2.347195256986599,-0.7071952569865989
-0.42,-0.27764277159843453,-0.14235722840156545
5.66,3.9124035347700623,1.7475964652299378
1.32,3.125483232276331,-1.805483232276331
-0.39,0.2826451738854077,-0.6726451738854078
2.53,2.1058691059812835,0.4241308940187163
-0.33,0.49455702188222794,-0.824557021882228
2.27,1.3342947935277827,0.9357052064722173
-0.66,-0.7661024813440132,0.10610248134401312
0.35,1.8315745561351469,-1.481574556135147
1.89,5.394249486074222,-3.5042494860742224
0.07,0.053395725441015,0.016604274558985006
-0.36,0.3014342007615119,-0.6614342007615119
4.39,4.498124692397304,-0.10812469239730405
-0.31,-0.5347518372559932,0.22475183725599318
-0.34,-0.4339963238551927,0.09399632385519269
1.88,5.201425250371861,-3.3214252503718615
14.82,36.17158329670332,-21.351583296703318
6.06,3.663758028366329,2.3962419716336707
3.7,7.17713406277101,-3.47713406277101
3.3,2.270375873694788,1.0296241263052117
1.44,1.8299169078632418,-0.38991690786324185
5.74,4.985549354070904,0.7544506459290963
1.1,1.5076108673317385,-0.40761086733173846
0.35,0.3269964477647073,0.023003552235292657
4.57,3.674317493219949,0.8956825067800511
1.12,1.088979655396748,0.031020344603252203
2.0,1.106713306527051,0.8932866934729491
4.94,3.2656200100935964,1.674379989906404
2.77,1.295398899172715,1.474601100827285
6.16,5.415517239644252,0.7444827603557478
0.94,1.7509218567487361,-0.8109218567487362
-0.2,0.9495583333211283,-1.1495583333211283
17.82,13.392228072724658,4.427771927275343
-0.55,-0.5674609436196736,0.01746094361967354
13.16,9.239896587130062,3.9201034128699384
-0.78,-0.584919519715901,-0.19508048028409908
3.97,5.98880886646024,-2.01880886646024
3.13,6.192080863513271,-3.0620808635132715
-0.27,-0.37461065997521775,0.10461065997521773
5.83,11.988269880784891,-6.158269880784891
1.2,3.084284348550884,-1.884284348550884
-0.76,-0.3944387246046713,-0.36556127539532873
0.6,0.16977062494949596,0.430229375050504
3.76,3.495619720055629,0.26438027994437086
0.51,0.3366329247723922,0.1733670752276078
5.34,3.37378353930244,1.9662164606975598
14.96,11.505990649995887,3.454009350004114
3.16,3.6021620495518314,-0.44216204955183125
1.81,2.512887091018554,-0.7028870910185541
0.17,-0.016790385968890414,0.18679038596889042
5.28,3.2807696951170557,1.9992303048829445
0.07,0.15821109380029155,-0.08821109380029155
0.55,-0.0007709846741338316,0.5507709846741339
10.44,8.993767211083052,1.446232788916948
4.3,2.2657264317931074,2.0342735682068924
-0.25,-0.2649936034667067,0.014993603466706695
4.1,3.0937973884372285,1.0062026115627711
6.21,6.232366482695848,-0.022366482695847623
2.1,5.015455510065968,-2.9154555100659683
6.86,4.443289935490091,2.4167100645099096
10.06,6.964015228720318,3.0959847712796824
-0.46,-0.4126190211451072,-0.04738097885489284
8.04,6.464211970040669,1.5757880299593303
10.71,14.583614865641312,-3.8736148656413114
3.48,4.821216793505644,-1.341216793505644
3.71,10.789555948487484,-7.079555948487484
5.81,4.591361174078353,1.218638825921647
-0.13,0.18359713272873487,-0.3135971327287349
4.28,5.965946095845841,-1.685946095845841
3.56,1.897779025888274,1.662220974111726
1.1,0.43312978436517624,0.6668702156348238
0.23,-0.19628644943701792,0.42628644943701793
2.26,5.677212917179225,-3.417212917179225
6.03,3.517606994234268,2.512393005765732
-0.53,0.008623145673681672,-0.5386231456736817
3.92,2.1812776857085194,1.7387223142914805
-0.51,-0.6560558648761531,0.14605586487615307
0.63,0.31705948740767925,0.31294051259232075
1.26,1.3738445772296402,-0.11384457722964014
-0.11,0.007956034848110903,-0.1179560348481109
0.17,1.063929248844322,-0.8939292488443219
8.41,6.346357997546593,2.063642002453407
3.17,7.249451973776839,-4.079451973776839
-0.87,-0.9316968826052752,0.06169688260527517
4.43,2.9620385206734583,1.4679614793265414
0.45,0.9412556282643258,-0.49125562826432584
12.21,16.454509549487696,-4.244509549487695
3.28,2.306513178144167,0.973486821855833
2.74,1.5253633377022573,1.214636662297743
9.68,7.312450867329804,2.367549132670196
1.5,0.6896125689206606,0.8103874310793394
2.71,2.099635531614119,0.6103644683858809
-0.69,-0.6207390764700973,-0.06926092352990265
0.41,1.0482863794604123,-0.6382863794604123
3.87,4.61070045920148,-0.7407004592014799
7.16,5.2244081921888865,1.9355918078111136
0.69,1.1200264211749318,-0.43002642117493184
4.72,10.10945463543837,-5.38945463543837
4.27,6.422933719943166,-2.1529337199431664
3.01,2.836993400243304,0.17300659975669586
-0.66,-0.6924732426684134,0.03247324266841334
5.41,3.131797165206758,2.278202834793242
9.1,6.010310435942814,3.0896895640571858
1.5,4.518559978608403,-3.018559978608403
0.36,-0.10236858452468217,0.46236858452468216
3.55,2.143295229020115,1.4067047709798848
1.43,2.3229762601219526,-0.8929762601219526
0.7,2.135014023497497,-1.4350140234974968
2.03,1.2722393080380843,0.7577606919619155
4.15,5.792807584901909,-1.6428075849019086
-0.01,0.3457455617125451,-0.3557455617125451
0.82,0.20679363358119981,0.6132063664188001
-0.11,0.09278066540142446,-0.20278066540142448
2.27,2.031907498467145,0.23809250153285522
7.73,6.897341582150769,0.8326584178492311
4.27,2.959972977755214,1.3100270222447854
5.64,7.5931751618776175,-1.9531751618776179
3.25,2.9207461037298827,0.32925389627011725
1.03,2.7134860074427474,-1.6834860074427473
0.35,0.2523542332006955,0.09764576679930448
1.95,3.4219000238103043,-1.4719000238103044
0.61,1.0247442874821608,-0.41474428748216086
-0.47,-0.4693375845449809,-0.0006624154550190497
5.74,5.303058192286672,0.43694180771332825
-0.24,-0.36218611022359326,0.12218611022359327
1.14,0.6868282759820629,0.45317172401793704
1.32,2.147608585540792,-0.8276085855407918
-0.84,-0.7920779330967886,-0.047922066903211324
-0.02,0.6704965209090467,-0.6904965209090467
1.66,0.8934702030898695,0.7665297969101305
1.11,1.7941753054873717,-0.6841753054873716
4.26,2.455446617928296,1.804553382071704
1.27,1.7788047570144647,-0.5088047570144647
6.36,4.433056708857371,1.9269432911426296
7.91,6.0700105121754,1.8399894878246004
1.36,1.9718102697210644,-0.6118102697210643
-0.74,-0.4915513619793506,-0.24844863802064937
-0.06,0.8341587643391342,-0.8941587643391342
0.45,0.32701482216195377,0.12298517783804624
1.51,1.9565559006694597,-0.4465559006694597
0.97,0.13846997512121326,0.8315300248787867
-0.75,-0.39443362332695664,-0.35556637667304336
1.2,2.0079313016487643,-0.8079313016487644
2.19,2.4564093075347158,-0.2664093075347158
-0.36,0.23148987131377982,-0.5914898713137798
0.48,0.14992270925942744,0.33007729074057257
6.62,7.264298143215179,-0.6442981432151793
1.13,1.260642374805801,-0.1306423748058012
14.51,12.905311569288685,1.604688430711315
1.86,3.360450615820395,-1.5004506158203947
0.69,1.6115631923092752,-0.9215631923092753
1.5,1.2531433264823015,0.24685667351769847
5.53,3.374228652215811,2.155771347784189
1.48,0.7071782131052422,0.7728217868947578
0.44,1.853336276797071,-1.413336276797071
0.21,1.7155365913025216,-1.5055365913025216
0.27,0.9998238686107119,-0.7298238686107119
7.94,9.670785361081817,-1.730785361081817
0.31,0.33189665693839676,-0.021896656938396764
2.94,2.7734830142727027,0.16651698572729723
6.24,3.5941244493566487,2.6458755506433516
-0.08,-0.1311924998247818,0.05119249982478179
7.85,9.115660302947678,-1.265660302947678
4.68,8.5797188777065,-3.8997188777064995
-0.36,-0.28834459536241763,-0.07165540463758235
2.94,4.711966043745076,-1.7719660437450764
3.17,1.7229849182527095,1.4470150817472904
0.5,0.03247327755847439,0.4675267224415256
-0.44,-0.1901385855078861,-0.2498614144921139
0.4,0.008604179076596424,0.3913958209234036
1.27,0.6703454382165175,0.5996545617834825
0.58,1.0487110301176872,-0.4687110301176872
-0.49,-0.5224974875508119,0.03249748755081194
0.67,0.13229181360057138,0.5377081863994286
1.01,3.3135073961940846,-2.3035073961940844
-0.57,-0.7055867311275497,0.1355867311275497
0.15,0.21212595797687667,-0.06212595797687667
-0.09,0.1433881934247587,-0.2333881934247587
-0.17,0.4702957080250966,-0.6402957080250966
4.95,5.658390392516483,-0.708390392516483
0.42,0.42143933592097776,-0.00143933592097778
-0.72,-0.541171736707027,-0.17882826329297297
2.85,1.737524229435265,1.112475770564735
1.9,1.2299566921221945,0.6700433078778054
-0.48,-0.6307721321828205,0.15077213218282048
8.68,6.077396327045689,2.6026036729543103
1.41,0.5896893413269131,0.8203106586730868
0.56,2.531395866135172,-1.9713958661351718
14.62,9.669215452015207,4.950784547984792
0.2,-0.10844182449219486,0.30844182449219487
10.31,7.454693041392325,2.8553069586076756
-0.04,-0.04847323398231232,0.008473233982312318
4.9,3.3455955587993738,1.5544044412006266
0.92,2.0791176428644964,-1.1591176428644965
3.18,3.113754577775016,0.0662454222249842
-0.39,-0.0065745844161453106,-0.3834254155838547
23.47,18.077558921224245,5.392441078775754
2.29,4.699103824402135,-2.409103824402135
1.27,3.7348045535183974,-2.4648045535183973
2.03,1.30042141399554,0.7295785860044599
2.95,4.027773297364986,-1.0777732973649856
1.02,2.340853833843892,-1.3208538338438918
2.13,4.965014078541411,-2.835014078541411
0.43,0.5365794362744397,-0.10657943627443972
-0.23,-0.15676867088850466,-0.07323132911149535
0.08,-0.1172518298326731,0.1972518298326731
11.09,8.126557193497582,2.9634428065024174
4.54,3.4713454227107907,1.0686545772892093
1.98,2.3603477461569042,-0.38034774615690425
2.55,3.7030539026442564,-1.1530539026442566
5.21,3.374024018282991,1.835975981717009
1.07,0.6589026147297202,0.41109738527027984
11.2,9.547325896909285,1.652674103090714
0.69,0.1074363806959096,0.5825636193040904
0.07,0.1651287258454038,-0.0951287258454038
0.26,0.2635836859379898,-0.0035836859379898
-0.19,-0.41685998911312744,0.22685998911312744
0.74,1.7718480334311684,-1.0318480334311684
2.2,3.5343146217168533,-1.334314621716853
-0.65,-0.2941052694505973,-0.35589473054940274
0.25,0.2287675422352631,0.021232457764736895
0.64,0.3185328842074303,0.3214671157925697
1.71,2.468218883195586,-0.7582188831955858
2.23,0.9929215051673492,1.2370784948326508
2.81,1.3202585513858953,1.4897414486141047
1.77,3.094235406075238,-1.3242354060752382
6.09,4.04579547734813,2.04420452265187
1.99,4.229646256165434,-2.2396462561654342
0.43,2.2096895819624685,-1.7796895819624685
1.1,0.47311964186147965,0.6268803581385205
-0.12,0.7696734157966098,-0.8896734157966097
0.59,2.329942159416198,-1.7399421594161981
7.44,6.764364766775456,0.6756352332245443
0.95,0.7372512800304011,0.21274871996959888
-0.08,-0.3478669141085564,0.2678669141085564
0.67,2.1272720760496724,-1.4572720760496725
3.53,3.5742662140155654,-0.04426621401556563
5.25,6.94381522072388,-1.69381522072388
6.28,4.852692670124423,1.4273073298755774
5.96,7.568546556583517,-1.6085465565835166
2.4,1.3964475658908135,1.0035524341091864
0.2,0.264799332027514,-0.06479933202751398
6.0,6.845028343779007,-0.8450283437790072
2.72,3.920285834334271,-1.2002858343342706
0.07,0.13056692599096217,-0.06056692599096217
-0.58,-0.7517405488618341,0.1717405488618341
9.93,7.274850433255682,2.655149566744318
10.16,8.930837895564675,1.229162104435325
2.19,1.7453139758483796,0.4446860241516204
-0.45,0.2633884319639924,-0.7133884319639925
14.57,13.086307664181566,1.483692335818434
-0.88,-0.7404647025083735,-0.13953529749162652
1.32,0.6882473250590865,0.6317526749409136
-0.75,-0.7927282967058753,0.0427282967058753
1.75,0.7704035929912947,0.9795964070087053
0.32,-0.12805508996021986,0.44805508996021987
7.38,3.9530710113748113,3.4269289886251886
3.23,3.8792355996870294,-0.6492355996870294
3.39,3.065136927227407,0.32486307277259296
0.75,0.5051951110504415,0.24480488894955854
1.89,0.8251858692497384,1.0648141307502614
7.43,9.312988363109328,-1.8829883631093285
1.8,1.0381808719174936,0.7618191280825064
0.37,-0.006735270957348667,0.37673527095734866
0.73,2.7168286447618626,-1.9868286447618626
0.11,1.2111125925498,-1.1011125925498
0.81,1.0465398797802494,-0.23653987978024937
4.9,3.471269703829172,1.4287302961708281
1.62,2.1241658744141136,-0.5041658744141135
2.56,4.5970954838537885,-2.0370954838537885
3.27,4.587879346735957,-1.3178793467359573
5.52,3.6207228411120242,1.8992771588879753
-0.66,-0.781865305567,0.12186530556699993
0.66,1.4457107784643426,-0.7857107784643426
1.26,0.42444066809379494,0.8355593319062051
-0.87,-0.829871021998339,-0.04012897800166104
0.66,0.3451171994368376,0.3148828005631624
-0.35,-0.40357217918290533,0.053572179182905355
4.1,3.372231646883347,0.7277683531166526
-0.12,0.6493929586460231,-0.7693929586460231
3.22,6.103799731185926,-2.8837997311859254
7.5,18.11731762019013,-10.617317620190128
-0.19,-0.46278633629356214,0.27278633629356214
1.2,0.5576824903029619,0.642317509697038
4.59,4.046337452788452,0.5436625472115475
3.76,6.742275525066938,-2.982275525066938
4.98,5.934164033224397,-0.9541640332243961
-0.27,-0.4779070765393298,0.20790707653932977
4.21,6.1535734892497835,-1.9435734892497836
-0.16,0.4185665027477685,-0.5785665027477686
0.25,2.0752161036078096,-1.8252161036078096
-0.61,-0.27175311573840216,-0.3382468842615978
1.33,0.5417534550050124,0.7882465449949877
0.25,-0.07459103916670355,0.32459103916670357
3.62,9.111518961712214,-5.491518961712214
5.14,6.688846325785289,-1.5488463257852896
0.76,1.012909186119047,-0.2529091861190469
2.66,1.6786443215835078,0.9813556784164923
-0.69,-0.5191784898072531,-0.17082151019274683
0.28,0.5869825673373846,-0.3069825673373846
-0.52,-0.4104004700260174,-0.10959952997398259
4.25,6.162777480725843,-1.9127774807258433
2.81,2.1448063504265362,0.6651936495734638
-0.35,-0.514278635901359,0.16427863590135905
-0.38,-0.4217820761699781,0.04178207616997809
4.43,5.68498804717351,-1.2549880471735104
2.52,2.105142431824726,0.41485756817527397
2.27,4.759799894065463,-2.4897998940654626
0.93,1.9098732503209688,-0.9798732503209687
-0.32,-0.09714092240700065,-0.22285907759299936
-0.78,-0.7393592291858359,-0.04064077081416417
-0.05,-0.3363706740698044,0.28637067406980443
1.55,0.58454743812873,0.96545256187127
0.05,0.37398280875268547,-0.3239828087526855
2.13,1.7736318825672155,0.3563681174327844
1.53,2.2549037138476327,-0.7249037138476326
-0.51,0.19969837823881065,-0.7096983782388107
-0.52,-0.09109023579157095,-0.4289097642084291
-0.42,-0.21799166328192512,-0.20200833671807486
2.73,2.147612503979996,0.582387496020004
2.59,2.384729302502707,0.20527069749729288
9.63,12.777713965524962,-3.147713965524961
-0.81,-0.5373285576952463,-0.2726714423047537
0.4,0.0533679221571843,0.34663207784281574
2.06,1.3432686659641528,0.7167313340358472
-0.21,0.8770117273770776,-1.0870117273770776
1.13,0.9586145270140073,0.1713854729859926
12.46,9.574361038563602,2.885638961436399
9.08,7.473350801640972,1.6066491983590279
-0.91,-0.8443970720594962,-0.06560292794050382
1.07,3.008812528809111,-1.938812528809111
0.65,0.21721156593594027,0.43278843406405976
1.02,0.9852095257958509,0.03479047420414916
0.43,1.6820791707833633,-1.2520791707833634
-0.51,0.0033731787368020635,-0.5133731787368021
2.7,1.5174225840373134,1.1825774159626867
1.72,3.679859211519412,-1.9598592115194122
2.16,2.6633586208444857,-0.5033586208444856
3.39,3.141473246293842,0.24852675370615795
1.55,3.053091047423179,-1.503091047423179
4.21,4.2751974811202516,-0.06519748112025159
1.03,1.3438903632091312,-0.3138903632091312
3.33,4.783642766846183,-1.4536427668461833
6.52,8.615426720510344,-2.0954267205103445
1.89,1.395988389089922,0.49401161091007784
7.21,11.701143532508302,-4.4911435325083024
0.07,-0.3033895714482622,0.3733895714482622
-0.31,-0.5263414665534953,0.21634146655349534
-0.65,-0.6573163587276736,0.007316358727673555
-0.76,-0.6407056751273633,-0.11929432487263669
1.45,1.85133474770813,-0.40133474770812994
0.33,1.3736189856859562,-1.0436189856859561
32.16,37.79831980667482,-5.638319806674822
0.79,0.2830713309821198,0.5069286690178803
-0.64,-0.4897554610375806,-0.1502445389624194
7.26,12.129000908408852,-4.869000908408852
5.2,3.2370168140678595,1.9629831859321407
11.13,7.750972386585165,3.379027613414836
-0.57,-0.6967831878653826,0.12678318786538267
-0.61,-0.6133397128604856,0.003339712860485622
-0.41,-0.13762613136210192,-0.27237386863789803
0.27,0.7993104513976664,-0.5293104513976664
1.08,0.484010123019344,0.5959898769806561
0.79,0.18429023507030215,0.6057097649296979
1.82,4.634125050607697,-2.8141250506076965
1.43,4.7526185623045745,-3.3226185623045748
16.69,12.363208449374689,4.3267915506253125
2.41,1.4341068912973935,0.9758931087026066
10.85,8.490610205726409,2.359389794273591
0.3,0.8030192201536027,-0.5030192201536028
0.19,0.12248674358167376,0.06751325641832624
1.28,4.262052752175566,-2.9820527521755658
14.63,11.137554722020262,3.492445277979739
-0.44,-0.2570169411338469,-0.18298305886615313
0.52,2.360281103510871,-1.840281103510871
4.43,8.710710633020074,-4.280710633020075
1.86,0.867769770391558,0.9922302296084421
-0.63,-0.7171458626389124,0.08714586263891244
2.88,1.4306071669174498,1.44939283308255
11.36,7.109833160368637,4.250166839631363
1.8,1.2015170699212605,0.5984829300787395
0.58,0.5803380412578556,-0.0003380412578556369
0.02,0.6716070344441145,-0.6516070344441145
0.79,0.1017845727228929,0.6882154272771072
0.87,0.6773515793839072,0.19264842061609277
7.2,5.399206051961368,1.8007939480386321
0.91,1.9909984776157865,-1.0809984776157866
0.43,0.952610768110046,-0.522610768110046
-0.04,-0.33357754679768886,0.2935775467976889
2.11,3.2963141355882413,-1.1863141355882414
-0.45,-0.6296995198042714,0.1796995198042714
0.16,1.2379564161281156,-1.0779564161281157
1.52,0.9757464476538426,0.5442535523461575
0.02,-0.3619483119273767,0.3819483119273767
12.35,8.26354481363337,4.08645518636663
0.04,-0.05606114841592744,0.09606114841592744
5.12,3.2305085672987417,1.8894914327012584
24.51,14.375934585947896,10.134065414052106
3.92,2.629576567511532,1.2904234324884678
0.63,0.9688183470437004,-0.3388183470437004
-0.65,-0.5401852999078502,-0.10981470009214978
8.71,4.941088451788084,3.768911548211917
4.76,6.105026671070989,-1.3450266710709888
-0.59,-0.7433146890413459,0.15331468904134593
9.7,7.941917460899075,1.7580825391009247
15.39,15.081834659856504,0.3081653401434963
0.26,0.2012144410398829,0.05878555896011711
0.0,0.5009463080191667,-0.5009463080191667
1.84,2.916490306945691,-1.076490306945691
2.24,2.5747284626338116,-0.3347284626338114
2.22,2.1249155210902444,0.0950844789097558
0.05,-0.1133389102183557,0.1633389102183557
-0.34,-0.32363957957783646,-0.01636042042216357
4.63,4.21802508546034,0.41197491453965984
-0.42,-0.5350147317931976,0.1150147317931976
6.68,11.797313263633287,-5.117313263633287
13.06,20.403914642970626,-7.343914642970626
2.46,1.7878765164017345,0.6721234835982655
0.67,0.5979423402471307,0.07205765975286937
-0.2,-0.17021299260448686,-0.029787007395513154
1.2,0.6803480425127705,0.5196519574872295
8.38,5.340854097848328,3.039145902151673
-0.21,0.6505258180972779,-0.8605258180972779
0.64,0.44476428471104346,0.19523571528895656
6.06,4.3959829637946015,1.664017036205398
-0.48,-0.2194938513910381,-0.2605061486089619
-0.46,-0.31007676887742025,-0.14992323112257977
0.13,-0.13651868689366456,0.26651868689366454
4.37,3.948814934223098,0.42118506577690207
0.04,0.2903740587071516,-0.2503740587071516
7.22,10.995917735287478,-3.7759177352874778
-0.41,0.015809841282589998,-0.42580984128259
0.01,0.025643964151745174,-0.015643964151745175
3.44,4.292700692342686,-0.8527006923426863
4.63,2.526845830050438,2.103154169949562
1.88,1.02877086028504,0.8512291397149598
-0.43,-0.5442874685599766,0.11428746855997657
4.65,6.591251832388253,-1.9412518323882528
2.3,1.011586745293527,1.2884132547064728
1.04,1.1672007902673234,-0.12720079026732334
1.08,0.3674479082788707,0.7125520917211294
2.53,1.617237198930334,0.9127628010696658
5.52,3.5309310278817754,1.9890689721182242
1.89,2.1951598685599047,-0.30515986855990485
0.02,1.1183688993309024,-1.0983688993309024
1.52,2.2473012341663194,-0.7273012341663194
9.8,5.968081521621193,3.8319184783788076
5.25,7.214513660241952,-1.964513660241952
2.76,4.246788098065619,-1.4867880980656194
4.35,4.859464509950834,-0.5094645099508339
6.42,4.2055437475305295,2.2144562524694704
2.41,1.1687192521091037,1.2412807478908965
1.89,2.3045733035195153,-0.4145733035195154
0.48,0.503256269006842,-0.023256269006841968
3.07,1.7153422509150826,1.3546577490849172
2.25,4.06858754174148,-1.81858754174148
1.61,3.06206555225588,-1.45206555225588
1.5,0.7632124394721554,0.7367875605278446
1.88,1.0945437561144813,0.7854562438855186
5.62,3.4646721786764814,2.1553278213235187
5.52,3.6675304234798607,1.8524695765201389
3.47,1.9998881896520015,1.4701118103479986
2.94,3.075416798996332,-0.13541679899633197
-0.52,-0.6461516288747691,0.12615162887476905
3.73,2.725531680680209,1.0044683193197912
0.14,0.18564983562088308,-0.04564983562088307
9.17,5.107960527381705,4.062039472618295
3.99,2.1442595775820323,1.8457404224179679
1.25,0.4890055467096901,0.7609944532903099
-0.65,-0.5413749421230554,-0.10862505787694465
-0.45,-0.6307689749428613,0.18076897494286132
0.92,0.7307203497706608,0.18927965022933924
1.17,0.8919331674949802,0.27806683250501973
-0.33,-0.025658702705473255,-0.30434129729452675
1.78,5.732437469845013,-3.9524374698450124
0.21,0.2352575873113939,-0.02525758731139391
-0.78,-0.415296022052632,-0.36470397794736803
-0.65,-0.7691163995905198,0.11911639959051978
-0.08,-0.11568522930001092,0.03568522930001092
-0.19,0.9286504720780798,-1.1186504720780799
1.37,0.9948081258731652,0.37519187412683486
-0.86,-0.7171025800497491,-0.14289741995025085
-0.81,-0.888687142356797,0.07868714235679697
2.96,2.003218108855524,0.9567818911444759
2.15,1.9508189877054314,0.19918101229456853
0.21,0.9476769893789057,-0.7376769893789057
0.04,0.619812689755826,-0.579812689755826
-0.79,-0.47849682528220083,-0.3115031747177992
-0.58,-0.5353025927891574,-0.04469740721084259
0.19,0.48293721698118314,-0.29293721698118314
7.93,7.175568812192495,0.754431187807505
-0.92,-0.8976467516229943,-0.022353248377005697
-0.5,0.31098814682782855,-0.8109881468278286
3.8,4.457027096168399,-0.6570270961683988
-0.69,-0.4813247020294897,-0.20867529797051027
1.43,2.5726645569160347,-1.1426645569160347
0.33,-0.0013648442200850483,0.33136484422008505
5.28,6.884235996740378,-1.6042359967403774
-0.48,0.05919415332690733,-0.5391941533269073
10.93,6.066940193174693,4.863059806825307
-0.44,-0.374289433785085,-0.065710566214915
-0.34,-0.5776971216988632,0.2376971216988632
0.72,0.5183358813175764,0.20166411868242362
0.12,0.19476093846328377,-0.07476093846328377
9.41,5.911314947234008,3.4986850527659925
0.99,0.9984883726950776,-0.008488372695077628
4.31,2.476256255320867,1.8337437446791327
1.36,1.1862450660521058,0.17375493394789432
0.2,-0.018448329944740258,0.21844832994474028
2.32,2.5622876367047898,-0.24228763670478992
1.02,0.3404818027713997,0.6795181972286003
13.65,9.299020037973403,4.350979962026598
6.81,4.711434040781683,2.098565959218317
0.23,0.32723722466068017,-0.09723722466068016
-0.45,-0.13103910127498414,-0.3189608987250159
-0.11,0.6837321382868463,-0.7937321382868463
1.31,1.6470271163096688,-0.33702711630966875
-0.6,-0.72507778727462,0.12507778727462004
0.8,2.255504822415072,-1.4555048224150722
0.31,-0.07618515448397938,0.3861851544839794
-0.1,0.7321540532931465,-0.8321540532931465
10.17,10.452270712221003,-0.28227071222100264
0.0,0.9258791274186468,-0.9258791274186468
-0.32,-0.2101667023133812,-0.10983329768661881
3.25,2.158441179946448,1.0915588200535522
0.69,0.1778209912088649,0.5121790087911351
1.97,3.0665181309708562,-1.0965181309708563
13.91,12.783309337337887,1.1266906626621136
-0.88,-0.8778665160103689,-0.002133483989631091
0.55,1.6268237521816844,-1.0768237521816844
-0.4,-0.2553698017572787,-0.14463019824272133
1.63,1.8517016643144713,-0.22170166431447136
2.88,1.763153723134266,1.116846276865734
0.79,2.903508655943664,-2.1135086559436638
-0.25,-0.2386937732459673,-0.0113062267540327
-0.29,0.7085028182747183,-0.9985028182747182
-0.68,-0.33431564529798335,-0.3456843547020167
0.55,1.3703295805551692,-0.8203295805551691
3.31,5.6215318136442205,-2.3115318136442204
4.57,5.6314499211285645,-1.0614499211285642
1.05,0.42568363547961013,0.62431636452039
1.77,1.5400403835063223,0.2299596164936777
0.04,0.2774550783587971,-0.23745507835879712
6.72,15.742044695784337,-9.022044695784338
6.53,3.748090580977665,2.7819094190223352
12.88,11.590258695368497,1.2897413046315034
1.32,4.103662540472126,-2.7836625404721254
8.6,9.763183775591406,-1.1631837755914063
3.18,2.0673622678549677,1.1126377321450325
0.13,1.4008989534732352,-1.2708989534732353
-0.6,-0.38227324778643423,-0.21772675221356574
0.34,-0.06098503245980304,0.40098503245980305
0.65,2.5305534411227395,-1.8805534411227396
0.21,1.3857961674150459,-1.175796167415046
2.21,1.245478528075998,0.9645214719240021
-0.21,0.022251235582876804,-0.2322512355828768
0.17,0.5478389781853378,-0.37783897818533774
1.92,1.0938666080767891,0.8261333919232108
-0.64,-0.30686349517162576,-0.33313650482837426
0.76,0.1446542746727089,0.6153457253272911
2.26,1.0357653681445511,1.2242346318554487
0.03,0.020250207390741258,0.00974979260925874
12.37,7.819108482941454,4.550891517058545
-0.95,-0.9036941278768842,-0.046305872123115766
4.67,4.41279795414031,0.25720204585968975
0.16,-0.269732779161357,0.429732779161357
3.44,5.631416906289733,-2.191416906289733
0.55,2.1901733934371856,-1.6401733934371856
1.59,3.5578473924190925,-1.9678473924190925
0.3,-0.22526425014260218,0.5252642501426021
3.46,2.4231235715997874,1.0368764284002125
-0.37,0.1707752715225522,-0.5407752715225522
4.18,5.052754382206886,-0.8727543822068862
4.76,3.1457581854607435,1.6142418145392563
1.34,1.1808407792504256,0.15915922074957445
-0.02,0.1117307830148806,-0.1317307830148806
0.45,0.7099203969269722,-0.25992039692697216
1.44,0.7259319288353016,0.7140680711646984
-0.1,-0.38450206955193345,0.28450206955193347
1.37,2.233510009264033,-0.8635100092640329
-0.06,0.09059194534302889,-0.1505919453430289
-0.61,-0.5891769994747823,-0.020823000525217683
0.1,-0.03451182509577728,0.13451182509577728
2.37,2.274269133910802,0.09573086608919823
0.0,0.5613547439545602,-0.5613547439545602
-0.64,-0.6971017100884684,0.05710171008846843
5.92,6.718526593730016,-0.7985265937300161
-0.19,-0.32962510718476795,0.13962510718476795
0.72,1.7946227509394461,-1.0746227509394461
-0.14,0.9433030448465983,-1.0833030448465983
3.83,2.1660020978060417,1.6639979021939584
0.24,1.0030034783308786,-0.7630034783308786
0.24,0.6968343287287375,-0.4568343287287375
4.1,8.529470257473497,-4.429470257473497
1.09,0.7172521746277147,0.37274782537228535
0.95,0.9336818642525301,0.016318135747469875
3.33,1.7476915870378342,1.5823084129621658
6.28,11.254240447857772,-4.974240447857771
-0.53,0.18973568479059738,-0.7197356847905974
4.0,3.118270719762017,0.881729280237983
-0.49,-0.34224442043486086,-0.14775557956513913
-0.21,-0.42668563343202964,0.21668563343202965
2.51,3.4128812822421613,-0.9028812822421615
-0.36,-0.2604396670379333,-0.09956033296206668
2.77,4.950214454610661,-2.180214454610661
2.44,1.3199229943794286,1.1200770056205713
3.04,2.37149519200526,0.66850480799474
4.81,4.158478363442033,0.651521636557967
-0.14,-0.44006642427323506,0.30006642427323504
1.97,2.914093061734935,-0.9440930617349352
0.59,0.14075473641444447,0.4492452635855555
2.49,3.5565199499934184,-1.0665199499934181
-0.1,0.45258300922722733,-0.5525830092272274
14.06,11.805688814990479,2.254311185009522
-0.51,-0.2595687233200636,-0.2504312766799364
3.29,2.0229448471817695,1.2670551528182306
6.49,4.675924576865196,1.8140754231348044
1.34,1.02799236912301,0.3120076308769901
1.14,0.8207220782008087,0.31927792179919123
5.87,7.81613483754005,-1.9461348375400496
3.87,2.8444986640655063,1.0255013359344938
14.68,11.543948358170393,3.1360516418296065
-0.29,-0.5142253416548921,0.2242253416548921
1.63,0.9190060052048854,0.7109939947951145
-0.8,-0.6876887231809554,-0.11231127681904463
3.38,2.7843870494889953,0.5956129505110046
1.82,1.2148062839803393,0.6051937160196608
6.0,7.000736246095561,-1.0007362460955607
6.88,5.937864955013412,0.9421350449865882
6.92,5.822828890605392,1.0971711093946075
6.08,4.075144932895012,2.0048550671049883
0.78,0.5647708136898012,0.21522918631019883
0.92,0.20765149258008786,0.7123485074199122
0.06,-0.290730363211056,0.350730363211056
2.42,1.7935379877345143,0.6264620122654856
1.2,1.8952689779190042,-0.6952689779190042
0.06,0.4463992591581182,-0.3863992591581182
-0.24,-0.09472120008367543,-0.14527879991632456
2.82,1.6168923344078088,1.203107665592191
2.71,5.832241318016962,-3.122241318016962
1.95,2.49467457846245,-0.5446745784624503
7.1,6.081171281884671,1.018828718115329
1.82,2.682049992079599,-0.862049992079599
3.06,3.216923413879155,-0.15692341387915487
0.96,2.720043737865183,-1.7600437378651832
0.51,0.21440920071757663,0.2955907992824234
-0.71,-0.7129409535330775,0.0029409535330775505
-0.68,-0.556329187761794,-0.12367081223820608
1.85,1.4966618243299257,0.3533381756700744
8.44,8.819690175493403,-0.379690175493403
24.06,20.000320714150277,4.059679285849722
-0.83,-0.7629662706166627,-0.06703372938333729
0.74,0.08744474004763085,0.6525552599523692
1.11,0.9128302267724312,0.1971697732275689
-0.02,0.7660600337143185,-0.7860600337143185
5.11,4.397124726560623,0.7128752734393773
4.94,2.9394995437495517,2.0005004562504487
0.23,-0.06294994776927776,0.29294994776927774
0.62,0.6345150131083188,-0.01451501310831882
1.58,3.3202930540854325,-1.7402930540854324
1.39,1.8575705654600927,-0.4675705654600928
0.15,0.1645279560389919,-0.014527956038991902
2.17,1.861980259482453,0.3080197405175469
-0.48,-0.6094547195662815,0.12945471956628152
2.04,1.3294163900504437,0.7105836099495564
3.93,4.116604889782255,-0.18660488978225453
4.6,8.570486667997375,-3.970486667997376
-0.4,0.4207444984034104,-0.8207444984034105
0.59,0.9846829193326725,-0.3946829193326725
6.91,6.35356493770811,0.5564350622918903
1.22,1.06412921534393,0.15587078465607007
-0.32,0.3365013757306543,-0.6565013757306544
14.95,10.627605910989995,4.322394089010004
5.16,4.063184617049384,1.0968153829506164
0.66,0.9528566273153006,-0.2928566273153006
5.59,4.2901458842342475,1.2998541157657524
0.79,1.1564121086516441,-0.3664121086516441
3.37,4.38613086694495,-1.01613086694495
3.25,1.560087578068465,1.689912421931535
16.32,14.55901325394055,1.7609867460594497
-0.05,0.48480412743175655,-0.5348041274317565
0.39,0.6200226348308181,-0.23002263483081808
2.88,5.944041897192149,-3.0640418971921495
-0.83,-0.7261711365094072,-0.10382886349059273
-0.34,-0.4627658898990099,0.12276588989900988
-0.49,0.1999720188578817,-0.6899720188578817
13.88,12.259273515152971,1.6207264848470295
0.86,1.0051647633225762,-0.14516476332257622
3.77,2.2649556300275786,1.5050443699724214
-0.08,0.5024559355292783,-0.5824559355292782
4.85,3.6081738928850555,1.2418261071149441
-0.59,-0.2837115097768139,-0.30628849022318605
1.29,2.822828163483604,-1.5328281634836038
0.72,1.0418237281079874,-0.32182372810798743
-0.1,-0.2923983406729679,0.19239834067296788
-0.68,-0.7625591285384125,0.08255912853841241
-0.22,-0.13068380972116692,-0.08931619027883309
10.46,6.475632959580431,3.9843670404195697
9.94,6.590150911377368,3.3498490886226318
1.05,3.0550846905251348,-2.005084690525135
3.89,5.4258286957504565,-1.5358286957504563
-0.3,0.5905749730145973,-0.8905749730145973
-0.58,-0.6391770936406471,0.05917709364064716
0.45,0.6580021339259935,-0.20800213392599348
8.58,10.554996964887716,-1.9749969648877155
5.02,3.464239951102479,1.5557600488975205
4.41,4.680839933700779,-0.2708399337007785
6.44,7.158208662107833,-0.7182086621078323
1.11,1.7223960724098446,-0.6123960724098445
4.4,2.245733428514153,2.1542665714858473
6.75,4.128331778874926,2.6216682211250744
-0.3,-0.524692200331466,0.22469220033146603
-0.47,-0.01872039277771468,-0.4512796072222853
0.48,2.8028128132604633,-2.3228128132604633
4.15,2.2491951227122526,1.9008048772877477
-0.08,-0.2674098438965223,0.18740984389652227
0.94,0.7056091854306481,0.23439081456935185
0.01,0.6875496191156871,-0.6775496191156871
4.45,2.6813238927810628,1.7686761072189374
4.32,3.1448794977901797,1.1751205022098206
-0.42,-0.5134212751267886,0.0934212751267886
-0.53,-0.44618382512169025,-0.08381617487830978
0.54,0.7755733717123611,-0.23557337171236103
4.2,2.5039617237575507,1.6960382762424495
1.51,2.8560541305058864,-1.3460541305058864
-0.03,0.4157522399985015,-0.44575223999850155
5.86,5.1987436592983824,0.6612563407016179
1.32,0.8916935540252325,0.4283064459747675
-0.32,-0.1302466978417698,-0.18975330215823022
19.5,18.494943398628674,1.0050566013713258
5.51,4.056331530533207,1.453668469466793
1.58,1.0098348202030978,0.5701651797969023
-0.81,-0.7904253148544647,-0.019574685145535398
0.09,1.2240145882267777,-1.1340145882267776
2.07,1.7960980918137364,0.2739019081862635
0.27,0.10063493456832869,0.16936506543167135
0.94,0.4659607009270241,0.4740392990729759
1.7,1.8139985253725726,-0.1139985253725726
4.03,4.45002250206765,-0.42002250206765
2.61,4.397905402773893,-1.7879054027738932
-0.54,-0.722028212743474,0.18202821274347392
0.1,0.04949847469243132,0.050501525307568684
3.06,8.615253900081699,-5.5552539000816985
-0.47,-0.6086408542187601,0.13864085421876016
0.97,0.8412300639688257,0.12876993603117426
5.55,3.467267783272376,2.082732216727624
8.48,5.726664231061973,2.753335768938028
6.57,8.140734013670391,-1.570734013670391
12.81,10.105167937745824,2.7048320622541766
2.39,7.481222652689025,-5.091222652689025
2.36,2.666216129746837,-0.3062161297468373
2.09,1.3576466525812265,0.7323533474187733
0.13,1.4739642465204712,-1.3439642465204713
1.0,0.23312063453812043,0.7668793654618795
-0.82,-0.8267747885118131,0.0067747885118131235
4.64,5.229872581488026,-0.5898725814880263
-0.65,-0.3381763394899772,-0.3118236605100228
2.77,1.9762259960115172,0.7937740039884829
-0.67,-0.5864216047749754,-0.08357839522502464
-0.53,-0.7050078761949989,0.1750078761949989
5.07,3.940148298674046,1.1298517013259541
-0.6,-0.5188933435849655,-0.08110665641503445
5.55,8.134838642442137,-2.5848386424421372
7.59,6.231496836241472,1.3585031637585274
2.09,3.877429232826458,-1.787429232826458
2.18,1.5643787166997116,0.6156212833002885
1.54,0.7040088805686289,0.8359911194313712
0.18,1.553240890435834,-1.373240890435834
0.05,1.699163443144159,-1.6491634431441589
0.39,0.9292261577072134,-0.5392261577072134
0.52,0.17380234598631303,0.34619765401368696
-0.68,-0.4405979058613183,-0.23940209413868174
0.31,-0.1203652495904283,0.4303652495904283
0.54,1.2980877008924596,-0.7580877008924596
-0.25,-0.531526144459512,0.28152614445951196
1.14,0.6064080531644723,0.5335919468355276
0.48,0.33076372165059026,0.14923627834940972
-0.55,-0.7279600615684713,0.17796006156847122
18.73,15.480645089268476,3.2493549107315243
-0.43,-0.24927904773615997,-0.18072095226384002
0.83,2.6376459401429933,-1.8076459401429932
-0.45,-0.4103549143110489,-0.03964508568895109
-0.49,-0.2930877095300528,-0.19691229046994718
1.32,2.276912228111692,-0.956912228111692
0.89,0.2294544895879377,0.6605455104120623
4.83,3.3817191084645954,1.4482808915354046
-0.11,-0.06790499787406015,-0.04209500212593985
5.63,5.990534441700492,-0.36053444170049254
-0.63,-0.4854272917382867,-0.1445727082617133
5.72,5.7218605961748805,-0.0018605961748807687
1.42,1.9420519435175116,-0.5220519435175117
0.48,0.3773652527050828,0.10263474729491717
-0.32,0.41969550438836845,-0.7396955043883684
1.15,0.9159267846416024,0.23407321535839754
20.48,17.78916796434302,2.6908320356569817
7.03,12.014514813335465,-4.984514813335465
0.07,-0.07667151349311478,0.1466715134931148
-0.68,-0.5203686229325389,-0.1596313770674611
1.48,4.4207244138761155,-2.9407244138761155
3.87,2.375862287501828,1.4941377124981723
0.93,0.46231828307452266,0.4676817169254774
4.05,6.953464893112255,-2.903464893112255
1.35,3.3630980000811888,-2.0130980000811887
-0.57,-0.17544070670270878,-0.39455929329729117
1.77,1.6775547316035626,0.09244526839643741
-0.08,0.9252124992177897,-1.0052124992177898
1.32,0.7746506737161719,0.5453493262838282
7.36,8.211853228075073,-0.8518532280750728
4.79,8.143935664362841,-3.353935664362841
3.03,3.618653295321257,-0.5886532953212571
-0.87,-0.867865227721576,-0.0021347722784239576
0.5,0.9886412480005867,-0.4886412480005867
1.45,2.436132845260063,-0.9861328452600631
0.21,0.1571131464845217,0.05288685351547828
1.39,1.8357647885308375,-0.44576478853083756
18.25,12.863740586233817,5.386259413766183
0.35,1.9993911244868634,-1.6493911244868635
0.42,1.6644683069337025,-1.2444683069337026
5.23,4.1765594882683645,1.0534405117316359
2.8,1.4719312917084877,1.3280687082915121
2.49,3.8648026458808453,-1.374802645880845
-0.22,-0.4788983715306941,0.25889837153069406
0.63,2.856190138465474,-2.226190138465474
1.05,0.8282546388821801,0.22174536111781995
-0.2,-0.164854898747698,-0.035145101252302025
9.55,6.92767553977263,2.6223244602273708
0.46,0.49219102348092086,-0.032191023480920844
1.73,2.930562577626432,-1.2005625776264321
5.1,3.246286497928763,1.8537135020712365
15.62,13.84011643690859,1.7798835630914098
-0.62,-0.5053280102576552,-0.11467198974234483
2.0,1.0140725583133743,0.9859274416866257
-0.39,-0.37791524233285556,-0.012084757667144452
1.46,1.6154052797523863,-0.15540527975238638
-0.1,0.18841848408321565,-0.2884184840832157
0.6,0.19161731460111917,0.4083826853988808
7.04,4.5594971276126195,2.4805028723873805
1.2,2.098465070811852,-0.898465070811852
1.51,3.6556801008096054,-2.1456801008096056
-0.78,-0.7741002324684277,-0.005899767531572286
-0.5,-0.2832766976641128,-0.2167233023358872
4.23,2.4792234191609905,1.7507765808390099
7.28,6.029529952359174,1.2504700476408264
8.39,10.492173445337633,-2.102173445337632
0.67,0.054287732770363695,0.6157122672296363
1.45,1.3158902923225286,0.13410970767747132
5.21,7.126820255771393,-1.916820255771393
1.76,3.5489415425088655,-1.7889415425088655
0.15,1.0874559304414932,-0.9374559304414932
-0.71,-0.34418474171544433,-0.36581525828455563
0.39,0.44362154984339724,-0.05362154984339723
3.5,3.6800255284186147,-0.18002552841861474
1.45,1.334615916978809,0.11538408302119096
2.31,1.4283226203381463,0.8816773796618538
-0.8,-0.7523966969229609,-0.047603303077039194
-0.33,0.17773261007818486,-0.5077326100781849
3.69,3.432943298717539,0.25705670128246094
0.08,0.24304729104773287,-0.16304729104773286
-0.32,0.316100456846742,-0.636100456846742
0.0,0.9773449731648033,-0.9773449731648033
1.03,0.4649119437401202,0.5650880562598799
0.89,0.7837433874705505,0.10625661252944951
-0.33,-0.3738361409009406,0.04383614090094057
3.86,3.0594478132921266,0.8005521867078733
2.16,2.255995695266359,-0.09599569526635898
-0.35,-0.12474365586250599,-0.22525634413749399
0.32,-0.026838572755158777,0.3468385727551588
-0.01,0.8575360857426898,-0.8675360857426898
1.85,1.1892126816497595,0.6607873183502406
4.54,7.611226801723482,-3.0712268017234816
2.14,1.4472450081105237,0.6927549918894764
2.97,3.319595423509853,-0.34959542350985284
0.86,2.028249121375159,-1.1682491213751591
1.79,0.9596048453644854,0.8303951546355146
0.06,0.9345937161611864,-0.8745937161611863
1.43,0.7349881937046518,0.6950118062953481
0.85,1.9253526394562417,-1.0753526394562418
0.51,2.252152605949674,-1.7421526059496741
5.7,6.3470525690917645,-0.6470525690917643
0.04,0.2085990633272705,-0.16859906332727048
0.56,1.5127015128509698,-0.9527015128509697
-0.41,-0.3242528253643113,-0.08574717463568865
11.33,8.065246178177063,3.2647538218229375
2.3,1.2201475052037332,1.0798524947962667
11.93,8.95984259507591,2.9701574049240893
1.55,0.765949987133632,0.784050012866368
0.2,-0.22965322415148245,0.42965322415148244
1.43,0.8530733129342788,0.5769266870657211
0.2,-0.225115873257998,0.42511587325799804
1.43,1.664251768127481,-0.23425176812748116
0.9,0.4883936112754164,0.4116063887245836
3.89,5.631585611690049,-1.741585611690049
3.59,1.868650579747374,1.7213494202526258
6.62,5.5413618873477395,1.0786381126522606
6.17,9.557046209172364,-3.3870462091723645
0.76,0.233904568244684,0.526095431755316
0.33,0.24259743362370065,0.08740256637629937
-0.01,0.05191050141246752,-0.061910501412467525
4.9,6.952673419667232,-2.052673419667232
1.37,2.4952531477892825,-1.1252531477892824
-0.13,-0.3751433178053814,0.2451433178053814
-0.57,-0.09491728900755284,-0.47508271099244714
13.07,8.668778501481173,4.401221498518828
-0.13,0.029385574537407148,-0.15938557453740715
0.8,0.42830022074800145,0.3716997792519986
-0.83,-0.8224881828773711,-0.007511817122628828
5.36,3.2271447858779436,2.1328552141220567
1.13,1.0027811632667265,0.1272188367332734
2.87,4.849830325795397,-1.9798303257953966
0.4,0.17534907538143504,0.22465092461856498
3.33,7.590571047295423,-4.260571047295423
1.9,1.3237423787798426,0.5762576212201573
-0.25,0.30441145414707743,-0.5544114541470775
1.44,0.7236576643732613,0.7163423356267387
0.16,0.7109856605156541,-0.5509856605156541
-0.88,-0.6899912460535895,-0.19000875394641048
0.69,0.9321219718035855,-0.24212197180358552
-0.34,-0.3047189862742687,-0.035281013725731336
0.35,1.9929139968115002,-1.6429139968115
5.97,10.953046737732643,-4.983046737732644
-0.15,-0.018403619225267846,-0.13159638077473215
4.83,9.153409434428752,-4.323409434428752
3.18,8.649677236071234,-5.4696772360712345
2.07,2.4309561442876837,-0.36095614428768386
-0.35,-0.32805435913599434,-0.021945640864005633
-0.15,-0.4461257796735708,0.2961257796735708
0.2,0.980621999484564,-0.780621999484564
0.71,1.8961422938861279,-1.186142293886128
5.72,4.21583255733961,1.50416744266039
-0.24,-0.3308910341560093,0.0908910341560093
1.42,1.3374131323874023,0.08258686761259759
15.4,9.261681624771084,6.138318375228916
0.55,1.008537990841837,-0.458537990841837
1.08,4.257422091954887,-3.1774220919548872
1.35,1.2832203398073576,0.06677966019264248
1.84,3.3424205047023996,-1.5024205047023995
4.92,2.507212225873214,2.412787774126786
-0.59,-0.6751805961721964,0.08518059617219642
-0.5,-0.44353278045759215,-0.056467219542407854
0.06,0.16925510273180647,-0.10925510273180647
0.62,0.41044008270551413,0.20955991729448586
1.18,0.5929306709226433,0.5870693290773566
1.12,0.7190725117330166,0.40092748826698354
3.22,1.9509088349079498,1.2690911650920504
1.95,3.3875443614236977,-1.4375443614236978
10.21,10.948489192937929,-0.7384891929379283
7.17,5.403859185019809,1.766140814980191
0.97,0.33722113823366767,0.6327788617663324
2.1,1.017491127356171,1.082508872643829
2.86,6.422192137609981,-3.562192137609981
8.85,8.160854813584306,0.6891451864156934
-0.6,-0.37740834582323773,-0.22259165417676224
12.07,11.145413583599442,0.9245864164005582
5.81,16.36441631048157,-10.554416310481571
0.06,-0.07345008811795704,0.13345008811795706
2.59,2.419943040224539,0.17005695977546065
17.03,14.74261090874507,2.2873890912549317
1.27,1.412530560574734,-0.142530560574734
1.25,0.7019264255522762,0.5480735744477238
0.1,0.5369962395367548,-0.4369962395367548
0.85,2.6832494512839133,-1.8332494512839133
2.73,4.476592078463259,-1.7465920784632591
0.95,1.0723040466141718,-0.12230404661417182
8.95,5.817089909247045,3.1329100907529543
-0.81,-0.5556406453014269,-0.2543593546985732
9.25,6.840740262407701,2.409259737592299
26.42,18.09379841742311,8.326201582576893
-0.09,1.003379983803275,-1.0933799838032752
9.65,10.621685059944097,-0.9716850599440967
-0.57,-0.09100023666984076,-0.4789997633301592
1.5,1.788090962327857,-0.2880909623278569
3.61,2.092319426531178,1.5176805734688217
2.41,4.733359073135543,-2.323359073135543
2.28,1.3166603047962917,0.9633396952037081
2.52,1.7366696332409481,0.7833303667590519
1.4,0.9021920429295359,0.497807957070464
2.38,1.3169486628067333,1.0630513371932666
5.55,9.244060761160833,-3.6940607611608334
0.67,0.2828048049397128,0.38719519506028727
8.76,6.553862370227835,2.206137629772165
1.39,2.5279086790159226,-1.1379086790159227
4.2,3.2018575201361603,0.9981424798638399
3.42,3.8468739838815176,-0.42687398388151765
7.86,5.2498779161101465,2.610122083889854
0.21,0.6899684060446117,-0.4799684060446118
-0.07,-0.17656952652358812,0.10656952652358812
4.18,3.1446751595505136,1.0353248404494861
2.01,2.4670872846149394,-0.45708728461493964
2.79,3.0799095475758334,-0.2899095475758333
5.13,3.6114776516970557,1.5185223483029442
2.6,2.2956652944931712,0.30433470550682884
0.18,-0.2228692572129465,0.40286925721294653
0.75,2.7042697213366877,-1.9542697213366877
3.86,5.9334665321061175,-2.0734665321061176
2.45,2.1899099550365624,0.2600900449634378
11.78,6.510188657883529,5.26981134211647
-0.66,-0.7667673549077795,0.10676735490777944
1.58,1.5359413459325035,0.04405865406749654
0.03,1.3297712405809659,-1.2997712405809658
10.92,7.481759736816193,3.4382402631838067
3.17,1.9888747048008406,1.1811252951991593
10.02,10.566926890896342,-0.5469268908963425
2.05,5.672792503746816,-3.6227925037468163
-0.28,-0.0975076837087111,-0.18249231629128893
4.32,2.419080535863371,1.9009194641366292
5.95,4.209402053155012,1.7405979468449884
0.29,0.9591189260003542,-0.6691189260003543
5.17,7.9164554869908015,-2.7464554869908016
-0.69,-0.7375889601310015,0.047588960131001556
3.01,2.825931413047521,0.18406858695247896
8.01,5.644787188565016,2.3652128114349837
1.07,1.3320789990760726,-0.26207899907607257
0.94,0.3370244421563756,0.6029755578436243
9.22,13.613187419737896,-4.393187419737895
0.4,0.9296636475412644,-0.5296636475412644
-0.06,1.0892005884574967,-1.1492005884574967
-0.09,0.9748628789891054,-1.0648628789891055
2.17,1.7398352873314813,0.43016471266851863
1.98,5.317864052492544,-3.337864052492544
-0.86,-0.8935097137600885,0.03350971376008849
2.08,1.2458964032322857,0.8341035967677144
20.1,14.5711909435354,5.528809056464601
1.8,2.4542796184571247,-0.6542796184571247
9.09,6.303579784066059,2.7864202159339406
9.41,10.98124255048459,-1.5712425504845893
2.09,1.4155568982733506,0.6744431017266492
1.64,2.4116625468282047,-0.7716625468282048
8.74,7.737314709328067,1.0026852906719332
3.6,2.0358908749435054,1.5641091250564947
9.84,19.558755233597523,-9.718755233597523
-0.76,-0.4613207067328519,-0.2986792932671481
0.53,0.03607659719110461,0.4939234028088954
-0.29,-0.0302089083792489,-0.2597910916207511
-0.18,-0.12911545758646034,-0.05088454241353965
2.24,3.1491171098398714,-0.9091171098398712
3.05,2.5723546569174403,0.47764534308255957
-0.03,0.6708369789082699,-0.7008369789082699
0.92,1.395966222305831,-0.47596622230583085
8.36,9.196860963431387,-0.8368609634313877
1.88,0.8408713615396279,1.039128638460372
5.01,3.5458084991776575,1.4641915008223423
0.43,0.16593557819072793,0.26406442180927203
1.46,1.53025610874827,-0.07025610874827004
4.98,6.62799918253859,-1.64799918253859
0.81,1.2976121747363778,-0.48761217473637775
9.28,14.260891723152078,-4.980891723152078
-0.2,-0.15202217162106502,-0.047977828378934995
-0.33,-0.5206676077695377,0.19066760776953767
1.7,0.9890373933796902,0.7109626066203097
7.68,7.054269844872386,0.6257301551276138
2.05,6.374748604060597,-4.324748604060598
3.27,4.28668186817965,-1.0166818681796497
-0.11,0.9472332875379347,-1.0572332875379347
2.39,2.4289765751586403,-0.03897657515864017
2.19,3.3385093661477927,-1.1485093661477928
3.73,3.214676433014734,0.5153235669852658
6.26,4.713829598194222,1.546170401805778
-0.39,-0.03528524038199318,-0.3547147596180068
-0.59,-0.361798162626387,-0.228201837373613
3.28,2.3671215302362087,0.9128784697637911
-0.61,-0.7517003454399894,0.14170034543998944
5.09,5.536736680860468,-0.446736680860468
-0.46,0.3114861226250109,-0.7714861226250109
-0.64,-0.306763590932881,-0.333236409067119
4.11,4.848899116170969,-0.7388991161709688
0.97,2.0879203802694186,-1.1179203802694186
0.12,1.4110573550245489,-1.2910573550245488
1.01,0.6172272456999464,0.39277275430005365
1.61,3.1469339493318627,-1.5369339493318626
0.12,-0.09354379399627227,0.21354379399627227
2.93,1.4609364042266757,1.4690635957733245
3.15,2.2509011039190274,0.8990988960809725
-0.41,-0.42403321908103736,0.014033219081037385
0.82,0.4111488130715484,0.40885118692845157
-0.8,-0.6677361639528872,-0.1322638360471129
-0.23,-0.3239096572985311,0.0939096572985311
0.01,1.2764729543766984,-1.2664729543766984
0.65,0.044330552780350946,0.6056694472196491
1.2,1.2451938507799558,-0.04519385077995586
6.26,4.9304298671120845,1.3295701328879153
0.01,0.888797655869845,-0.878797655869845
-0.57,-0.3728785529328513,-0.19712144706714863
3.82,5.02212810159011,-1.2021281015901102
2.21,6.101083559329801,-3.891083559329801
1.8,0.9321908195817756,0.8678091804182244
-0.47,-0.5605994629660538,0.09059946296605381
0.18,0.1671071826166632,0.01289281738333678
2.18,1.4785255800117836,0.7014744199882166
8.12,5.229497035481691,2.8905029645183085
7.34,4.528657513640843,2.811342486359157
0.89,0.4061982446807618,0.4838017553192382
7.6,4.864313311552235,2.735686688447765
13.41,12.640515040982793,0.7694849590172073
2.94,3.175784763632414,-0.23578476363241396
-0.63,-0.26123802196950846,-0.36876197803049154
1.51,2.132353793192412,-0.6223537931924119
2.18,2.729234696319067,-0.5492346963190666
-0.69,-0.5169973398529082,-0.17300266014709176
1.1,0.7583269966705402,0.34167300332945993
-0.37,-0.2496097014641233,-0.12039029853587668
1.72,2.502879464972033,-0.782879464972033
0.44,2.334225557206612,-1.894225557206612
1.22,1.015667619576234,0.204332380423766
0.4,0.3608171700377713,0.039182829962228716
0.77,0.4257398483999337,0.34426015160006634
-0.05,1.284082224893008,-1.334082224893008
0.83,3.256161606654616,-2.426161606654616
-0.21,-0.003409097751105835,-0.20659090224889415
-0.05,-0.35539896404408694,0.30539896404408695
3.11,3.9611380290533225,-0.8511380290533226
10.56,9.198411001807758,1.3615889981922429
-0.08,-0.16201192004030562,0.08201192004030562
2.99,4.142623897930862,-1.1526238979308614
1.9,3.5481894213865726,-1.6481894213865727
2.58,1.6106791300352226,0.9693208699647775
-0.83,-0.7255872780555047,-0.10441272194449525
6.95,4.55935554159517,2.3906444584048305
2.59,2.1750942660244457,0.4149057339755542
6.14,6.026181084556446,0.11381891544355405
23.33,23.329856190873997,0.00014380912600131524
-0.5,0.2519385349527288,-0.7519385349527288
5.84,11.424753700961345,-5.584753700961345
3.63,3.5390620500579097,0.09093794994209015
-0.48,-0.4610209824608562,-0.018979017539143772
-0.12,-0.4098942008924105,0.2898942008924105
0.46,0.39217075131643,0.06782924868357004
1.85,2.571539982812992,-0.7215399828129918
1.48,3.1055781364412005,-1.6255781364412005
1.22,1.0187723263616362,0.2012276736383638
0.56,0.8896066787055783,-0.32960667870557825
1.61,0.749533920900244,0.8604660790997561
6.17,4.66412951124413,1.5058704887558703
1.85,3.4463486646787835,-1.5963486646787834
0.28,-0.08443586023718236,0.3644358602371824
3.63,9.038116008238765,-5.408116008238765
-0.75,-0.5092113799826061,-0.24078862001739387
0.76,0.623316280380649,0.136683719619351
-0.51,-0.4527895725972644,-0.05721042740273563
-0.08,-0.20363354712154544,0.12363354712154544
-0.48,-0.35941141235507107,-0.12058858764492891
-0.12,0.6875421432665162,-0.8075421432665162
15.69,12.84893025661271,2.8410697433872887
-0.56,-0.6492328160076458,0.08923281600764577
9.54,7.236305204263851,2.303694795736148
3.36,7.850682248437287,-4.490682248437286
0.36,-0.11561717298295096,0.4756171729829509
-0.57,-0.6235648745928402,0.053564874592840206
9.88,23.185964172439228,-13.305964172439227
14.32,8.8901566440919,5.429843355908099
-0.4,0.17353322833949994,-0.5735332283394999
-0.04,0.5287292744668715,-0.5687292744668715
-0.23,0.23727705999154727,-0.4672770599915473
3.62,6.290188756463437,-2.6701887564634372
-0.59,-0.4751453862099253,-0.11485461379007467
-0.31,-0.5354847193818335,0.2254847193818335
0.51,0.2632762805704873,0.2467237194295127
6.6,5.587206870520763,1.0127931294792365
1.62,1.2231907550496566,0.39680924495034353
2.72,4.0843046861289025,-1.3643046861289023
0.49,0.8712813396133507,-0.38128133961335076
0.77,0.9442829736207776,-0.1742829736207776
6.24,4.94264377092165,1.2973562290783498
-0.59,-0.43553655381249634,-0.15446344618750363
-0.93,-0.8763626456050546,-0.053637354394945436
-0.68,-0.642831020860399,-0.037168979139601044
-0.72,-0.7862592726397459,0.06625927263974596
1.9,3.5417339755206405,-1.6417339755206406
0.29,-0.10587237459502945,0.39587237459502944
3.32,2.7422516070750276,0.5777483929249723
9.72,5.946973858564741,3.7730261414352597
-0.62,-0.0740356021882139,-0.5459643978117861
0.66,1.8811170080107054,-1.2211170080107054
0.19,0.0697380733530493,0.1202619266469507
4.19,2.9215023874565316,1.2684976125434688
0.54,0.1899195063863893,0.3500804936136107
5.22,10.726572404861825,-5.506572404861825
0.49,0.6377177499849349,-0.14771774998493492
0.3,0.5732137967424765,-0.27321379674247653
-0.51,-0.14502518986328075,-0.3649748101367193
0.27,-0.14485905238392954,0.41485905238392956
1.38,1.7907066386025678,-0.41070663860256795
3.52,2.2467461370985595,1.2732538629014405
1.16,1.3838194538325044,-0.22381945383250446
1.37,3.614693387952262,-2.2446933879522617
0.41,2.1503626323495513,-1.7403626323495514
0.62,1.1723563222999358,-0.5523563222999358
2.27,2.331854343450796,-0.0618543434507961
2.69,2.1719201626801516,0.5180798373198483
-0.77,-0.5677668545274496,-0.20223314547255045
3.5,3.5537454750149253,-0.053745475014925326
-0.83,-0.6793720874626199,-0.15062791253738006
-0.68,-0.5269151934114152,-0.1530848065885848
-0.34,-0.5795338612346388,0.23953386123463877
13.06,8.15826882714904,4.90173117285096
2.64,3.748177188928926,-1.1081771889289258
1.32,1.432237381743559,-0.1122373817435589
-0.32,0.5636496595833858,-0.8836496595833858
-0.2,0.4837709069066661,-0.6837709069066661
1.9,4.463024290073038,-2.5630242900730384
3.81,6.005064435019222,-2.1950644350192223
4.05,3.662593826786211,0.387406173213789
0.78,0.2973514776891411,0.4826485223108589
0.26,1.0421227793527335,-0.7821227793527334
-0.2,0.8462265431429232,-1.0462265431429232
-0.49,0.05281720630914724,-0.5428172063091472
3.28,2.3114537661191945,0.9685462338808053
0.67,2.31080014452392,-1.64080014452392
27.49,15.839170443279542,11.650829556720456
-0.66,-0.41191611802246075,-0.24808388197753928
2.45,3.540716564624212,-1.0907165646242118
5.55,3.5429793853652534,2.0070206146347465
2.1,2.4717172394940166,-0.37171723949401647
2.38,3.305278136351522,-0.9252781363515221
0.14,0.5030241917391485,-0.36302419173914846
-0.33,0.0179630790111538,-0.3479630790111538
7.73,5.416768296060463,2.313231703939538
1.4,0.7322933733957879,0.667706626604212
0.17,0.6769310588315449,-0.5069310588315449
8.31,7.337649818321168,0.9723501816788325
1.79,1.6019265419923192,0.18807345800768083
-0.41,-0.42744820689670004,0.01744820689670007
1.63,1.031416022803658,0.5985839771963419
4.09,4.568176892625071,-0.4781768926250711
10.01,6.5193365116393425,3.4906634883606573
1.21,1.7801567988648253,-0.5701567988648253
0.91,0.9149744261851243,-0.0049744261851242255
8.33,6.245462778685958,2.084537221314042
-0.64,-0.5963185409220069,-0.043681459077993146
1.83,1.2470325817181749,0.5829674182818252
14.6,16.727400298737496,-2.1274002987374967
1.36,0.7265461318523521,0.633453868147648
0.65,1.6112208956954526,-0.9612208956954525
1.99,2.1815062915107712,-0.19150629151077125
-0.13,-0.2755653249526899,0.14556532495268992
3.68,2.1215879589042737,1.5584120410957265
0.2,-0.09137132800799302,0.29137132800799304
1.33,2.814145220508574,-1.484145220508574
0.93,3.071801402984908,-2.1418014029849077
5.35,12.967718506020153,-7.617718506020154
-0.64,-0.2810580403775147,-0.3589419596224853
-0.09,-0.10759930336142341,0.017599303361423416
0.65,2.467038601434283,-1.817038601434283
2.18,1.093134266108815,1.0868657338911851
1.95,2.9397410567230917,-0.9897410567230918
14.03,9.746776780157312,4.283223219842688
-0.03,0.9564351839461425,-0.9864351839461425
0.29,-0.07228180882804808,0.36228180882804806
-0.64,-0.33606460160383406,-0.30393539839616596
4.69,2.908315855410127,1.7816841445898732
17.59,17.17397635654409,0.41602364345590814
0.29,1.8121535257625636,-1.5221535257625636
3.2,2.1685010414526524,1.0314989585473477
3.66,4.793369399011462,-1.1333693990114622
9.04,8.172515744349694,0.8674842556503055
1.6,1.216288459060226,0.383711540939774
2.39,2.187360115441484,0.20263988455851623
1.0,0.6636676091442612,0.33633239085573885
3.93,1.8315052597465569,2.098494740253443
0.95,2.8082835963340305,-1.8582835963340305
1.02,0.6592282626969687,0.36077173730303136
-0.16,0.12534826718050235,-0.2853482671805023
0.89,0.6568775356530485,0.2331224643469515
-0.77,-0.5213285155570911,-0.24867148444290887
7.4,7.837334649496222,-0.437334649496222
8.36,6.4133082742237075,1.946691725776292
-0.84,-0.6682782673767413,-0.17172173262325863
0.04,-0.1464791897575567,0.1864791897575567
4.83,4.571755606429822,0.2582443935701777
1.92,4.298034427384552,-2.378034427384552
3.09,6.116273103332416,-3.026273103332416
4.0,7.593592346723821,-3.5935923467238213
2.76,4.0175949847078956,-1.2575949847078958
5.4,7.000664553535195,-1.6006645535351947
1.78,0.9705449373457742,0.8094550626542258
3.64,2.348558023138571,1.291441976861429
-0.02,1.1834425884188866,-1.2034425884188866
1.56,0.9607577776912886,0.5992422223087115
-0.67,-0.630650024761883,-0.03934997523811701
-0.41,-0.44991598778194053,0.039915987781940554
-0.02,0.2954871250094404,-0.31548712500944043
0.83,0.6849824702684473,0.14501752973155269
5.74,9.527034877866353,-3.7870348778663523
0.52,0.755137110513931,-0.23513711051393094
-0.62,-0.39062601749426734,-0.22937398250573265
3.21,4.240097316326499,-1.0300973163264988
0.12,-0.10135175146880628,0.22135175146880626
-0.29,-0.5162461453957226,0.22624614539572258
1.56,0.7967940732937107,0.7632059267062894
2.52,8.34043945104235,-5.8204394510423505
0.8,0.4787322445157077,0.3212677554842923
2.54,3.2133667081390422,-0.6733667081390422
1.56,4.332945792698749,-2.772945792698749
4.37,2.8390362431382985,1.5309637568617016
1.9,3.3898493461196058,-1.4898493461196058
-0.79,-0.8403187469389592,0.05031874693895921
2.79,1.5865888857704935,1.2034111142295065
1.02,0.35815476291538123,0.6618452370846188
-0.02,0.9035832017185355,-0.9235832017185355
-0.56,-0.6540759770208066,0.0940759770208065
2.48,1.91649705168194,0.56350294831806
4.78,4.506636442831159,0.27336355716884153
2.05,1.8155904897395074,0.2344095102604924
1.34,3.656424132613531,-2.3164241326135313
1.47,1.1534027987234468,0.3165972012765532
0.7,2.584454328477192,-1.8844543284771922
-0.83,-0.590381367875144,-0.239618632124856
1.26,0.5280953244236872,0.7319046755763128
31.13,19.84926443919071,11.28073556080929
7.07,12.431662423941145,-5.361662423941144
1.11,0.7005594872148181,0.409440512785182
-0.04,0.6017387349434689,-0.6417387349434689
5.87,4.162850060791141,1.7071499392088594
1.41,1.5192284982582913,-0.1092284982582914
-0.03,-0.12091612726993328,0.09091612726993328
4.79,5.218128073928531,-0.4281280739285309
-0.31,0.3910735670839881,-0.701073567083988
-0.1,-0.05983688627703651,-0.040163113722963495
2.47,3.5468672524537865,-1.0768672524537863
-0.16,0.09221581752868797,-0.252215817528688
1.23,0.6095142101819856,0.6204857898180144
-0.79,-0.6147561195502236,-0.17524388044977646
0.84,0.16944285772887333,0.6705571422711266
1.67,2.100755028136869,-0.4307550281368693
2.89,1.6301690288129522,1.259830971187048
0.26,1.380767232040123,-1.120767232040123
0.56,0.10972413904263258,0.4502758609573675
0.81,0.535742437558118,0.27425756244188204
-0.56,-0.6633458167264835,0.10334581672648346
2.31,1.43456620944489,0.87543379055511
4.08,2.9561508815137976,1.1238491184862025
3.36,2.048505003293048,1.3114949967069518
-0.74,-0.8284876902097362,0.08848769020973624
3.69,4.611025100515618,-0.9210251005156178
8.94,15.421383457188565,-6.481383457188565
7.67,5.982552271975264,1.6874477280247362
3.49,2.1318354860442965,1.3581645139557037
0.36,1.0656781878867214,-0.7056781878867214
2.13,1.7388417003567338,0.3911582996432661
1.02,1.198535241567049,-0.17853524156704892
-0.42,-0.3336108399258926,-0.08638916007410741
7.63,7.519443375915575,0.1105566240844249
-0.48,-0.3536957022787461,-0.1263042977212539
1.8,3.705130577919067,-1.9051305779190668
5.17,4.520579988821646,0.6494200111783544
-0.63,-0.6513229138795835,0.021322913879583516
12.05,20.01783683740023,-7.9678368374002275
-0.18,0.16563549352640056,-0.34563549352640055
0.97,1.0307891705772798,-0.06078917057727984
4.6,3.9883763715517646,0.611623628448235
5.67,7.588288484386436,-1.9182884843864363
1.18,0.7838049031211354,0.39619509687886456
1.47,2.0803681962030307,-0.6103681962030307
-0.4,0.2200885897084982,-0.6200885897084982
22.51,15.417571429319581,7.09242857068042
7.53,7.353729061826416,0.17627093817358386
5.03,3.6336366481987814,1.3963633518012188
2.02,1.874665877015741,0.14533412298425907
2.22,3.496327906226965,-1.2763279062269648
2.59,2.832101209850041,-0.24210120985004124
-0.04,-0.17195874271290776,0.13195874271290775
4.1,2.3418804370175392,1.7581195629824604
2.43,5.845071297614569,-3.415071297614569
0.54,0.6155629713187334,-0.07556297131873335
0.57,1.8731250768094234,-1.3031250768094234
10.05,6.5665553340308405,3.4834446659691602
3.98,2.4344897189266073,1.5455102810733927
1.49,1.9898874823260981,-0.49988748232609814
2.03,6.175544477628016,-4.145544477628016
1.37,2.1745120025437132,-0.8045120025437131
3.95,2.0619084886331494,1.8880915113668508
0.11,-0.02966982386186233,0.13966982386186233
15.05,10.082422371230734,4.967577628769266
3.54,3.9916786748887594,-0.45167867488875935
-0.23,-0.39212453908374106,0.16212453908374105
2.61,1.7365204722415726,0.8734795277584273
14.58,11.823732955897789,2.756267044102211
-0.7,-0.690192564919603,-0.009807435080396942
-0.65,-0.5800376236563023,-0.06996237634369773
-0.64,-0.7045537886793173,0.06455378867931727
3.89,7.724303950825965,-3.8343039508259653
-0.91,-0.8303473343235467,-0.07965266567645335
0.7,0.3938124058226004,0.30618759417739955
-0.06,-0.16619013417282755,0.10619013417282755
-0.82,-0.87980523985472,0.05980523985472008
2.45,1.3732952765296278,1.0767047234703724
-0.36,-0.3006351334851432,-0.059364866514856784
0.54,2.0882896062166316,-1.5482896062166316
0.37,0.04796004871451307,0.3220399512854869
2.97,2.0814599271047407,0.8885400728952595
1.4,3.115170142681911,-1.7151701426819113
0.76,0.19851620521343938,0.5614837947865606
4.93,4.639718365281557,0.2902816347184425
3.06,2.05769640962394,1.00230359037606
-0.38,-0.1539152651872192,-0.2260847348127808
-0.1,-0.4247155416939962,0.3247155416939962
2.7,1.2687216537956156,1.4312783462043845
15.97,14.722108916702545,1.2478910832974552
-0.86,-0.6226378437626597,-0.23736215623734025
5.11,6.358012922477731,-1.2480129224777308
10.85,9.874038364607589,0.9759616353924105
0.66,1.474265947385714,-0.814265947385714
-0.03,1.159393148489534,-1.189393148489534
3.13,4.219779141938295,-1.089779141938295
-0.19,-0.47379597467124407,0.28379597467124407
-0.79,-0.7441340436085871,-0.04586595639141289
3.19,2.308129208038946,0.8818707919610538
2.81,1.4067248103016623,1.4032751896983378
0.91,0.9137096656525024,-0.003709665652502414
1.59,0.9213860412216672,0.6686139587783329
5.45,3.2891158843307586,2.1608841156692415
0.12,1.7379015553850452,-1.6179015553850453
2.03,0.9355894719990374,1.0944105280009624
1.95,0.9949310484781351,0.9550689515218649
3.08,4.883103456153946,-1.8031034561539458
0.36,-0.14298574850882773,0.5029857485088277
-0.23,-0.3072475798727827,0.07724757987278266
4.19,2.1399926483384264,2.050007351661574
10.44,10.080347525645967,0.35965247435403214
6.12,3.82615740715984,2.2938425928401602
11.26,12.64231440989647,-1.3823144098964697
1.26,3.395648376878579,-2.135648376878579
0.04,-0.028025887465316254,0.06802588746531625
1.04,1.572185289168956,-0.532185289168956
4.99,5.549995238883527,-0.559995238883527
0.49,0.08600645610076299,0.40399354389923703
18.66,12.16459589666606,6.495404103333939
-0.07,0.029712985811577493,-0.0997129858115775
-0.7,-0.3295529864191406,-0.37044701358085935
-0.57,-0.5882613746578035,0.01826137465780353
-0.33,0.7213084801853071,-1.0513084801853072
0.23,0.5090110271358874,-0.27901102713588743
6.59,3.5999165058287783,2.9900834941712215
0.05,0.010193867933443046,0.039806132066556955
-0.2,-0.08720766548046101,-0.112792334519539
0.81,1.9755825150962805,-1.1655825150962804
-0.62,-0.33397840150104224,-0.28602159849895775
7.69,7.9170216951246974,-0.22702169512469705
-0.49,-0.685114474120627,0.195114474120627
13.62,11.614751239171007,2.0052487608289926
1.25,3.028296358358537,-1.7782963583585372
-0.54,-0.5556564333721428,0.01565643337214273
-0.39,0.36629476327551025,-0.7562947632755103
3.31,1.7393764461569603,1.5706235538430398
-0.16,0.8858685693173975,-1.0458685693173975
22.3,21.98478903152403,0.3152109684759701
-0.1,-0.40492046045027236,0.3049204604502723
0.02,0.7225855759067632,-0.7025855759067632
-0.7,-0.2586734607303971,-0.44132653926960286
-0.32,-0.3204873850115216,0.0004873850115215683
0.75,0.7616850754282335,-0.011685075428233493
0.13,-0.1191571597698997,0.24915715976989972
7.33,8.990059972555542,-1.6600599725555423
-0.68,-0.6388376158390046,-0.04116238416099549
11.35,8.677292178882904,2.672707821117095
6.49,4.914469073148711,1.5755309268512896
0.99,0.912991566910854,0.07700843308914596
4.1,2.553806717806857,1.5461932821931428
1.06,1.0471649921583324,0.01283500784166769
0.27,-0.03624608237614318,0.3062460823761432
3.99,2.8672085467914354,1.1227914532085648
0.67,0.8355543852148428,-0.16555438521484278
1.04,2.2772279772205146,-1.2372279772205146
3.59,6.26915161300702,-2.6791516130070203
9.74,12.094048257326094,-2.3540482573260935
-0.03,0.7472042240512422,-0.7772042240512422
-0.41,-0.372674321249485,-0.03732567875051496
7.65,4.9856386909323795,2.664361309067621
0.81,1.4634045488484237,-0.6534045488484237
-0.25,-0.1019176116679593,-0.14808238833204068
0.77,0.9336550307968688,-0.16365503079686883
1.05,0.3453141461016603,0.7046858538983398
0.26,0.7067575523204668,-0.44675755232046677
-0.36,-0.13196254503939506,-0.22803745496060493
0.54,0.06535465904929946,0.47464534095070054
15.15,8.847280740956304,6.3027192590436965
4.74,3.0707142540435033,1.669285745956497
-0.45,-0.5354977395004071,0.08549773950040712
1.2,1.2595287677108833,-0.059528767710883335
1.33,1.0834437608834093,0.24655623911659075
4.53,6.488841024427676,-1.9588410244276755
1.22,0.5482688463156237,0.6717311536843763
1.19,1.259576847819391,-0.069576847819391
1.43,2.8189048840975808,-1.3889048840975808
9.65,8.009258155932166,1.6407418440678345
-0.54,0.009216285316961238,-0.5492162853169613
0.07,0.4243743508332984,-0.3543743508332984
2.15,4.382080577465295,-2.2320805774652954
6.94,4.376314661457955,2.5636853385420455
0.55,0.011395035297371445,0.5386049647026286
1.95,1.9515806328245404,-0.0015806328245404622
0.73,0.2047279825674866,0.5252720174325134
1.44,0.7330985017902237,0.7069014982097762
3.75,2.7484422481803,1.0015577518196999
9.43,8.771356391819813,0.6586436081801867
3.1,2.507625642065474,0.592374357934526
3.13,2.336453608839062,0.793546391160938
-0.03,1.2227377922503402,-1.2527377922503402
-0.14,-0.391775426846433,0.251775426846433
3.76,3.6855512784945215,0.07444872150547832
1.61,0.9185103308893794,0.6914896691106207
1.37,2.6014098156595082,-1.2314098156595081
1.39,0.6841511623387659,0.705848837661234
2.68,2.128806902680185,0.5511930973198154
-0.88,-0.7999773426762817,-0.08002265732371827
1.74,1.5805324916421952,0.15946750835780477
3.68,2.3287243317458044,1.3512756682541958
2.95,3.752238835489897,-0.8022388354898968
-0.41,0.019108521688103248,-0.4291085216881032
1.87,1.0344075654122846,0.8355924345877155
1.53,0.7909801950083568,0.7390198049916432
2.36,3.7140564116164008,-1.354056411616401
3.42,2.012921691239206,1.407078308760794
6.31,3.7559882517359826,2.554011748264017
-0.43,-0.4456276327742775,0.015627632774277533
-0.53,-0.1884283672768321,-0.34157163272316793
3.98,10.830345041713173,-6.850345041713172
1.15,2.4508973933616933,-1.3008973933616934
6.78,7.373223511037513,-0.5932235110375128
0.86,0.5824330243241939,0.2775669756758061
0.26,2.151214430683517,-1.8912144306835168
1.31,1.9867668482842415,-0.6767668482842415
0.64,1.5290306844994046,-0.8890306844994046
0.34,1.3714906782131335,-1.0314906782131334
12.87,8.19706452218785,4.67293547781215
0.86,0.6868976908809464,0.17310230911905355
0.67,0.12964108777679464,0.5403589122232054
-0.74,-0.7128000767213434,-0.027199923278656613
11.18,6.549248214784843,4.630751785215157
25.94,16.505800417336506,9.434199582663496
1.76,4.396883468646901,-2.636883468646901
0.0,-0.005499597999823045,0.005499597999823045
1.34,1.0657094006722934,0.2742905993277067
15.38,9.195626528530298,6.184373471469703
-0.66,-0.332371855009516,-0.32762814499048404
14.47,11.630138847804792,2.8398611521952084
-0.56,-0.41943127682596243,-0.14056872317403762
9.8,8.03997341227546,1.760026587724541
3.81,8.547099347962055,-4.7370993479620545
0.57,0.10661968271606789,0.46338031728393203
1.57,0.7897938243703448,0.7802061756296552
8.29,8.550120609787824,-0.26012060978782436
-0.22,0.2331220749938323,-0.4531220749938323
2.4,3.3200530031360036,-0.9200530031360037
-0.64,-0.625696889611062,-0.014303110388938056
4.15,5.641760071461243,-1.4917600714612425
2.27,6.877757847509135,-4.607757847509134
0.88,3.079233561144323,-2.199233561144323
-0.01,-0.3466457938472064,0.3366457938472064
0.56,1.3278341114724799,-0.7678341114724798
-0.1,1.2065864028910918,-1.3065864028910918
-0.85,-0.7909840665545566,-0.059015933445443425
1.44,3.37651235383214,-1.93651235383214
-0.15,-0.4553586058533876,0.3053586058533876
-0.7,-0.5898838071444074,-0.1101161928555926
1.45,2.2043121279037257,-0.7543121279037257
3.36,1.8251921224652001,1.5348078775347997
6.8,4.162049434968368,2.637950565031632
0.73,2.160696242813999,-1.4306962428139989
1.59,0.7001265289514771,0.889873471048523
5.97,4.1761507342515385,1.7938492657484613
2.73,1.3556165397644204,1.3743834602355796
6.8,8.214994587675385,-1.4149945876753849
5.54,4.427379863779929,1.1126201362200714
14.51,10.021021426164271,4.488978573835729
1.9,0.8504175364370763,1.0495824635629236
1.92,3.3264561298115725,-1.4064561298115725
-0.57,-0.322709869704539,-0.24729013029546093
-0.03,0.1800232436104629,-0.2100232436104629
0.46,0.29998063686652376,0.16001936313347626
-0.18,0.8109942289545696,-0.9909942289545697
-0.79,-0.8521060805244269,0.0621060805244269
0.12,1.6874624912022849,-1.567462491202285
1.91,1.4086195195393747,0.5013804804606252
2.42,1.113065266868067,1.306934733131933
1.09,0.7801571551117915,0.30984284488820857
-0.16,0.2035282205144481,-0.3635282205144481
-0.62,-0.7351009396644101,0.11510093966441015
5.1,4.398996427065283,0.7010035729347166
-0.28,-0.5115778909644456,0.2315778909644456
6.76,6.940264011304952,-0.18026401130495184
-0.51,-0.3734531742547214,-0.1365468257452786
0.63,0.24775355433200422,0.3822464456679958
4.74,2.922633609991017,1.8173663900089831
2.02,1.389310513726428,0.6306894862735719
-0.14,-0.12948182333244249,-0.010518176667557527
10.21,8.789272822707346,1.4207271772926546
-0.75,-0.8362755568211566,0.08627555682115662
9.72,7.4795557375930635,2.240444262406937
9.84,12.051738000477645,-2.211738000477645
12.52,9.39388975396261,3.12611024603739
0.18,0.015428849006468418,0.1645711509935316
-0.62,-0.5212130195677194,-0.09878698043228062
0.73,3.0081902036128603,-2.2781902036128603
0.92,0.5393629848321954,0.3806370151678047
11.5,15.99181894868977,-4.491818948689771
4.44,3.4865984740675953,0.9534015259324051
-0.82,-0.6178756956542079,-0.2021243043457921
-0.33,-0.4982228667694669,0.1682228667694669
4.39,8.059499642566983,-3.6694996425669837
0.41,2.192024105951999,-1.7820241059519992
0.33,-0.11046392487161467,0.4404639248716147
-0.04,0.14531221410542752,-0.18531221410542753
2.16,3.2267120267670495,-1.0667120267670493
2.45,2.331403089700867,0.11859691029913311
7.05,8.442683741205608,-1.392683741205608
0.15,0.5010310339236672,-0.3510310339236672
-0.8,-0.7101288084901396,-0.08987119150986045
0.8,1.5733622819361057,-0.7733622819361057
-0.83,-0.6521920222674428,-0.1778079777325572
0.37,0.9132353101033178,-0.5432353101033178
6.68,8.60864185192509,-1.9286418519250894
2.36,6.452465448356147,-4.092465448356148
5.45,3.3369188708547246,2.1130811291452756
4.46,7.106326658273296,-2.6463266582732956
0.59,1.7016801084068018,-1.111680108406802
-0.63,-0.14227159814435497,-0.48772840185564503
-0.66,-0.7391775639450917,0.07917756394509168
1.22,0.4962327670550955,0.7237672329449045
4.43,3.2464276892473247,1.183572310752675
8.57,5.64141645903352,2.92858354096648
-0.13,0.08369474037840251,-0.21369474037840253
2.72,4.346282496416473,-1.6262824964164726
0.45,0.9897403642408361,-0.539740364240836
-0.28,-0.3125628012294073,0.0325628012294073
1.2,1.9318219338727325,-0.7318219338727325
10.98,10.234814285515661,0.7451857144843395
11.62,10.821016645080974,0.7989833549190255
0.21,1.811621756482964,-1.601621756482964
0.94,0.24529375969640488,0.6947062403035951
2.81,1.7465809926692244,1.0634190073307757
0.65,0.29907402399426636,0.35092597600573366
0.4,0.5487971825668291,-0.14879718256682906
0.36,1.0154974275934843,-0.6554974275934843
0.81,1.824143694213874,-1.014143694213874
2.89,6.112668739497825,-3.222668739497825
0.12,0.01969789685939924,0.10030210314060076
-0.25,-0.30998871320057175,0.05998871320057175
0.1,0.3379884344910842,-0.23798843449108417
-0.49,-0.4145380875135876,-0.07546191248641237
1.49,0.7603669823489959,0.7296330176510041
4.18,5.39403388337645,-1.21403388337645
-0.75,-0.7819519173314746,0.03195191733147462
0.15,0.17536660193363388,-0.02536660193363388
1.08,3.652723974698985,-2.572723974698985
2.35,1.8876272898773672,0.4623727101226329
1.78,0.6906835722996035,1.0893164277003966
21.68,14.76870388060427,6.911296119395729
0.21,0.23061671672900838,-0.02061671672900839
6.94,4.969368569858608,1.9706314301413927
0.51,0.4610093066661947,0.04899069333380529
7.85,4.5125328932991415,3.337467106700858
0.27,1.4546056122629005,-1.1846056122629005
0.09,0.6919230077394514,-0.6019230077394514
0.33,2.458785927107566,-2.128785927107566
1.94,0.9724112967234483,0.9675887032765517
1.48,2.118321372771591,-0.6383213727715908
1.77,1.1058464501551388,0.6641535498448612
3.05,4.927047796653634,-1.8770477966536339
2.87,7.953518715320444,-5.0835187153204435
5.7,9.2554798339502,-3.5554798339502005
1.62,1.0004152180930213,0.6195847819069789
2.55,1.6295486529474106,0.9204513470525892
1.22,0.7886637005239734,0.4313362994760266
0.06,-0.07732633518235349,0.1373263351823535
0.08,0.15732675020581702,-0.07732675020581702
3.3,2.138942350554477,1.1610576494455227
5.08,3.3679969519851554,1.7120030480148447
0.21,0.1470645854209474,0.06293541457905258
6.83,6.841670910754783,-0.011670910754783215
9.6,14.206329977692512,-4.606329977692512
2.99,6.722808588778685,-3.732808588778685
0.64,1.3577692201802878,-0.7177692201802878
7.01,9.006929381552606,-1.9969293815526061
1.01,1.425520273518224,-0.41552027351822396
-0.41,-0.35454967694204487,-0.05545032305795511
1.03,1.5912141366042025,-0.5612141366042025
3.09,3.9958692503727624,-0.9058692503727626
2.07,1.7805282125909623,0.28947178740903756
-0.42,-0.5358785149831107,0.11587851498311069
-0.43,-0.27644182880220514,-0.15355817119779486
-0.03,-0.4084117915515533,0.37841179155155336
1.4,1.1075374625298606,0.2924625374701393
-0.46,-0.6351413119155561,0.1751413119155561
-0.24,0.32130398748017824,-0.5613039874801782
-0.03,0.5664498878620722,-0.5964498878620722
3.32,3.104747818264241,0.21525218173575889
-0.6,-0.14954873337915425,-0.4504512666208457
1.16,2.3099761750979733,-1.1499761750979733
1.39,0.52806026775312,0.8619397322468799
3.44,2.07955963058961,1.36044036941039
-0.49,0.21217183148466243,-0.7021718314846624
2.71,2.2319510476497264,0.47804895235027356
7.11,6.783914143453123,0.32608585654687694
1.91,0.8745120444198923,1.0354879555801078
3.74,5.471681783435364,-1.7316817834353637
3.65,2.5734640238722104,1.0765359761277895
3.39,3.1713959757645154,0.21860402423548475
8.42,8.456343911673802,-0.0363439116738018
0.62,0.6354280395121279,-0.0154280395121279
-0.75,-0.7335878478495532,-0.01641215215044678
-0.2,0.8868481369230398,-1.0868481369230398
1.84,2.215064520422605,-0.37506452042260485
2.3,1.7946868663600481,0.5053131336399517
5.63,3.162381290964501,2.467618709035499
-0.15,1.1063074693879789,-1.2563074693879788
2.71,1.4249905110508423,1.2850094889491577
2.79,1.6330628329645647,1.1569371670354354
9.31,5.766141515258018,3.5438584847419827
-0.22,-0.2983766191981131,0.07837661919811309
0.53,0.4025476262261652,0.12745237377383484
3.08,7.9915655744489476,-4.9115655744489475
1.43,2.74630599781098,-1.3163059978109801
-0.22,-0.4525526477199606,0.23255264771996062
4.46,2.4225487835443156,2.0374512164556844
1.01,0.9661228992603488,0.04387710073965123
8.0,17.31328525889935,-9.313285258899349
-0.77,-0.5432285665806974,-0.22677143341930261
-0.8,-0.8752918804178406,0.07529188041784052
1.62,3.1521743556430373,-1.5321743556430372
-0.68,-0.33790616882184754,-0.3420938311781525
1.86,2.256321248989805,-0.3963212489898049
1.67,3.3972396385416643,-1.7272396385416644
1.01,1.2396748806025133,-0.2296748806025133
0.57,1.0049368990425578,-0.43493689904255783
1.24,0.9820018111100984,0.25799818888990156
-0.39,-0.09515073264033166,-0.2948492673596683
0.21,0.20076845027731952,0.009231549722680477
0.27,0.754966721318446,-0.484966721318446
19.11,13.632204871012062,5.477795128987937
1.17,0.6248954093005755,0.5451045906994244
2.83,3.476705467088522,-0.646705467088522
-0.28,-0.44479611403773733,0.1647961140377373
0.45,0.9332996849422779,-0.4832996849422779
0.33,1.4550942168861496,-1.1250942168861495
-0.79,-0.5209349040334416,-0.2690650959665585
3.98,3.0342186158153233,0.9457813841846767
5.39,3.0428781394280477,2.347121860571952
1.44,0.7706568232198641,0.6693431767801359
7.43,5.543983808713212,1.8860161912867879
1.29,0.5421123504590223,0.7478876495409778
12.86,15.873810063379805,-3.0138100633798057
0.76,1.085027655354633,-0.32502765535463296
0.54,1.4726847038184219,-0.9326847038184218
14.43,10.865443818620504,3.564556181379496
1.23,1.3400347367805008,-0.1100347367805008
2.52,3.069398845416901,-0.549398845416901
0.79,0.6101504818971076,0.1798495181028924
1.51,1.7241215142567587,-0.21412151425675874
9.48,6.702207846473061,2.7777921535269394
0.58,0.731951362987931,-0.151951362987931
-0.36,0.23018047042620016,-0.5901804704262001
3.78,2.4461849154404924,1.3338150845595074
-0.73,-0.41975864571248633,-0.31024135428751365
0.07,-0.2118156780709105,0.2818156780709105
-0.57,0.009398574293032967,-0.5793985742930329
0.94,0.6308607562601044,0.30913924373989554
2.67,2.133446739323163,0.5365532606768371
0.15,1.7199459566512776,-1.5699459566512777
0.06,0.18837361543904127,-0.12837361543904127
-0.16,0.7852878423958753,-0.9452878423958754
0.73,0.971365432097899,-0.24136543209789907
-0.31,0.7691115368222108,-1.0791115368222108
0.3,-0.1347096184579582,0.4347096184579582
-0.29,0.24641962819802232,-0.5364196281980222
6.72,6.63154087006059,0.08845912993940974
0.84,0.49968026774389235,0.3403197322561076
-0.35,-0.37364709163927173,0.023647091639271756
-0.22,0.04134719513749704,-0.26134719513749705
0.38,0.828155789493092,-0.448155789493092
1.86,4.743099634812269,-2.883099634812269
-0.24,-0.38885293442084734,0.14885293442084735
4.25,2.544287152302808,1.7057128476971921
27.02,22.126343119794115,4.893656880205885
-0.05,1.0917659506906718,-1.1417659506906719
0.7,0.33793884360077636,0.3620611563992236
0.73,1.6783188308382124,-0.9483188308382124
-0.34,-0.39839782518243444,0.058397825182434415
4.86,2.818931119027418,2.041068880972582
3.46,2.2716550364578425,1.1883449635421575
3.14,4.808984412814815,-1.6689844128148148
6.62,7.810665440612368,-1.190665440612368
0.55,0.9429008455878073,-0.39290084558780725
0.38,1.2010342302172656,-0.8210342302172656
0.38,1.0905445007855201,-0.7105445007855201
1.44,0.7360185499614107,0.7039814500385893
3.93,2.508452519670396,1.421547480329604
-0.73,-0.6159769355539672,-0.11402306444603283
13.32,8.850417619226159,4.469582380773842
3.75,2.788029219925102,0.961970780074898
0.22,0.9388200802174179,-0.718820080217418
0.03,0.5046198029993552,-0.47461980299935513
1.28,3.6061614215851683,-2.3261614215851685
-0.38,-0.01924950372663968,-0.3607504962733603
0.78,0.2723584124852021,0.5076415875147979
-0.42,-0.5150912202976966,0.09509122029769662
1.38,1.8697335216561897,-0.4897335216561898
7.34,5.739691418243735,1.6003085817562646
-0.72,-0.6411739233053473,-0.07882607669465269
0.13,1.7923630948334548,-1.662363094833455
16.41,19.490267003508475,-3.0802670035084745
0.31,0.5750455464388072,-0.26504554643880723
3.49,3.0940548662598784,0.39594513374012186
-0.08,0.491211805886394,-0.571211805886394
5.75,7.352498602612962,-1.602498602612962
19.49,11.75614798634599,7.733852013654008
3.05,5.913903266753919,-2.863903266753919
4.29,5.595031344312153,-1.3050313443121526
3.63,2.2766812364213442,1.3533187635786557
13.04,8.653502684767147,4.386497315232852
0.01,0.13981625815430615,-0.12981625815430614
0.14,-0.1534111825464399,0.29341118254643994
-0.13,-0.4567682666489608,0.3267682666489608
0.04,1.043739181326417,-1.003739181326417
-0.37,-0.5516740381344793,0.18167403813447935
0.54,1.242996498236536,-0.702996498236536
0.24,0.5241098572750802,-0.2841098572750802
5.67,6.8591768409972955,-1.1891768409972956
1.64,3.135418951167723,-1.495418951167723
-0.05,1.0635526499309766,-1.1135526499309767
0.25,0.436447735838812,-0.18644773583881202
0.08,0.03496475428473929,0.04503524571526071
6.72,4.196185558590619,2.523814441409381
0.2,0.44614053898051054,-0.24614053898051053
-0.12,0.28189981172763334,-0.40189981172763334
4.49,8.31595095455778,-3.8259509545577792
-0.32,0.30092729868140883,-0.6209272986814088
8.44,6.667304085699618,1.7726959143003818
0.13,-0.10344471310061952,0.23344471310061954
1.01,2.1855094894286684,-1.1755094894286684
4.97,4.601520443467497,0.36847955653250253
3.48,6.074244232057691,-2.5942442320576906
5.31,4.264505091535244,1.0454949084647556
0.1,0.4659298638648118,-0.36592986386481174
35.93,28.324761409799805,7.605238590200194
7.42,3.9365701417424868,3.483429858257513
-0.26,0.10020484756698213,-0.3602048475669821
-0.31,0.3659094128060101,-0.6759094128060101
1.04,1.2653108334564185,-0.22531083345641845
0.66,0.30457483702348703,0.355425162976513
1.96,3.566852397638501,-1.6068523976385012
3.59,2.955716828610193,0.6342831713898067
-0.67,-0.7366443392150357,0.06664433921503565
1.8,0.9327682563781046,0.8672317436218955
0.26,0.4301977079083693,-0.1701977079083693
6.35,4.504425917892511,1.8455740821074889
-0.05,0.3398337580435153,-0.3898337580435153
5.76,3.3978175015965237,2.362182498403476
1.05,2.6533455201324347,-1.6033455201324347
3.1,5.934423570699901,-2.8344235706999013
-0.06,-0.3330032121877308,0.2730032121877308
0.04,0.475611948854246,-0.43561194885424603
0.43,0.7213691929733432,-0.29136919297334324
0.61,2.323022908975094,-1.713022908975094
4.32,3.4848336842939958,0.8351663157060045
3.52,3.0177336199486957,0.5022663800513043
-0.09,-0.34115725911865685,0.25115725911865683
6.16,13.409013394410582,-7.249013394410582
4.68,3.1012089878700966,1.5787910121299031
1.67,2.2257193108053,-0.5557193108053
-0.55,-0.5423185649995217,-0.007681435000478354
-0.34,-0.16249442421583216,-0.17750557578416787
8.54,17.26136139181308,-8.72136139181308
0.61,0.8840742293190748,-0.27407422931907477
-0.63,-0.7175263992688319,0.08752639926883188
0.43,2.005539244330784,-1.5755392443307839
5.71,4.518828035914375,1.1911719640856253
3.59,2.2542679562107755,1.3357320437892244
-0.06,0.8927371155588457,-0.9527371155588458
1.77,1.341818025647006,0.428181974352994
3.71,4.173051547268978,-0.4630515472689778
-0.29,-0.23444562099978047,-0.055554379000219506
0.24,1.8122727059341344,-1.5722727059341344
-0.34,0.43180449633111306,-0.771804496331113
3.21,2.6414475609650427,0.5685524390349572
0.93,2.494354472229386,-1.564354472229386
0.02,-0.06186312272249708,0.08186312272249709
2.25,2.5204201723491377,-0.27042017234913773
-0.25,0.47279970959293915,-0.7227997095929392
0.17,0.9648469139472813,-0.7948469139472812
-0.13,-0.39602593118163415,0.26602593118163415
-0.27,-0.45814161905438444,0.18814161905438442
-0.78,-0.8345499657031555,0.05454996570315551
5.44,3.0455662733729505,2.39443372662705
-0.75,-0.4474583880396427,-0.3025416119603573
1.01,0.35655416775496057,0.6534458322450394
0.02,0.12127412815856063,-0.10127412815856063
-0.43,-0.38098970268992194,-0.049010297310078055
1.5,0.6476855057734295,0.8523144942265705
0.61,0.35162475813888816,0.2583752418611118
-0.51,-0.5139085185696745,0.003908518569674446
3.42,4.71822680226634,-1.2982268022663401
0.41,0.33123563599786116,0.07876436400213882
-0.25,-0.13005430352937908,-0.11994569647062092
6.87,3.916128240688563,2.953871759311437
0.2,0.325481619548163,-0.125481619548163
-0.41,-0.31462924271296366,-0.09537075728703631
-0.34,-0.302143478482058,-0.037856521517942
5.25,3.1579344558788547,2.0920655441211453
0.64,0.16080922105756604,0.479190778942434
0.37,-0.17996561962360094,0.5499656196236009
0.4,0.9943108670393904,-0.5943108670393904
3.31,8.13985334822094,-4.82985334822094
1.27,1.1445152528481495,0.12548474715185054
1.8,1.4850418105704235,0.31495818942957654
-0.57,-0.41329629024334835,-0.1567037097566516
-0.54,-0.3435493789972649,-0.19645062100273514
2.28,1.5193159057820833,0.7606840942179165
0.66,1.451249795793243,-0.7912497957932431
2.41,3.3564541073299083,-0.9464541073299082
-0.88,-0.9049337546014866,0.024933754601486613
1.19,0.6542843923723367,0.5357156076276632
-0.13,0.18853822180639856,-0.31853822180639857
0.95,0.5486672003582654,0.4013327996417345
-0.38,0.5557370486788626,-0.9357370486788626
5.41,5.589693881992959,-0.179693881992959
-0.07,-0.419968627212826,0.349968627212826
0.57,0.07518777439203911,0.49481222560796084
1.44,4.650311376002773,-3.2103113760027733
-0.66,-0.6005936689903874,-0.05940633100961268
1.15,4.317191473251076,-3.167191473251076
1.4,1.448372621428825,-0.04837262142882515
10.82,10.733513485088254,0.08648651491174597
5.71,4.715055018478879,0.9949449815211207
3.89,2.938040046313523,0.9519599536864773
0.0,1.4080896490261359,-1.4080896490261359
1.39,2.5440640285550646,-1.1540640285550647
2.62,3.5581619625507064,-0.9381619625507063
-0.34,0.02775527828347546,-0.3677552782834755
-0.84,-0.8060773422873095,-0.03392265771269043
2.24,1.3491127140711983,0.890887285928802
3.4,3.335762024504466,0.064237975495534
16.74,9.900205896010396,6.839794103989602
-0.27,-0.4292631247679418,0.1592631247679418
-0.82,-0.6821794784239711,-0.13782052157602886
1.44,1.893797850341256,-0.4537978503412561
-0.49,-0.44066220589095223,-0.04933779410904776
2.77,2.0712629692867055,0.6987370307132945
2.83,2.919931170143302,-0.0899311701433021
-0.03,0.17248983262550663,-0.20248983262550663
6.73,6.443527788190928,0.28647221180907234
-0.27,-0.011448029147881258,-0.2585519708521188
0.59,1.4135304161469178,-0.8235304161469178
-0.46,-0.6246738802590382,0.16467388025903823
1.05,1.0141160075049507,0.035883992495049366
1.35,0.9308177283933005,0.41918227160669963
0.25,0.030138462504915527,0.21986153749508447
0.63,3.0841378528622836,-2.4541378528622837
-0.36,-0.49679746750851544,0.13679746750851546
0.95,0.30693390892220296,0.643066091077797
7.29,6.964332540252376,0.3256674597476241
0.16,0.9277836172221142,-0.7677836172221142
-0.38,-0.4554598253680975,0.07545982536809748
0.11,0.9801667989222506,-0.8701667989222506
0.28,0.42416881281158136,-0.14416881281158134
1.99,3.399727921477635,-1.409727921477635
1.65,3.421829457041202,-1.771829457041202
18.92,12.769544685608023,6.150455314391978
9.34,9.527057382993613,-0.18705738299361307
3.43,2.998670632667238,0.4313293673327623
2.58,3.026051476482306,-0.4460514764823058
-0.43,0.314502164548334,-0.7445021645483341
0.55,0.9257864255238134,-0.37578642552381336
0.9,0.5391462581371581,0.3608537418628419
2.86,2.4863005726740766,0.3736994273259233
5.72,3.2723713113120643,2.4476286886879355
16.32,13.758644635235068,2.561355364764932
0.08,0.407494815755893,-0.327494815755893
1.01,0.8001569669843622,0.20984303301563778
-0.32,0.2291467116393916,-0.5491467116393915
3.18,5.7407479519366955,-2.5607479519366954
0.75,1.2282846277612096,-0.4782846277612096
2.31,2.5649614896363078,-0.2549614896363077
3.26,2.3123848528975905,0.9476151471024092
3.82,6.181973974488554,-2.361973974488554
-0.12,0.9642075567514312,-1.0842075567514313
1.81,1.6229362814162538,0.18706371858374626
17.43,10.94128252290645,6.48871747709355
2.94,4.706868146472302,-1.766868146472302
2.15,3.0124697597626096,-0.8624697597626096
0.7,0.18060029215812262,0.5193997078418773
1.03,3.379955524524112,-2.3499555245241117
6.42,3.9622163649510305,2.4577836350489695
6.61,5.646513279337386,0.9634867206626145
7.38,4.793344821189658,2.586655178810342
-0.7,-0.7424347692599158,0.04243476925991585
2.01,3.68800573704821,-1.6780057370482102
2.0,1.3332580887256464,0.6667419112743536
1.05,3.486241070438601,-2.4362410704386006
-0.45,-0.4999049803247491,0.049904980324749104
0.13,0.6181997920473161,-0.4881997920473161
-0.35,-0.08667799909454639,-0.2633220009054536
-0.81,-0.8205259353710783,0.010525935371078265
4.58,7.686652968847255,-3.1066529688472553
1.03,1.4463177714995494,-0.4163177714995494
1.32,2.6054920491044053,-1.2854920491044053
-0.22,-0.4115081832391644,0.19150818323916438
-0.7,-0.3894641930316344,-0.3105358069683656
-0.5,-0.6323603993293918,0.1323603993293918
0.87,1.9790527547042087,-1.1090527547042086
1.27,3.1789759817122345,-1.9089759817122345
0.08,1.6380783014468603,-1.5580783014468602
5.86,7.609579188747238,-1.749579188747238
-0.01,0.25342172978586786,-0.26342172978586786
-0.58,-0.3111017039034021,-0.2688982960965979
1.0,0.8304123594481854,0.16958764055181463
11.75,11.834999913291572,-0.08499991329157197
4.43,3.8035686735198815,0.6264313264801182
0.34,-0.09709355670768428,0.4370935567076843
0.41,1.2778630483323246,-0.8678630483323246
7.08,8.838772490500073,-1.758772490500073
1.13,0.6796136187996603,0.4503863812003396
10.22,8.482619352267266,1.737380647732735
2.97,2.939056534289411,0.03094346571058937
-0.06,-0.04703585063468395,-0.01296414936531605
-0.35,-0.41414256213443007,0.06414256213443009
0.0,0.9235689574738107,-0.9235689574738107
3.08,2.110311659421142,0.9696883405788581
1.38,1.514349099537838,-0.13434909953783802
-0.33,-0.3372395722410029,0.007239572241002912
0.61,0.19642239311181323,0.4135776068881868
5.92,4.3421896773134705,1.5778103226865294
1.05,0.49787146518601977,0.5521285348139803
-0.21,0.014488595965786501,-0.2244885959657865
3.77,2.2892160372953994,1.4807839627046007
-0.74,-0.7036586494807795,-0.036341350519220494
1.23,1.4634209442673447,-0.23342094426734472
1.53,2.06001113342718,-0.5300111334271798
0.87,1.6246549917173567,-0.7546549917173567
6.36,3.9924633900648248,2.3675366099351756
4.99,3.0414366744555434,1.9485633255444568
0.71,1.160177064685431,-0.45017706468543106
4.86,3.1477740532962346,1.7122259467037657
0.36,1.2615480975823625,-0.9015480975823625
4.3,2.720837959608781,1.579162040391219
2.04,1.1153517266519535,0.9246482733480466
5.01,4.6213793053692545,0.38862069463074533
5.08,6.7555548339107645,-1.6755548339107644
0.01,-0.32633854140039015,0.33633854140039016
0.2,0.9433031817114037,-0.7433031817114037
11.68,6.921886404245256,4.758113595754744
3.69,3.1680617438243073,0.5219382561756927
0.43,0.7504716273538753,-0.3204716273538753
4.96,3.205354235072857,1.754645764927143
1.01,0.3906690884949954,0.6193309115050046
2.7,1.5879973494149342,1.112002650585066
0.53,1.2331920658052857,-0.7031920658052857
-0.49,0.21365519243796485,-0.7036551924379648
0.74,0.09498420414770134,0.6450157958522986
0.07,-0.09114184408038462,0.16114184408038462
1.78,1.6407699962845579,0.13923000371544214
4.84,3.0396082806788147,1.8003917193211851
7.22,9.154732108976166,-1.9347321089761662
3.33,1.6131996988542188,1.7168003011457813
-0.52,0.179605055771275,-0.699605055771275
1.07,2.1312039005969443,-1.0612039005969442
0.03,-0.11716180449110647,0.14716180449110647
-0.34,-0.4388792413901482,0.0988792413901482
21.26,27.859884507949513,-6.599884507949511
-0.77,-0.5752331027592632,-0.1947668972407368
1.41,0.5901549315542215,0.8198450684457784
0.64,0.12472836585213959,0.5152716341478605
3.53,2.0948845620672296,1.4351154379327702
1.68,0.9623321016112785,0.7176678983887215
0.85,0.2172528109980979,0.6327471890019021
-0.42,-0.6171787273853098,0.19717872738530978
8.03,8.191249871869962,-0.16124987186996265
-0.03,1.1091356861179487,-1.1391356861179487
-0.28,-0.1470254220258094,-0.13297457797419063
1.4,0.7752341562834133,0.6247658437165866
-0.41,-0.128768165613954,-0.281231834386046
0.13,-0.09776138519721574,0.22776138519721573
2.1,1.2227703227968687,0.8772296772031314
7.48,5.115533325494944,2.3644666745050564
-0.7,-0.31895191209255686,-0.3810480879074431
-0.52,0.18576075654285867,-0.7057607565428587
-0.47,-0.0687520231852232,-0.40124797681477675
1.39,1.3571409138157027,0.032859086184297226
1.02,2.545552693708238,-1.5255526937082378
3.61,5.637524139110344,-2.027524139110344
6.4,9.290793456984323,-2.8907934569843228
6.92,8.092384418630068,-1.1723844186300685
0.51,0.16946136684491048,0.34053863315508953
3.95,7.622685361036997,-3.672685361036997
5.54,4.973910427545171,0.5660895724548292
3.06,3.6952492081889052,-0.6352492081889052
-0.93,-0.9315761688311681,0.0015761688311680677
3.26,3.4469214960387573,-0.18692149603875752
1.43,0.9311644088761185,0.4988355911238814
1.31,3.81580825032322,-2.50580825032322
0.39,1.2085597560041388,-0.8185597560041388
1.98,0.9833586509324362,0.9966413490675637
0.07,0.0805723102435737,-0.01057231024357369
3.2,4.293570334674228,-1.0935703346742276
4.36,8.58980182606813,-4.2298018260681305
5.7,3.3511126763990764,2.348887323600924
0.73,0.27715940524525395,0.45284059475474603
1.23,0.6261803928965464,0.6038196071034536
0.77,0.6465615587438358,0.12343844125616421
-0.35,-0.36582509105430105,0.015825091054301077
-0.35,-0.4402449190161791,0.09024491901617915
2.78,1.4662166495884124,1.3137833504115874
2.35,2.620518882619857,-0.2705188826198568
0.32,0.3555548355458069,-0.035554835545806907
-0.01,1.6318593796845073,-1.6418593796845073
1.51,3.2866904346124195,-1.7766904346124195
15.77,11.513165840316832,4.256834159683168
1.9,4.7129303226779955,-2.8129303226779956
1.62,3.2622522163074335,-1.6422522163074333
1.03,1.2666206220920535,-0.23662062209205348
13.25,8.70694739655593,4.543052603444069
0.78,0.9865391205479704,-0.2065391205479704
6.78,5.461827180008077,1.318172819991923
1.08,0.6866748115256434,0.3933251884743567
1.05,0.9705888192737039,0.07941118072629616
3.26,3.57876815938033,-0.3187681593803302
32.65,28.234332581199784,4.415667418800215
-0.38,0.43044311702695076,-0.8104431170269508
3.72,2.1214017309245463,1.5985982690754539
-0.39,-0.3890549797846267,-0.0009450202153732934
1.37,4.908831218596246,-3.538831218596246
2.43,1.4663397347369909,0.9636602652630093
0.16,1.4944310596078603,-1.3344310596078603
29.14,25.740428684755845,3.399571315244156
0.35,0.8177447334325552,-0.4677447334325552
-0.21,-0.1531681066585099,-0.05683189334149008
-0.72,-0.3868966073704781,-0.3331033926295219
0.19,0.2907392738749592,-0.10073927387495918
2.92,3.702646109877287,-0.782646109877287
1.12,0.7027767975483635,0.4172232024516366
0.88,0.7790825567739886,0.10091744322601137
1.63,0.6656681116257163,0.9643318883742836
0.9,2.528525622101588,-1.6285256221015882
4.45,4.391425181421542,0.058574818578458476
1.56,1.922295198407481,-0.3622951984074809
4.53,3.9163109670918006,0.6136890329081996
8.35,4.873581100034349,3.4764188999656502
0.82,1.4768589178855949,-0.6568589178855949
3.15,4.455635004551762,-1.3056350045517617
8.39,4.90567568765954,3.48432431234046
0.47,1.6854319582717407,-1.2154319582717408
3.72,2.33313458040063,1.3868654195993702
0.15,-0.2960154722924333,0.4460154722924333
0.97,0.5521949382533693,0.4178050617466307
0.18,0.9009100995760195,-0.7209100995760196
-0.63,-0.7525627871001503,0.12256278710015034
1.83,0.9604916302130838,0.8695083697869163
0.21,0.7281640510602932,-0.5181640510602933
0.85,0.7168882560772961,0.13311174392270386
-0.44,-0.29674655954003637,-0.14325344045996363
1.43,0.6016459993908494,0.8283540006091505
-0.7,-0.6486210605805566,-0.05137893941944338
-0.68,-0.6741792084546855,-0.005820791545314563
2.98,1.950184136547248,1.029815863452752
0.79,1.3748101458267898,-0.5848101458267898
-0.2,-0.32331745766331366,0.12331745766331365
5.81,5.009301276979223,0.8006987230207763
6.45,4.306786384472089,2.1432136155279116
2.7,4.0824516475220864,-1.3824516475220863
1.57,3.1567917544083373,-1.5867917544083372
1.67,0.6891436730182339,0.9808563269817661
5.42,4.392889982347478,1.0271100176525216
1.55,1.2591401971933747,0.2908598028066254
6.84,7.8704881575854415,-1.0304881575854417
1.73,2.104581935854412,-0.3745819358544118
4.67,2.3460936343808365,2.3239063656191634
6.38,3.753270754614328,2.626729245385672
1.03,1.7443440309224487,-0.7143440309224487
0.03,-0.03539910137903633,0.06539910137903633
2.22,1.5765228717934945,0.6434771282065057
14.96,11.41863714144488,3.5413628585551216
1.47,1.989147162210576,-0.5191471622105761
0.32,0.8860216181181503,-0.5660216181181503
-0.67,-0.6265103834149718,-0.04348961658502826
3.8,2.171405284149787,1.628594715850213
-0.15,0.09746936085799933,-0.2474693608579993
-0.32,0.07681897933297142,-0.39681897933297144
-0.08,0.44452590422141874,-0.5245259042214188
-0.22,-0.37953898385036794,0.15953898385036794
0.82,0.4614918906798541,0.3585081093201459
2.48,1.8472375441451834,0.6327624558548166
1.99,1.2875513082249614,0.7024486917750385
-0.69,-0.4353394613657277,-0.25466053863427224
9.12,5.701595702593483,3.418404297406516
5.36,4.66679993286476,0.6932000671352405
1.88,1.0496685890310387,0.8303314109689612
0.28,0.6448816048328186,-0.3648816048328186
0.63,0.5985812281442905,0.031418771855709515
2.41,2.25149073492141,0.1585092650785902
0.44,0.2549630700031496,0.1850369299968504
1.21,0.5189271449419235,0.6910728550580765
0.32,0.29328246973347827,0.02671753026652174
0.94,0.2909626098169803,0.6490373901830196
2.74,4.306707981525126,-1.5667079815251261
-0.58,-0.3527288973024367,-0.2272711026975633
0.28,-0.1493691710853805,0.42936917108538053
1.49,1.1760917927464272,0.3139082072535728
1.71,1.7542573963939914,-0.0442573963939914
6.04,3.7860197933570188,2.2539802066429813
-0.45,0.23601328592201407,-0.686013285922014
3.3,2.7199361713364407,0.5800638286635591
-0.54,-0.5866293229657967,0.04662932296579669
1.5,0.977694881495453,0.522305118504547
4.91,6.079645041138613,-1.1696450411386126
2.87,2.9224603559919227,-0.05246035599192256
4.39,4.165299080568541,0.22470091943145842
1.74,5.794290099116526,-4.054290099116526
-0.67,-0.7122903988919966,0.042290398891996595
23.08,14.418296673448042,8.661703326551956
12.73,7.85656237989273,4.87343762010727
-0.21,-0.07021653586155487,-0.1397834641384451
12.03,13.870572768058501,-1.840572768058502
0.53,2.1599131190956857,-1.6299131190956857
1.11,1.8122003497396202,-0.7022003497396201
-0.24,0.015547434352920728,-0.2555474343529207
0.93,0.7427662712378004,0.18723372876219968
0.57,0.09239269383829657,0.4776073061617034
2.89,4.003400450552248,-1.113400450552248
2.55,1.965487671402291,0.5845123285977087
11.0,5.770577873848832,5.229422126151168
3.12,1.5426634901238985,1.5773365098761016
-0.2,0.6289650245730228,-0.8289650245730229
-0.43,-0.441690635357967,0.011690635357966994
-0.41,0.17739474443648115,-0.5873947444364811
2.74,1.6525983021019268,1.0874016978980734
4.32,5.994792045714418,-1.674792045714418
0.13,0.2706146366185787,-0.1406146366185787
3.22,1.7924249615015746,1.4275750384984256
-0.42,-0.14450435469102094,-0.2754956453089791
4.55,5.128854711772414,-0.5788547117724141
2.39,1.2618306322544897,1.1281693677455105
0.13,-0.1307888628386042,0.2607888628386042
1.16,3.7319964351879693,-2.5719964351879696
2.88,1.9632135039813186,0.9167864960186813
-0.47,-0.6098630706554999,0.13986307065549997
0.91,0.7155208053146723,0.1944791946853277
0.33,-0.08437133425140887,0.4143713342514089
1.0,2.093001311386937,-1.0930013113869368
0.4,-0.04243961672261707,0.4424396167226171
1.8,1.0893580257107742,0.7106419742892258
5.11,5.192888717498366,-0.08288871749836524
2.25,1.3019283468614573,0.9480716531385427
7.31,5.833973279131773,1.4760267208682265
10.76,8.203627726684878,2.5563722733151213
1.19,0.8706885530272105,0.31931144697278946
7.47,6.739617051288093,0.7303829487119069
2.25,2.0452502282484533,0.20474977175154674
2.58,6.801797125779421,-4.221797125779421
0.68,1.050983027135147,-0.37098302713514697
15.48,10.742075198618704,4.737924801381297
-0.72,-0.764312099936212,0.04431209993621199
-0.46,-0.6178748539486695,0.15787485394866946
0.7,1.2620212253566254,-0.5620212253566255
1.98,1.6553726174419359,0.3246273825580641
0.5,0.23052664451068347,0.2694733554893165
2.44,2.2760489370927126,0.16395106290728734
0.92,0.28967179088753187,0.6303282091124682
-0.12,0.267185773576128,-0.387185773576128
6.56,4.78376473768488,1.7762352623151196
-0.59,-0.728097883545573,0.13809788354557306
5.65,3.976242755853334,1.6737572441466662
0.55,-0.014354826810135949,0.564354826810136
-0.33,0.14584507313937378,-0.4758450731393738
1.34,3.8940816800910762,-2.554081680091076
0.28,0.6780483519661464,-0.3980483519661464
9.32,5.943964704968744,3.376035295031256
-0.42,-0.38113105274405534,-0.03886894725594464
25.25,14.264184659399149,10.985815340600851
0.54,0.02990845118063532,0.5100915488193647
1.28,0.531247118709238,0.748752881290762
0.14,1.728889887503,-1.588889887503
-0.07,-0.18515743276827878,0.11515743276827878
1.8,1.4429888309296903,0.3570111690703097
1.29,1.2866785009027748,0.0033214990972252334
10.93,12.65527891974916,-1.7252789197491598
10.56,12.482011173456245,-1.9220111734562444
2.56,1.5175505706631558,1.0424494293368443
0.96,0.9547895151696232,0.0052104848303767826
-0.18,-0.14936977506815477,-0.030630224931845224
5.14,3.7961218493997855,1.3438781506002142
8.77,6.544908576931754,2.2250914230682453
0.36,1.6931938356242067,-1.3331938356242068
1.27,0.892960148334944,0.37703985166505605
1.81,2.522149254025848,-0.712149254025848
3.14,4.048522658177482,-0.9085226581774815
0.97,1.6284139323865143,-0.6584139323865144
3.96,2.8924475859758405,1.0675524140241595
1.27,0.8398336891839256,0.43016631081607437
9.96,9.803567820253305,0.15643217974669632
10.44,7.360766080142253,3.0792339198577467
0.86,0.18194009737630615,0.6780599026236939
0.16,-0.16712360818383024,0.32712360818383024
1.21,0.668008797138462,0.541991202861538
4.01,6.420200416358931,-2.410200416358931
-0.32,-0.4923374819294647,0.1723374819294647
4.49,3.970647616438867,0.5193523835611331
7.47,4.680128918856786,2.7898710811432137
4.81,4.864797376940167,-0.05479737694016773
4.38,4.932074304131937,-0.5520743041319367
-0.34,-0.39714338960490647,0.05714338960490645
1.69,0.9952899259798403,0.6947100740201596
0.06,-0.33078795779230147,0.39078795779230147
9.89,14.214922175128018,-4.324922175128018
0.07,0.8843215914853098,-0.8143215914853097
0.27,0.3830420394599972,-0.11304203945999719
6.18,9.093132552367551,-2.9131325523675518
5.99,4.615275587842155,1.3747244121578452
7.71,6.912433856242975,0.7975661437570247
5.06,3.744525315811836,1.3154746841881635
-0.7,-0.63538298975435,-0.06461701024564992
0.55,0.25400811121670286,0.2959918887832972
-0.21,-0.07375591168011617,-0.13624408831988383
6.32,3.8269018446639027,2.4930981553360976
3.11,2.084987065387593,1.0250129346124068
1.42,0.6746474115107495,0.7453525884892505
0.06,0.020602422273459663,0.03939757772654033
0.24,0.027765324092146576,0.21223467590785342
12.21,8.079059638915522,4.130940361084479
1.53,1.2546757086481197,0.2753242913518803
1.16,1.7475700551742215,-0.5875700551742216
0.35,0.6502541062113725,-0.3002541062113725
4.17,3.3275917708542067,0.8424082291457933
5.77,6.261316623408183,-0.49131662340818316
0.45,0.9978271957504509,-0.5478271957504508
1.49,1.1201564775523374,0.3698435224476626
2.73,2.3641640480725292,0.36583595192747076
-0.66,-0.7451173684532446,0.08511736845324458
2.33,1.5620879139198176,0.7679120860801825
5.04,2.9339421750491375,2.1060578249508626
0.48,0.19964031156232595,0.280359688437674
9.56,10.144057075819612,-0.5840570758196115
7.48,7.613109491979855,-0.13310949197985433
-0.64,-0.6323051567658847,-0.0076948432341152895
6.09,7.523319609850362,-1.4333196098503622
1.98,0.9560638283610098,1.02393617163899
-0.71,-0.7496369831160066,0.03963698311600661
2.74,1.7578318318293273,0.9821681681706729
10.0,6.278585674542806,3.721414325457194
0.88,0.3770598173224862,0.5029401826775137
16.78,11.079098358849865,5.700901641150136
1.05,2.138753625801722,-1.0887536258017219
18.3,13.380168698074606,4.919831301925395
-0.28,-0.19764538480398233,-0.0823546151960177
3.27,5.863170940510021,-2.593170940510021
6.22,10.208055318336319,-3.988055318336319
3.08,1.7478653005160003,1.3321346994839998
-0.56,-0.6328985266534258,0.07289852665342578
0.24,0.040353816514731466,0.19964618348526852
1.37,0.4395252186036775,0.9304747813963226
5.38,6.3179293117489985,-0.9379293117489986
-0.11,-0.4011349805774909,0.29113498057749093
0.17,0.8577319496711385,-0.6877319496711385
5.32,3.6199302263857023,1.700069773614298
0.65,0.9608481803796353,-0.31084818037963524
0.56,1.2558444248196823,-0.6958444248196822
1.43,4.371991291342544,-2.9419912913425446
3.69,3.0519651522213,0.6380348477786999
0.78,1.0875437171846585,-0.30754371718465845
-0.33,-0.41504379836584365,0.08504379836584364
-0.43,-0.409524226959325,-0.020475773040674994
5.33,4.869005616347173,0.4609943836528272
-0.39,-0.10492310700314578,-0.28507689299685424
3.92,2.6584270257216684,1.2615729742783315
21.65,30.913058990693397,-9.263058990693398
6.68,7.064102138395437,-0.3841021383954377
0.5,-0.05152674585382462,0.5515267458538247
-0.44,-0.14755831789035023,-0.29244168210964977
1.05,0.9898793121303207,0.06012068786967939
8.25,4.564765368719273,3.6852346312807267
1.89,2.5364799806880427,-0.6464799806880428
3.52,3.401720318289095,0.11827968171090486
2.63,2.9942208801384296,-0.3642208801384297
1.42,1.491259624658912,-0.07125962465891211
1.05,0.48185571177656217,0.5681442882234379
7.12,7.611019518226305,-0.4910195182263051
-0.12,-0.25470502549824314,0.13470502549824315
3.83,4.413099746490016,-0.5830997464900163
5.55,11.629628715944238,-6.079628715944238
0.56,0.9572102524488777,-0.39721025244887764
0.39,0.676498913958291,-0.28649891395829097
1.12,0.8592074330690762,0.2607925669309239
2.2,4.762663164155606,-2.562663164155606
0.3,-0.1644449247625815,0.4644449247625815
1.52,1.7693601215984225,-0.24936012159842247
1.39,1.3444735164469905,0.04552648355300937
5.12,3.561254849450206,1.558745150549794
-0.34,-0.1959372584333972,-0.14406274156660281
-0.27,-0.14535983252894558,-0.12464016747105444
1.62,3.1425928354635038,-1.5225928354635037
1.93,2.393190358002211,-0.4631903580022112
3.32,2.111035451064385,1.2089645489356147
0.4,0.34564284946786106,0.054357150532138965
9.27,7.40285551537945,1.8671444846205496
4.61,4.739876610692516,-0.12987661069251555
2.58,5.743147869297721,-3.1631478692977213
10.2,7.414438467714114,2.785561532285885
0.16,0.6359388076498728,-0.47593880764987273
0.16,-0.17958108057495903,0.33958108057495906
-0.5,-0.6278211289792627,0.12782112897926268
1.3,1.7248359442440298,-0.4248359442440297
4.5,2.6132673761162906,1.8867326238837094
-0.52,-0.15304385259023937,-0.3669561474097607
-0.08,0.25128481041329087,-0.3312848104132909
-0.64,-0.7089275681285607,0.06892756812856071
7.16,5.563404376233265,1.596595623766735
0.34,1.7735751171838756,-1.4335751171838755
2.66,6.36978697466638,-3.70978697466638
1.3,0.8639969192791693,0.4360030807208307
4.61,4.325403519151199,0.2845964808488013
10.21,6.952799198273551,3.2572008017264498
7.01,8.650323469488303,-1.6403234694883029
22.91,18.282961414016373,4.627038585983627
0.88,2.2307668092227058,-1.3507668092227059
0.5,0.17932897522137628,0.32067102477862375
6.5,4.299396905650135,2.200603094349865
0.3,0.3136777300334654,-0.013677730033465396
0.12,1.0756447069250823,-0.9556447069250823
0.36,0.5695511484444226,-0.20955114844442257
6.74,8.13173185010248,-1.3917318501024791
1.81,1.4568370261691237,0.35316297383087636
0.65,0.31230025135396905,0.337699748646031
1.08,0.8259414179667028,0.25405858203329723
1.12,0.4996312450995674,0.6203687549004326
-0.35,0.31476081259448685,-0.6647608125944868
2.17,1.7226227614971428,0.44737723850285716
-0.13,0.22128399569789872,-0.3512839956978987
-0.43,-0.18016382043676074,-0.24983617956323925
11.71,8.042193270714785,3.667806729285216
0.69,1.6692907851798529,-0.9792907851798529
2.04,3.0910672837788167,-1.0510672837788166
0.27,0.2038536597112318,0.06614634028876823
16.81,11.044210070487061,5.765789929512938
1.64,2.0608395712518353,-0.42083957125183535
-0.32,0.30802543047897013,-0.6280254304789701
-0.36,-0.1314498150788246,-0.22855018492117538
3.82,2.4516127286269267,1.3683872713730731
1.41,0.7394323461927119,0.670567653807288
2.3,3.474604396153252,-1.174604396153252
0.28,-0.14704032471155631,0.42704032471155634
-0.42,-0.60420669755406,0.18420669755406
11.63,8.827399278499142,2.802600721500859
1.28,0.4643102257016882,0.8156897742983118
-0.85,-0.7051448185883656,-0.14485518141163434
0.28,0.0334338181045908,0.24656618189540924
1.26,1.9603680452711107,-0.7003680452711107
-0.32,0.6317052407726012,-0.9517052407726012
-0.43,0.25287173045478745,-0.6828717304547874
1.68,2.3719663961206443,-0.6919663961206444
0.53,-0.0800903785985496,0.6100903785985496
0.56,0.21312291412787993,0.34687708587212013
1.09,2.1829971101019487,-1.0929971101019487
4.76,4.102565180179197,0.6574348198208027
4.87,2.6646163613041516,2.2053836386958485
1.83,1.3128151517166293,0.5171848482833707
6.95,6.148738177692744,0.8012618223072563
2.7,4.9996607730489195,-2.2996607730489194
-0.57,-0.5515511144017132,-0.018448885598286724
1.53,1.7676087267567315,-0.2376087267567315
0.68,1.4364123604869254,-0.7564123604869254
-0.01,0.9725963374850266,-0.9825963374850266
3.31,4.865531947324878,-1.5555319473248779
-0.28,-0.3756076153186519,0.09560761531865186
1.86,1.273284562482769,0.5867154375172312
6.03,3.484527453751641,2.545472546248359
-0.12,-0.4217420015632116,0.3017420015632116
2.98,1.4295224408590128,1.5504775591409872
0.14,-0.20141352728042702,0.34141352728042706
0.82,0.45840318756105414,0.3615968124389458
3.24,3.5135981100421594,-0.27359811004215917
-0.92,-0.878845067352659,-0.04115493264734105
31.48,21.938513488070885,9.541486511929115
0.29,0.15015420664572782,0.13984579335427216
4.78,2.8950721069342658,1.8849278930657345
5.5,5.240644643653059,0.2593553563469406
-0.66,-0.1323251986818169,-0.5276748013181831
4.16,4.228526671414817,-0.0685266714148165
3.2,2.2060788833087885,0.9939211166912116
4.28,2.28219674657348,1.9978032534265204
-0.84,-0.6484972905209896,-0.19150270947901038
-0.8,-0.8043166071408738,0.004316607140873785
0.23,0.5014910548178606,-0.2714910548178606
-0.63,-0.13899276326484145,-0.49100723673515856
2.51,5.822987033296903,-3.3129870332969036
6.01,3.6983793116851107,2.311620688314889
-0.58,-0.5740938832731428,-0.005906116726857147
11.42,7.764879993482321,3.655120006517679
-0.24,0.4645162766520039,-0.7045162766520039
1.47,4.310097107660374,-2.840097107660374
1.18,1.7936773182502495,-0.6136773182502495
1.54,0.6693444606310636,0.8706555393689365
3.23,1.707363141488665,1.522636858511335
1.03,0.9125815930107274,0.11741840698927264
-0.67,-0.30495232546340306,-0.365047674536597
2.73,1.439403532425923,1.290596467574077
-0.04,-0.25959213849995977,0.21959213849995976
0.21,1.3646995376596562,-1.1546995376596563
-0.74,-0.512444554828797,-0.22755544517120296
6.72,4.922261706562003,1.7977382934379964
-0.62,-0.6188908564779687,-0.0011091435220312862
1.1,0.401055361922132,0.6989446380778681
28.26,16.947150151883086,11.312849848116915
3.61,2.4712289435624966,1.1387710564375033
-0.3,-0.4675756881854083,0.1675756881854083
3.86,5.708084764908657,-1.848084764908657
-0.13,0.14899318622338129,-0.2789931862233813
2.58,1.2861906216362606,1.2938093783637394
-0.49,-0.3034385916890352,-0.1865614083109648
-0.69,-0.7914053915757305,0.10140539157573059
1.35,1.2690223897179238,0.08097761028207628
0.52,0.06779408251910259,0.45220591748089745
14.99,11.739017708233764,3.2509822917662365
3.66,4.197497629954921,-0.5374976299549212
0.83,0.29909072684637183,0.5309092731536281
4.4,4.754098976409093,-0.3540989764090927
-0.39,-0.3450735819911018,-0.04492641800889824
-0.41,-0.28462264549541527,-0.1253773545045847
0.18,1.2136122231571944,-1.0336122231571945
13.19,15.53823136642227,-2.3482313664222705
10.07,8.11489483662613,1.9551051633738705
6.92,8.801329970668592,-1.8813299706685918
6.43,7.000131849977242,-0.5701318499772423
1.31,0.9373893861185496,0.37261061388145045
4.69,2.623807044871567,2.0661929551284333
-0.79,-0.7499723192827684,-0.04002768071723162
3.31,6.710317024198005,-3.400317024198005
1.86,2.981208821445,-1.121208821445
13.85,8.429993174213694,5.420006825786306
2.46,4.88806631227009,-2.42806631227009
13.31,12.061221090618233,1.2487789093817678
18.57,14.806538203519697,3.7634617964803034
1.39,1.0189607340844924,0.3710392659155075
7.96,6.180723710982744,1.7792762890172558
8.4,6.131242156048707,2.2687578439512937
-0.06,0.4684919970976368,-0.5284919970976367
0.05,0.7929073913208352,-0.7429073913208352
-0.86,-0.8238553855623475,-0.03614461443765249
6.03,14.130844400497672,-8.100844400497671
0.72,0.05990160159132989,0.6600983984086701
4.4,6.206979555201127,-1.806979555201127
-0.23,-0.3377960192593192,0.10779601925931917
-0.59,-0.5858649261351373,-0.004135073864862671
-0.43,0.1720436886763041,-0.6020436886763041
-0.64,-0.2696526455381867,-0.3703473544618133
3.83,2.1027931870944965,1.7272068129055036
0.6,0.3094049104826159,0.29059508951738405
0.08,0.3508643324554284,-0.2708643324554284
12.51,9.074089930061211,3.435910069938789
7.96,4.872776100312569,3.087223899687431
3.74,3.6746139450377124,0.06538605496228778
-0.66,-0.7107113160765459,0.05071131607654589
6.17,8.740085736875402,-2.570085736875402
3.99,4.872125887132857,-0.8821258871328572
0.63,0.019994780816284162,0.6100052191837159
7.36,5.122712991729409,2.2372870082705916
-0.51,-0.10556298110574672,-0.4044370188942533
3.95,5.383332471421746,-1.4333324714217461
6.79,9.629894587055203,-2.839894587055203
3.32,3.164304459542609,0.15569554045739098
7.08,5.686441275821632,1.3935587241783685
2.33,1.3076831935028992,1.0223168064971009
-0.41,-0.5058533332874495,0.09585333328744955
2.56,2.888326434821145,-0.328326434821145
3.03,3.7293744428050863,-0.6993744428050865
0.65,2.613085013578856,-1.9630850135788562
-0.3,0.26571603986639214,-0.5657160398663921
0.35,1.3516336800650024,-1.0016336800650025
2.98,1.9363035617895583,1.0436964382104417
1.93,3.1764729315690663,-1.2464729315690664
38.92,26.790036104790666,12.129963895209336
6.02,3.7135271434672297,2.30647285653277
1.73,1.378896523687622,0.3511034763123779
-0.45,0.06583982920582454,-0.5158398292058246
2.64,1.5672662725017332,1.072733727498267
-0.26,0.47226904812775444,-0.7322690481277545
-0.08,-0.23960743188945766,0.15960743188945764
8.37,7.366453241554444,1.0035467584455553
11.99,9.57341660569636,2.4165833943036397
-0.42,-0.2456382541823167,-0.1743617458176833
0.75,0.4317984060703673,0.3182015939296327
-0.02,-0.3385542537251474,0.3185542537251474
3.23,6.110547566350421,-2.880547566350421
9.57,7.903287070251125,1.6667129297488756
5.82,5.288902812892616,0.5310971871073846
3.25,2.1415971932165423,1.1084028067834577
1.39,1.4748069567949975,-0.08480695679499761
3.64,2.7912146440836167,0.8487853559163834
-0.8,-0.7582100043883577,-0.04178999561164232
17.9,23.240827025835035,-5.340827025835036
-0.42,-0.42637926869413295,0.006379268694132967
4.53,3.5910928377640814,0.9389071622359189
0.0,0.1951078639738711,-0.1951078639738711
2.54,2.1311136714280674,0.40888632857193263
-0.61,-0.6308822220027784,0.02088222200277845
-0.65,-0.7373411445904279,0.08734114459042785
0.16,-0.12147275144064826,0.28147275144064826
0.64,0.19175997143532317,0.4482400285646768
12.45,12.56482700453355,-0.11482700453355044
0.67,1.3307647911740739,-0.6607647911740738
2.78,2.496112512204509,0.28388748779549067
1.85,1.8573884692733942,-0.007388469273394094
4.66,3.6916420572071296,0.9683579427928706
7.85,7.745724945496975,0.10427505450302466
9.89,6.098358332582876,3.7916416674171245
1.05,0.8583944536240767,0.1916055463759233
-0.09,0.1556777304420175,-0.2456777304420175
1.04,2.2154402867185983,-1.1754402867185982
0.53,0.1206828741099631,0.40931712589003694
-0.53,-0.3235552815552613,-0.20644471844473872
3.79,6.46354889621407,-2.6735488962140703
24.42,15.650020687919593,8.769979312080409
-0.47,-0.22922359999739797,-0.240776400002602
-0.63,-0.1582955638291671,-0.4717044361708329
1.18,0.6309890428118887,0.5490109571881112
0.85,0.5783367292043997,0.27166327079560026
-0.9,-0.9027458554793518,0.0027458554793517997
2.16,1.2372318791887738,0.9227681208112264
11.13,9.596181609743661,1.5338183902563394
0.51,0.9932847100803893,-0.4832847100803893
10.21,7.825722804730563,2.384277195269438
9.52,7.119195288683466,2.4008047113165336
5.31,6.7613108357292395,-1.45131083572924
2.3,1.1353059237586018,1.164694076241398
1.29,3.3038594763843805,-2.0138594763843805
1.78,1.1346094834491884,0.6453905165508116
-0.33,-0.4375351119563428,0.1075351119563428
0.39,0.23800264799194196,0.15199735200805806
2.45,1.267004207375023,1.1829957926249772
1.88,1.0056022664345448,0.8743977335654551
0.74,0.8520570066028824,-0.11205700660288243
4.6,3.46648679419424,1.1335132058057598
5.41,3.265133924567681,2.144866075432319
-0.65,-0.7658781705980126,0.11587817059801253
1.2,2.3635388567786393,-1.1635388567786393
0.62,1.758068710194685,-1.138068710194685
3.31,2.8713088308610972,0.4386911691389028
30.59,25.99805063899064,4.591949361009359
-0.61,-0.7365225660843698,0.12652256608436985
0.89,1.2046659179344152,-0.31466591793441523
0.78,1.1845223859366725,-0.40452238593667245
0.62,0.6923900226268332,-0.07239002262683325
4.31,3.5602678706565865,0.7497321293434132
-0.8,-0.6198229585625727,-0.1801770414374273
14.56,8.711131446372638,5.848868553627362
6.17,5.216308322090601,0.9536916779093989
-0.01,-0.3255891705676688,0.3155891705676688
-0.47,-0.6162364463092401,0.14623644630924015
3.26,2.309257368740313,0.9507426312596867
0.06,0.8889035771453534,-0.8289035771453535
2.93,2.4109293738637563,0.5190706261362439
0.13,0.19563926205574778,-0.06563926205574777
1.17,1.3300149966366233,-0.16001499663662333
-0.42,-0.16861640527878055,-0.2513835947212194
3.81,3.1993961230948247,0.6106038769051754
3.41,6.6122766605185594,-3.2022766605185593
0.42,1.4820720471679216,-1.0620720471679217
-0.7,-0.4585795288070989,-0.24142047119290105
6.08,4.636153954535389,1.4438460454646114
13.76,12.538110240473207,1.2218897595267926
2.17,2.3081122613666807,-0.13811226136668076
-0.57,-0.6938950294844667,0.12389502948446673
0.49,0.372158614139374,0.11784138586062598
2.19,5.548032360958455,-3.3580323609584553
0.74,0.8004279825689986,-0.06042798256899862
4.75,9.886862740147667,-5.1368627401476665
-0.22,0.011624285304944365,-0.23162428530494436
4.14,3.3740859758435144,0.7659140241564852
0.46,0.5350550917834429,-0.07505509178344288
6.48,10.218569749923802,-3.7385697499238013
-0.7,-0.44480778855239844,-0.2551922114476015
1.49,0.8036021789045686,0.6863978210954313
-0.57,-0.6408489122394566,0.07084891223945666
19.83,17.386555380793556,2.443444619206442
-0.63,-0.5486018874622469,-0.08139811253775309
0.75,0.14572703655921468,0.6042729634407853
0.24,-0.074708433837932,0.314708433837932
19.85,16.1475409370594,3.7024590629406013
-0.67,-0.40881040548285086,-0.2611895945171492
0.33,2.2010244742799396,-1.8710244742799396
-0.37,0.0516102523910866,-0.4216102523910866
7.83,16.726273744553094,-8.896273744553094
5.79,6.888884722268461,-1.098884722268461
0.07,1.479084949214433,-1.4090849492144328
-0.57,-0.11986586414113584,-0.4501341358588641
1.54,1.4128256051351897,0.1271743948648103
-0.2,-0.5033979578282137,0.3033979578282137
3.92,2.118848978778861,1.801151021221139
-0.03,1.0904142913005812,-1.1204142913005812
-0.05,-0.1689064091034068,0.11890640910340679
1.87,1.1415945461259693,0.7284054538740308
1.75,5.142970532631215,-3.3929705326312147
1.9,5.009267573047114,-3.109267573047114
3.15,3.08967167291336,0.06032832708663971
1.79,1.4457741424619035,0.34422585753809654
-0.89,-0.9090854964793973,0.01908549647939728
0.91,0.3093763921050097,0.6006236078949903
2.45,1.2908602297515215,1.1591397702484787
-0.33,0.23773072103314088,-0.5677307210331409
0.52,1.182365341988952,-0.6623653419889519
1.2,3.7745444693262957,-2.5745444693262955
2.63,2.090783919829948,0.5392160801700521
5.69,8.202230573191242,-2.5122305731912418
2.34,2.6815649128363255,-0.3415649128363256
6.8,4.82643901540847,1.97356098459153
0.68,0.2842237141926823,0.3957762858073178
0.81,0.15316009849208584,0.6568399015079143
-0.54,-0.6147346371374304,0.07473463713743034
0.09,-0.2942696419903099,0.3842696419903099
17.81,13.55073904039654,4.259260959603459
4.2,5.40776440772835,-1.2077644077283498
1.46,0.846235822153368,0.613764177846632
1.65,0.9394259376966821,0.7105740623033178
2.47,2.032001319449323,0.43799868055067703
1.1,2.6901233489724037,-1.5901233489724036
5.08,4.493146062556821,0.5868539374431787
1.35,2.7572752472131037,-1.4072752472131036
13.9,8.268531958146077,5.631468041853923
0.58,0.03758394762306687,0.5424160523769331
8.67,6.249481354769642,2.4205186452303575
1.2,1.7168121675445605,-0.5168121675445605
-0.48,-0.09854929876888555,-0.38145070123111446
0.14,0.3820387629314089,-0.2420387629314089
-0.28,-0.5193402016329137,0.2393402016329137
14.82,24.70630312381952,-9.88630312381952
-0.24,0.17910948217283917,-0.41910948217283917
-0.34,-0.5482744938488234,0.2082744938488234
6.46,6.039272448133402,0.42072755186659805
0.8,2.226746241665138,-1.426746241665138
0.06,0.1264633414139268,-0.06646334141392679
-0.48,0.050685776969239496,-0.5306857769692395
3.4,2.2390361427668806,1.1609638572331193
-0.59,-0.41006482576218056,-0.1799351742378194
-0.43,0.46882682265376646,-0.8988268226537665
6.12,3.560082059195003,2.559917940804997
2.92,1.3970207415847853,1.5229792584152146
2.46,3.703376685217218,-1.2433766852172181
-0.24,0.4484858207861787,-0.6884858207861787
8.65,10.818187088270948,-2.1681870882709475
1.27,0.4170535589223107,0.8529464410776892
11.89,7.241819000922193,4.648180999077807
1.92,0.9205007729356199,0.99949922706438
9.02,6.211326620127344,2.8086733798726558
-0.37,0.018932991198872883,-0.38893299119887287
1.01,0.30607424235165276,0.7039257576483473
2.38,3.2534008819599824,-0.8734008819599826
6.21,4.397205550447733,1.8127944495522668
-0.49,-0.32152730230464094,-0.16847269769535905
-0.93,-0.8986583684453382,-0.03134163155466185
0.64,0.7874208637025523,-0.14742086370255225
1.78,1.379655576965071,0.4003444230349291
5.09,4.5814678204511505,0.5085321795488493
2.78,5.30400379475752,-2.5240037947575202
-0.67,-0.5120477753729367,-0.15795222462706338
-0.27,0.46707224265609576,-0.7370722426560958
0.19,0.23374484845560511,-0.04374484845560511
1.24,4.1889204265789735,-2.9489204265789732
2.99,2.305993947354174,0.684006052645826
2.68,2.2552223429796707,0.42477765702032944
-0.48,-0.6289171448712148,0.14891714487121477
1.04,1.0098719803585499,0.030128019641450177
1.13,0.4942481276149097,0.6357518723850901
0.63,1.4470165642975776,-0.8170165642975776
1.05,0.9719587415351989,0.07804125846480114
4.7,5.348435858299206,-0.648435858299206
-0.04,-0.11222619435005285,0.07222619435005284
5.51,3.0306402221064763,2.4793597778935235
0.68,1.8142099954763706,-1.1342099954763705
0.67,-0.00687254801347357,0.6768725480134736
2.38,4.525147311090577,-2.145147311090577
0.98,0.8565990103414443,0.12340098965855573
-0.76,-0.42423515456152006,-0.33576484543847995
0.65,0.04286865439223981,0.6071313456077602
12.66,13.166638999130813,-0.5066389991308125
1.36,0.5049048805550823,0.8550951194449178
-0.47,-0.6778386511623431,0.20783865116234312
0.85,1.0834734998088424,-0.23347349980884247
2.61,1.9220412371282911,0.6879587628717088
-0.72,-0.3819267712469214,-0.33807322875307855
6.95,4.893790802888747,2.0562091971112535
1.41,0.6049104601790156,0.8050895398209843
0.38,0.7251556274651747,-0.3451556274651747
0.58,1.7583431089837716,-1.1783431089837717
-0.03,-0.1062972294213958,0.0762972294213958
9.06,5.534145189224673,3.5258548107753276
7.51,5.996440722835643,1.5135592771643571
2.27,1.5628141049258548,0.7071858950741452
6.93,5.816986518799187,1.113013481200813
0.5,0.442559896887743,0.057440103112257
3.49,5.818321654849471,-2.3283216548494705
-0.29,-0.10626118546522331,-0.18373881453477667
0.78,1.1622948481984459,-0.38229484819844584
10.02,8.250338741715503,1.769661258284497
-0.74,-0.3707938557933161,-0.3692061442066839
5.01,3.5447629326000083,1.4652370673999915
-0.51,-0.00197329298804546,-0.5080267070119545
-0.65,-0.7224775825985094,0.07247758259850934
0.07,0.4371734636534523,-0.36717346365345227
0.11,1.8221171652802324,-1.7121171652802323
4.25,8.121932278346913,-3.871932278346913
0.67,0.20506108517574714,0.46493891482425287
-0.39,-0.5812606024376381,0.1912606024376381
0.91,0.6661039694287408,0.2438960305712592
-0.08,0.5056245764941616,-0.5856245764941616
3.45,6.331645810370878,-2.8816458103708777
0.31,0.992244800384621,-0.6822448003846211
0.4,1.6019181073929663,-1.2019181073929661
4.93,2.6620405013502677,2.267959498649732
-0.45,-0.37156901427810535,-0.07843098572189466
23.63,23.560536303511306,0.06946369648869322
0.91,0.2667475229155192,0.6432524770844809
2.36,3.079001279833592,-0.7190012798335923
1.06,2.8555372917359008,-1.7955372917359007
-0.08,0.7504792116133898,-0.8304792116133898
-0.49,-0.09551172145181454,-0.39448827854818547
0.7,0.7396381583360528,-0.03963815833605289
4.3,2.9631151600791097,1.3368848399208901
3.28,4.904298671684909,-1.6242986716849095
-0.65,-0.25271179523659604,-0.397288204763404
0.92,0.8500091084922405,0.0699908915077595
-0.69,-0.6302073121921047,-0.05979268780789526
5.9,6.124505002197936,-0.2245050021979358
0.94,0.6429819440873644,0.2970180559126355
5.78,3.4420468713995387,2.3379531286004616
0.87,0.13655847038927385,0.7334415296107262
1.24,1.3006931677180844,-0.06069316771808442
15.29,15.988188263765744,-0.6981882637657453
19.11,16.631525031818114,2.478474968181885
-0.23,-0.4767908755621255,0.2467908755621255
-0.06,-0.11193378961185461,0.05193378961185462
-0.32,0.4019637243901211,-0.7219637243901211
-0.57,-0.5501135981416262,-0.01988640185837376
0.75,0.4754623911543682,0.2745376088456318
0.37,0.4830644708380781,-0.11306447083807808
0.12,-0.06177044357018776,0.18177044357018776
-0.57,-0.6084426818164081,0.0384426818164082
0.77,0.8811204733612347,-0.11112047336123465
-0.24,-0.19259300276297495,-0.047406997237025045
-0.04,-0.21210991819196937,0.17210991819196936
3.52,3.803773153191418,-0.2837731531914178
3.04,3.735918751886447,-0.6959187518864471
0.0,0.7327839457194636,-0.7327839457194636
2.48,1.2799948292732295,1.2000051707267705
-0.12,-0.08418868149787197,-0.03581131850212803
3.96,8.290486174932937,-4.330486174932937
0.37,1.003032406435973,-0.633032406435973
-0.37,-0.514228948244749,0.14422894824474897
5.93,11.976347984686377,-6.046347984686378
2.98,2.4175783934055457,0.5624216065944543
1.57,1.3588283301691055,0.21117166983089453
1.41,3.9542601101045927,-2.5442601101045925
1.79,0.9443931919446614,0.8456068080553386
2.3,6.235906878219596,-3.935906878219596
-0.77,-0.70933329470545,-0.06066670529454998
4.25,4.817263449693659,-0.5672634496936588
3.0,2.0270503073238952,0.9729496926761048
-0.09,-0.3390550387083808,0.24905503870838078
0.84,0.23183594550811173,0.6081640544918883
0.95,1.6483539967645369,-0.6983539967645369
1.52,1.6384627637977323,-0.11846276379773224
3.45,5.083050423134794,-1.6330504231347938
-0.48,-0.6212469204606786,0.14124692046067866
0.21,1.1407973148847679,-0.9307973148847679
3.01,3.6830985261670306,-0.6730985261670308
3.93,7.6731873208894905,-3.7431873208894904
0.31,0.1510432119813109,0.1589567880186891
0.03,1.4592420577882996,-1.4292420577882996
4.23,3.3005400006782764,0.9294599993217241
-0.42,0.2979103456092175,-0.7179103456092175
1.33,0.6478182252710767,0.6821817747289234
1.38,1.3518308971642876,0.02816910283571228
0.46,0.7036152270673937,-0.24361522706739364
1.48,0.9730196848178897,0.5069803151821103
33.26,20.320154648441232,12.939845351558766
38.45,36.53879652421653,1.9112034757834735
0.88,1.0997886994608985,-0.21978869946089852
-0.73,-0.5321069928616505,-0.19789300713834945
8.65,7.16628696218196,1.48371303781804
1.83,0.9913228332399694,0.8386771667600307
1.76,0.8534200054694653,0.9065799945305347
-0.73,-0.4658314621353817,-0.2641685378646183
-0.68,-0.4970978649355052,-0.18290213506449488
0.98,1.236258839962507,-0.256258839962507
2.88,1.5587220413873506,1.3212779586126493
3.04,2.1428642067081025,0.8971357932918975
1.3,2.1984256993094706,-0.8984256993094706
18.63,20.33364114626792,-1.7036411462679197
0.98,2.3198004453613303,-1.3398004453613304
-0.08,-0.164876393530427,0.08487639353042699
-0.03,-0.13703818270669374,0.10703818270669374
0.49,0.3322759277050218,0.1577240722949782
8.9,18.808626114213908,-9.908626114213908
6.03,8.963954758403569,-2.9339547584035683
0.06,1.0593092659541565,-0.9993092659541565
-0.14,-0.34684097309668166,0.20684097309668165
2.1,1.9810645052484874,0.11893549475151266
3.8,2.169245922139152,1.630754077860848
-0.73,-0.8035665855625207,0.07356658556252071
0.99,3.0776798658946647,-2.087679865894665
2.37,1.7671325586211735,0.6028674413788266
11.66,7.454082679861163,4.205917320138838
-0.47,-0.11528700910966905,-0.3547129908903309
0.12,0.6657585530662682,-0.5457585530662682
-0.66,-0.33820929045959813,-0.3217907095404019
0.96,2.213582259494239,-1.2535822594942392
-0.67,-0.3246426799085043,-0.3453573200914957
3.49,6.406859298101429,-2.9168592981014285
-0.66,-0.41902944762883254,-0.2409705523711675
0.38,1.6846703378717105,-1.3046703378717104
0.64,0.18290436797528492,0.4570956320247151
12.49,8.83996443660273,3.650035563397271
-0.23,-0.1609118493545317,-0.0690881506454683
3.08,2.407191952466946,0.6728080475330542
-0.47,-0.027734921388826113,-0.44226507861117387
1.4,0.9271390532783994,0.4728609467216005
4.97,4.763863530889567,0.20613646911043304
1.08,3.1563128961453417,-2.0763128961453416
4.46,2.3767913972512997,2.0832086027487002
0.92,2.22708066044653,-1.30708066044653
1.94,1.0660755786941103,0.8739244213058897
-0.55,-0.6892509868328457,0.13925098683284565
18.24,25.108738468762702,-6.868738468762704
3.55,2.4738858275609683,1.0761141724390315
0.71,0.17465113451367717,0.5353488654863228
5.86,3.461267036809308,2.3987329631906924
1.16,3.4264024576220953,-2.266402457622095
-0.13,0.47462736024596563,-0.6046273602459656
3.82,2.866057830695224,0.953942169304776
1.43,3.4554449358218124,-2.0254449358218123
7.48,5.97012552544693,1.5098744745530706
0.8,0.670726360608721,0.129273639391279
1.2,0.6395451143486545,0.5604548856513455
-0.11,-0.028301715165848965,-0.08169828483415104
14.05,10.613208846735931,3.4367911532640694
0.23,0.38348981322569115,-0.15348981322569114
8.69,7.98791200163359,0.7020879983664097
1.52,4.779657992663505,-3.2596579926635054
-0.81,-0.6674334643087309,-0.1425665356912692
-0.95,-0.8855059823115181,-0.06449401768848184
0.34,0.2894610080520898,0.05053899194791023
13.62,8.75308801023113,4.8669119897688695
0.98,0.4160700538312661,0.5639299461687339
-0.72,-0.6732110994757912,-0.04678890052420881
3.73,3.010081981287079,0.7199180187129208
0.77,2.192659038426153,-1.4226590384261528
-0.15,0.24182741136497407,-0.39182741136497407
2.56,2.3984312961261236,0.16156870387387645
-0.03,-0.35919311948063126,0.32919311948063124
-0.15,0.01628448582942352,-0.1662844858294235
0.38,-0.07121337427463503,0.45121337427463504
3.59,3.3482555706226,0.24174442937740004
0.39,2.146926977937373,-1.7569269779373728
1.32,0.6547555695298408,0.6652444304701592
0.7,1.5363377297025953,-0.8363377297025953
-0.05,1.016885967921846,-1.066885967921846
-0.74,-0.7128641310498618,-0.027135868950138198
-0.19,0.5276204745194293,-0.7176204745194292
6.76,4.469276922087175,2.2907230779128245
2.02,3.5740022850892275,-1.5540022850892274
2.12,2.0873591731014183,0.03264082689858183
3.79,7.1337722471821845,-3.3437722471821845
0.05,0.9401052511336885,-0.8901052511336884
-0.74,-0.8354219161238209,0.0954219161238209
0.63,0.5937458321619516,0.03625416783804836
0.26,0.7481837751879119,-0.4881837751879119
0.36,0.9399824171701914,-0.5799824171701914
1.78,2.308010254509959,-0.5280102545099588
0.69,0.9180484543936241,-0.2280484543936242
-0.41,-0.14393760699206878,-0.2660623930079312
2.25,3.567521158026351,-1.3175211580263508
0.77,0.3754908260736805,0.3945091739263195
-0.62,-0.4942228743180064,-0.12577712568199362
17.4,14.365122446635977,3.034877553364021
2.37,1.3995492763673156,0.9704507236326845
5.15,4.7760844161504385,0.3739155838495618
0.58,0.9522430884241428,-0.3722430884241429
2.43,1.3289486341286667,1.1010513658713335
3.81,8.365117939702424,-4.5551179397024235
1.13,0.41664286561560704,0.7133571343843929
1.29,1.4480986151313084,-0.1580986151313084
1.77,6.024876532459198,-4.254876532459198
1.79,3.9166150366883357,-2.1266150366883356
0.79,0.14111756136477302,0.648882438635227
1.26,3.6033695412244127,-2.343369541224413
9.86,27.174934848034408,-17.314934848034408
0.23,1.400915351219169,-1.170915351219169
4.51,6.227180506558506,-1.7171805065585062
1.52,2.6179226497852355,-1.0979226497852355
-0.28,-0.430078118181202,0.15007811818120198
0.87,2.833705049850001,-1.963705049850001
-0.18,0.7944754994166575,-0.9744754994166576
3.02,5.522979160373675,-2.5029791603736746
6.76,6.042747820459638,0.7172521795403615
-0.23,-0.46991975867565844,0.23991975867565843
2.22,1.0373729637979299,1.1826270362020703
1.2,1.7704001577525896,-0.5704001577525897
5.12,10.348290744838739,-5.228290744838739
0.16,-0.08168160669584866,0.24168160669584865
0.59,-0.035181631618767466,0.6251816316187674
0.77,1.0210729240583596,-0.25107292405835957
9.17,13.486863770119498,-4.3168637701194985
2.47,1.453985899622777,1.0160141003772232
0.62,0.2330716414728621,0.3869283585271379
-0.17,-0.5178073722165613,0.3478073722165612
-0.45,-0.1323853691540472,-0.3176146308459528
3.6,3.724069343785264,-0.1240693437852638
0.12,0.051649512069192396,0.0683504879308076
-0.76,-0.4392286449522977,-0.3207713550477023
1.85,3.4691099341833973,-1.6191099341833972
-0.36,-0.29259690555552953,-0.06740309444447046
4.29,4.938991997694837,-0.6489919976948366
6.51,6.678558291053617,-0.16855829105361764
1.75,1.5012488333011624,0.24875116669883757
0.6,0.985067127520728,-0.385067127520728
-0.64,-0.5154349240457161,-0.1245650759542839
-0.16,0.48812558899166497,-0.648125588991665
0.07,0.008249795727702491,0.061750204272297514
0.89,0.2841662810536316,0.6058337189463684
0.03,-0.11325704271102464,0.14325704271102463
0.21,0.41770968663457914,-0.20770968663457914
-0.71,-0.6639162871999652,-0.04608371280003476
1.77,1.1181532809401873,0.6518467190598127
-0.78,-0.8222826409418728,0.04228264094187273
3.41,4.3863846366983585,-0.9763846366983584
1.22,0.6424921344681043,0.5775078655318957
0.14,1.2367727435808287,-1.0967727435808285
1.31,0.7040699128836372,0.6059300871163629
-0.14,-0.24817301896430868,0.10817301896430867
4.91,3.26592699788564,1.6440730021143604
3.39,2.0018620470443373,1.3881379529556628
-0.52,0.1360479907045924,-0.6560479907045924
4.72,2.73748642778163,1.9825135722183695
1.0,2.28982540413632,-1.28982540413632
16.05,16.603586928404376,-0.5535869284043748
0.18,0.5164830579431863,-0.3364830579431863
-0.2,-0.10148567303198296,-0.09851432696801705
0.07,1.2910333304157553,-1.2210333304157552
0.99,0.9932650971725419,-0.0032650971725418643
-0.63,-0.7624263697262975,0.1324263697262975
-0.63,-0.21412342078295685,-0.41587657921704313
5.28,3.4231606974384636,1.8568393025615366
1.2,1.7895929082563984,-0.5895929082563984
1.71,0.9503345325738557,0.7596654674261443
0.99,0.5004378136233526,0.4895621863766474
0.68,0.5553767816450832,0.12462321835491685
2.57,3.969490482506843,-1.399490482506843
3.76,2.362741959335164,1.3972580406648358
-0.71,-0.7584497412753576,0.048449741275357616
9.72,17.61664491655296,-7.89664491655296
11.24,6.448323393644835,4.791676606355165
0.05,-0.2057230232639808,0.2557230232639808
4.93,4.119940861608752,0.8100591383912477
0.57,0.3985584450693372,0.17144155493066277
1.73,1.0296569823670108,0.7003430176329892
0.06,0.01433601059840718,0.04566398940159282
1.15,4.378620689012032,-3.228620689012032
8.55,6.409165395532333,2.140834604467668
6.78,4.761706057948622,2.018293942051378
1.65,3.0356571104883967,-1.3856571104883968
3.13,4.326865099887961,-1.1968650998879609
-0.11,0.07240130064613053,-0.18240130064613053
0.78,3.0594562875072433,-2.2794562875072435
0.97,1.9468611747020323,-0.9768611747020324
-0.22,-0.4693498575771492,0.2493498575771492
22.81,21.216011579135735,1.5939884208642638
7.5,5.555501052447986,1.944498947552014
3.74,3.094443001561998,0.6455569984380021
1.27,1.1299558665945273,0.14004413340547273
-0.18,0.1543870079160973,-0.3343870079160973
10.59,14.048505108585871,-3.4585051085858716
1.29,1.2895220526504232,0.00047794734957684604
-0.82,-0.9032980167093431,0.08329801670934311
0.39,0.06674056849200358,0.3232594315079964
0.11,1.7879283897952898,-1.6779283897952897
2.53,1.1244296507451248,1.405570349254875
3.43,2.6923938432701884,0.7376061567298118
1.37,0.8898841074906977,0.4801158925093024
-0.95,-0.8990234503032589,-0.050976549696741036
5.53,4.167028739006166,1.3629712609938345
8.68,9.848601378791411,-1.1686013787914113
2.92,1.9773593361353887,0.9426406638646112
2.99,1.7322005363082944,1.2577994636917058
5.66,3.537552052811367,2.122447947188633
-0.33,-0.13164058767659848,-0.19835941232340154
-0.03,-0.35753857300343844,0.32753857300343847
1.91,1.5842528311862245,0.3257471688137754
0.43,1.4787419325085038,-1.048741932508504
-0.3,-0.34383891736960254,0.04383891736960255
8.15,5.985724981662742,2.1642750183372588
0.24,0.035364925505576926,0.20463507449442306
0.71,0.5147377258915542,0.19526227410844577
-0.21,-0.05044221470094928,-0.1595577852990507
2.07,0.9284199378356406,1.1415800621643593
-0.74,-0.5281537470149683,-0.21184625298503168
6.48,6.025364768324725,0.4546352316752751
0.67,1.3465408018624372,-0.6765408018624371
6.29,3.592037060101421,2.697962939898579
-0.33,-0.3258698976539808,-0.004130102346019238
0.88,3.330869064558828,-2.450869064558828
6.82,7.318968494018779,-0.4989684940187784
0.0,0.8851416704394781,-0.8851416704394781
0.14,-0.21016025538555613,0.3501602553855562
1.6,1.485636649872871,0.11436335012712906
3.13,3.07913481054492,0.05086518945508001
-0.17,-0.44680023756407033,0.27680023756407035
0.15,0.5398759026709735,-0.3898759026709735
-0.48,-0.6449457916265829,0.16494579162658296
1.47,1.1847357432346879,0.2852642567653121
0.71,0.03247220592410949,0.6775277940758905
0.51,0.8980758609134123,-0.3880758609134123
0.94,1.4381009200898667,-0.4981009200898667
3.06,2.804400537641318,0.25559946235868214
0.75,1.3248375015991938,-0.5748375015991938
-0.15,0.16965932718149554,-0.31965932718149553
-0.25,-0.3762372673175589,0.1262372673175589
1.52,1.0012995273022716,0.5187004726977285
0.46,0.20391278417763947,0.25608721582236055
1.1,0.5272887527393563,0.5727112472606438
7.18,10.375016994289105,-3.195016994289105
0.3,0.12366407702487768,0.1763359229751223
24.53,16.958286762297483,7.571713237702518
-0.92,-0.83458345779796,-0.08541654220204009
1.18,2.0734746953063583,-0.8934746953063584
1.62,1.2219674602966346,0.3980325397033655
2.01,2.877973611462594,-0.867973611462594
2.15,2.109713628433967,0.0402863715660331
2.99,1.8829533280323467,1.1070466719676535
-0.39,-0.3540695126489418,-0.03593048735105819
-0.28,-0.5148675340104749,0.2348675340104749
2.1,1.8298933427022173,0.2701066572977828
0.18,0.20742238644860286,-0.02742238644860287
-0.02,-0.4091058186361757,0.38910581863617566
2.47,4.3046959931907685,-1.8346959931907683
0.36,-0.1178874702897227,0.47788747028972267
2.54,2.136634214881343,0.40336578511865717
0.62,1.406484737296366,-0.786484737296366
0.8,1.570910232699608,-0.770910232699608
20.95,12.191615755505408,8.758384244494591
-0.25,-0.4337033068412603,0.1837033068412603
1.3,1.56829696798754,-0.26829696798754
0.96,3.1400261377890764,-2.1800261377890764
-0.05,0.8545799610912135,-0.9045799610912135
2.34,3.87677015598657,-1.53677015598657
3.56,6.3750438664590225,-2.8150438664590225
-0.11,0.0496891434373635,-0.1596891434373635
1.95,2.0363592826334718,-0.08635928263347181
0.87,0.6627394390301509,0.20726056096984913
0.27,0.7894478006413809,-0.5194478006413809
-0.51,-0.5242510436031557,0.014251043603155655
10.55,7.052610816305952,3.4973891836940485
0.08,-0.29614076536094475,0.37614076536094476
2.46,1.2561540470291024,1.2038459529708976
12.75,15.180178089062656,-2.4301780890626556
0.8,0.49587858388434447,0.3041214161156556
-0.21,0.45775100080512704,-0.6677510008051271
1.03,2.1121634188272447,-1.0821634188272446
9.48,7.238988284073007,2.2410117159269936
-0.54,-0.4244078926302199,-0.11559210736978015
2.06,4.627761871068811,-2.5677618710688113
-0.08,-0.1103619688060716,0.0303619688060716
0.17,-0.14025022450802557,0.3102502245080256
2.47,2.072490585267405,0.39750941473259527
-0.65,-0.2516145201561406,-0.3983854798438594
2.81,2.299941195328772,0.5100588046712282
-0.39,-0.5403514572475302,0.15035145724753018
-0.41,-0.5578930375131681,0.14789303751316812
0.65,0.81370977163675,-0.16370977163674993
1.46,3.3118329181071307,-1.8518329181071307
0.59,0.1271380276644563,0.46286197233554366
1.23,0.8622360261813806,0.36776397381861936
1.67,0.7602958984376151,0.9097041015623848
3.45,4.831786942291032,-1.3817869422910318
2.33,5.0404137468122245,-2.7104137468122245
2.54,2.718597148448075,-0.17859714844807506
0.42,0.4323702068514791,-0.012370206851479104
-0.15,0.3316809151595454,-0.48168091515954536
1.88,4.967914276024278,-3.0879142760242777
0.38,1.0392711158941041,-0.6592711158941041
2.17,1.418739221481086,0.7512607785189138
0.1,0.4687266814171848,-0.3687266814171848
-0.14,0.10752474945991826,-0.24752474945991826
0.59,0.2930281606654413,0.2969718393345587
-0.72,-0.8066385714884097,0.0866385714884097
1.84,3.7028168726332336,-1.8628168726332335
2.81,6.464153659565916,-3.654153659565916
1.83,0.6397683371473643,1.1902316628526357
11.48,8.655737080651873,2.8242629193481275
0.54,0.1436855972520195,0.3963144027479806
3.22,3.9951111022548504,-0.7751111022548502
0.53,0.6708558656733067,-0.14085586567330666
9.25,9.013922821959323,0.23607717804067718
-0.65,-0.5362400772461619,-0.11375992275383817
0.36,1.689005223813762,-1.3290052238137622
8.51,6.191069271518573,2.318930728481427
0.21,0.019344668534775948,0.19065533146522404
-0.27,-0.5293477292024399,0.25934772920243987
-0.57,-0.553007250462437,-0.016992749537562912
10.99,12.33312412587873,-1.3431241258787292
0.69,1.7184233283768355,-1.0284233283768356
0.41,1.1487607933029633,-0.7387607933029634
0.65,0.15179590314355856,0.49820409685644146
0.64,0.4856041129435883,0.15439588705641172
0.85,1.1169314925654017,-0.2669314925654017
-0.44,-0.429437663839935,-0.010562336160065022
-0.44,-0.4299176326710272,-0.01008236732897283
-0.21,-0.5165454151559926,0.30654541515599265
0.33,0.4327873303266357,-0.10278733032663567
4.7,3.4547580672912046,1.2452419327087956
7.21,5.583327107876588,1.6266728921234117
0.88,0.6339189398143704,0.24608106018562959
16.53,9.89141803560479,6.638581964395211
0.21,0.2507702699457315,-0.04077026994573149
1.48,1.607150966154896,-0.12715096615489596
0.33,-0.020975845109005607,0.35097584510900565
0.23,-0.14124403033752672,0.37124403033752673
0.76,0.9738500898543528,-0.21385008985435283
1.75,0.9899629740319996,0.7600370259680004
1.54,2.570371017289806,-1.0303710172898062
-0.33,-0.5317868764920705,0.20178687649207044
-0.47,-0.32623044601274137,-0.1437695539872586
0.4,2.1331613707784967,-1.7331613707784967
1.33,1.4576671462527835,-0.12766714625278341
1.81,3.9904311067369833,-2.1804311067369833
0.28,0.15741277587226862,0.1225872241277314
0.68,0.13172171009521302,0.548278289904787
2.35,1.147140980230581,1.2028590197694191
1.09,1.9973095235881748,-0.9073095235881747
11.94,12.949540902137201,-1.0095409021372017
-0.13,0.4655807222585066,-0.5955807222585066
4.78,5.874017743531875,-1.0940177435318743
0.69,2.134866675263958,-1.4448666752639578
0.18,0.7617380201045078,-0.5817380201045077
2.76,3.4482721682005035,-0.6882721682005037
1.77,2.9016082601150783,-1.1316082601150783
-0.28,-0.5155554592477699,0.23555545924776988
-0.04,0.05424923823500175,-0.09424923823500175
9.43,6.900943208414399,2.5290567915856004
-0.09,0.010226329962782377,-0.10022632996278237
2.43,6.907395098193051,-4.4773950981930515
-0.47,-0.28770293594047686,-0.18229706405952312
0.32,0.22964901194954743,0.09035098805045258
14.28,8.978887087256055,5.301112912743944
20.17,11.467289405101223,8.702710594898779
2.4,1.8778555097194438,0.5221444902805561
2.92,8.216588058027492,-5.296588058027492
-0.41,-0.37534083310492833,-0.03465916689507165
-0.19,-0.42497913448435876,0.23497913448435875
-0.18,0.9375994798430689,-1.1175994798430688
7.06,4.79100416538642,2.2689958346135795
5.48,7.080364131700635,-1.6003641317006343
10.5,9.839397071400603,0.6606029285993973
2.42,1.4787317369279471,0.9412682630720528
5.75,4.649270913499345,1.100729086500655
-0.06,-0.47233796613936635,0.41233796613936635
10.51,7.056484871302182,3.453515128697818
1.23,0.5436804298898172,0.6863195701101827
-0.79,-0.638853070501919,-0.15114692949808106
7.42,4.921355745479054,2.498644254520946
0.65,0.9662411513106441,-0.3162411513106441
2.47,5.537366097152519,-3.067366097152519
3.12,7.8542817463556,-4.7342817463556
8.19,13.363499348367373,-5.173499348367374
0.27,1.2579860359897266,-0.9879860359897266
0.05,0.6937470352377654,-0.6437470352377653
12.57,11.868547272881788,0.7014527271182125
-0.12,-0.36835144011597104,0.24835144011597104
7.6,10.420012553015662,-2.820012553015662
-0.7,-0.3822443688534599,-0.31775563114654004
0.13,-0.10464187839221495,0.23464187839221495
1.0,0.8730118682809667,0.12698813171903334
2.43,8.446019295998825,-6.0160192959988255
0.48,0.41218519527927994,0.06781480472072005
9.57,7.4639124741171585,2.1060875258828418
2.41,1.8455412871180599,0.5644587128819403
2.33,1.6233356898221591,0.7066643101778409
-0.52,-0.5725150554016611,0.052515055401661126
-0.53,-0.24863101814248162,-0.2813689818575184
1.14,3.2740255586427085,-2.1340255586427084
0.5,1.352858322596779,-0.852858322596779
0.2,0.1487397794542231,0.05126022054577692
1.47,3.0387024062874923,-1.5687024062874924
6.1,10.857765220661458,-4.757765220661458
4.06,6.318306590197054,-2.258306590197054
-0.5,-0.3362462644581001,-0.16375373554189993
2.36,4.705138448319433,-2.345138448319433
4.43,3.7929849392294788,0.637015060770521
7.7,11.538906732078217,-3.8389067320782173
2.27,4.9402660891405095,-2.6702660891405094
3.8,3.0213733807003393,0.7786266192996605
1.56,1.7861493980074739,-0.2261493980074738
2.97,1.5392834595166935,1.4307165404833067
4.3,11.56526874413445,-7.26526874413445
-0.2,0.39643313062314667,-0.5964331306231467
-0.5,-0.3602992738337349,-0.1397007261662651
-0.23,0.5529784071517718,-0.7829784071517718
3.53,1.7444963139756458,1.785503686024354
2.1,1.3951448753595879,0.7048551246404122
1.62,1.029360609884638,0.5906393901153622
0.15,-0.06118266491617744,0.21118266491617743
-0.1,1.053925514148171,-1.153925514148171
0.87,0.35930078922559505,0.5106992107744049
2.35,1.4342378641540126,0.9157621358459875
5.99,6.317020073651588,-0.32702007365158803
3.74,5.375211603073032,-1.6352116030730315
1.1,0.41883169612926,0.6811683038707401
-0.04,0.5538192586005185,-0.5938192586005185
1.71,4.9957232390461,-3.2857232390461
3.26,3.876317942378599,-0.6163179423785992
-0.43,0.027864255745286202,-0.4578642557452862
9.34,6.274633363060033,3.0653666369399666
-0.46,-0.0637653983438974,-0.39623460165610264
1.55,2.84539355956122,-1.29539355956122
2.69,5.141642850875835,-2.451642850875835
5.16,3.068719881955113,2.091280118044887
8.56,5.1538312441434,3.4061687558566005
2.88,2.040213525623797,0.8397864743762029
5.12,3.881329709741573,1.238670290258427
1.65,1.1156406519808404,0.5343593480191595
1.79,0.9381873261391941,0.851812673860806
0.4,0.22477801381838977,0.17522198618161025
-0.32,-0.568361878436638,0.24836187843663798
-0.39,-0.15387730382323983,-0.23612269617676018
-0.05,0.04678972749388057,-0.09678972749388057
0.34,-0.13904899256515935,0.47904899256515937
2.1,3.081955679866583,-0.9819556798665827
4.18,2.0917374267605644,2.0882625732394353
1.31,0.42137351666658723,0.8886264833334128
-0.49,-0.522383169031918,0.03238316903191796
0.29,1.0525469133122287,-0.7625469133122287
-0.68,-0.709038581753847,0.029038581753846993
-0.44,-0.29845154582510885,-0.14154845417489115
11.19,9.177888345305915,2.0121116546940847
-0.39,-0.46821202292371644,0.07821202292371643
10.64,7.544619431988929,3.0953805680110715
0.99,1.0585686127518485,-0.06856861275184856
0.78,0.33646660083846125,0.4435333991615388
0.83,1.7366548234181318,-0.9066548234181319
5.3,4.419847327260757,0.8801526727392428
1.21,1.2934965512329055,-0.08349655123290556
7.08,6.544255979372943,0.5357440206270567
-0.03,-0.07673485744072311,0.046734857440723115
6.28,3.6478672843889415,2.6321327156110588
4.37,4.638773215753162,-0.2687732157531615
-0.48,-0.3992915775612737,-0.08070842243872628
1.53,1.050559766908512,0.479440233091488
0.76,0.4659690517724188,0.2940309482275812
0.34,-0.0119578952581372,0.3519578952581372
-0.74,-0.6653418218679582,-0.07465817813204179
2.65,2.3029140063622164,0.3470859936377835
14.06,14.491329769337884,-0.4313297693378839
-0.39,-0.5741699127917497,0.18416991279174966
-0.26,0.14675401577816458,-0.4067540157781646
-0.2,-0.1918451436763135,-0.00815485632368651
0.04,0.06065088469418163,-0.02065088469418163
0.76,0.17002183654153336,0.5899781634584667
4.45,4.4226213542367505,0.027378645763249665
1.96,1.0235672070939659,0.9364327929060341
2.13,1.3837653561668686,0.7462346438331313
2.26,2.9289363851787473,-0.6689363851787475
-0.58,-0.31260457410158876,-0.2673954258984112
11.46,8.246707866483966,3.2132921335160347
-0.3,0.2846240308643366,-0.5846240308643366
7.04,6.102208405926705,0.9377915940732953
-0.14,-0.386103645822973,0.246103645822973
-0.67,-0.5363582093206265,-0.13364179067937354
8.51,4.932296133065078,3.5777038669349217
2.34,1.6329516761642833,0.7070483238357166
5.02,3.696686027551817,1.3233139724481826
-0.57,-0.28361308490191783,-0.2863869150980821
2.58,1.1960468435763991,1.383953156423601
1.65,0.9833867459320242,0.6666132540679757
-0.35,0.009020266577482883,-0.35902026657748287
4.2,5.747604339864422,-1.5476043398644217
2.19,2.124069297130172,0.06593070286982794
0.89,2.171022587492885,-1.2810225874928847
1.7,0.8938732425233176,0.8061267574766824
2.35,2.5106188198251846,-0.16061881982518456
7.04,6.161282303314437,0.8787176966855634
0.57,0.0359978050476569,0.534002194952343
3.19,2.941662681489223,0.24833731851077712
-0.75,-0.6995519306041806,-0.05044806939581936
-0.39,-0.07553547913533135,-0.3144645208646687
-0.41,-0.3218793378236372,-0.08812066217636277
2.55,4.009604857448878,-1.4596048574488778
-0.95,-0.9388234147427281,-0.011176585257271832
-0.12,-0.3021261504642107,0.1821261504642107
0.17,1.4627548144300169,-1.292754814430017
4.6,2.748431240954066,1.8515687590459335
-0.4,-0.4607560231226119,0.06075602312261186
11.53,9.15645331693504,2.3735466830649585
-0.71,-0.7682308385055641,0.0582308385055641
-0.03,-0.3013639546803592,0.27136395468035923
11.63,8.517672331919202,3.1123276680807983
0.94,0.27367827287860147,0.6663217271213985
3.27,3.234742052554027,0.03525794744597288
0.24,0.913810108378601,-0.673810108378601
4.3,2.5491781329963445,1.7508218670036553
-0.96,-0.9332568872887009,-0.026743112711299033
-0.08,0.1254045851698334,-0.2054045851698334
8.31,5.71359206973897,2.59640793026103
2.13,1.3445039726156585,0.7854960273843414
4.88,6.6078393004066305,-1.7278393004066306
-0.16,0.48743925083635825,-0.6474392508363582
4.19,5.171505096016804,-0.9815050960168037
4.62,9.60467992240412,-4.98467992240412
0.88,0.3423698842166157,0.5376301157833843
3.02,6.079656431374516,-3.0596564313745156
0.01,0.8936507578474391,-0.8836507578474391
1.09,0.3307670244276432,0.7592329755723568
0.77,0.17161124645202389,0.5983887535479762
0.79,0.1996205298358604,0.5903794701641396
-0.08,-0.19609673980289125,0.11609673980289124
-0.22,0.3874669802026895,-0.6074669802026895
1.91,1.779350644621642,0.13064935537835787
-0.62,-0.3524472808234661,-0.2675527191765339
1.35,0.8047056725474317,0.5452943274525683
1.39,2.6046591210336394,-1.2146591210336395
15.93,9.80767894217385,6.12232105782615
-0.2,0.7007417548135503,-0.9007417548135503
1.6,1.3177797035074057,0.2822202964925944
1.65,0.8645909788904798,0.7854090211095202
3.55,2.8828665764928467,0.6671334235071531
0.45,0.22852298584304223,0.22147701415695778
0.46,0.48046817336528713,-0.020468173365287112
9.26,14.46383169309911,-5.20383169309911
0.63,1.4965961864093498,-0.8665961864093498
0.01,-0.38161711593889563,0.39161711593889564
7.85,5.140804774187937,2.7091952258120626
-0.24,-0.007874613929968547,-0.23212538607003144
-0.89,-0.753165782724217,-0.13683421727578304
-0.12,1.141405972519998,-1.2614059725199982
5.1,4.944093854807037,0.15590614519296242
-0.27,0.035597912564226245,-0.30559791256422625
3.52,2.5102256853757923,1.0097743146242077
7.83,4.9271803638558,2.9028196361442005
4.17,2.429740569111326,1.740259430888674
0.56,2.9056187080689746,-2.3456187080689745
1.52,0.7882464214973846,0.7317535785026155
1.9,1.000920701736578,0.8990792982634219
-0.76,-0.6856984343850799,-0.07430156561492007
2.88,2.318717618530708,0.561282381469292
0.4,0.07915559720905187,0.32084440279094817
2.26,1.770640682304675,0.4893593176953248
1.46,3.153063811292796,-1.693063811292796
-0.04,0.416605099747083,-0.45660509974708297
0.16,0.6837336469704277,-0.5237336469704277
0.28,0.26989841114851126,0.010101588851488763
-0.86,-0.8013996012679421,-0.05860039873205791
2.76,2.2894678299825784,0.4705321700174214
0.66,1.0446534283568187,-0.3846534283568187
0.28,0.45864677115832553,-0.1786467711583255
1.2,1.3247201857643767,-0.12472018576437671
3.21,2.646140388857493,0.5638596111425072
0.55,0.5923731755487578,-0.04237317554875775
-0.67,-0.4204435184945381,-0.24955648150546195
2.16,3.412194785814154,-1.252194785814154
12.2,13.543384376193139,-1.3433843761931392
2.14,4.181973991619481,-2.041973991619481
-0.5,-0.5625628066848316,0.0625628066848316
5.59,3.81143234725019,1.77856765274981
1.51,2.0036668543063945,-0.49366685430639445
5.12,12.459066957679278,-7.339066957679278
0.77,0.8544112624436689,-0.08441126244366892
3.97,6.920692693366133,-2.950692693366133
6.33,5.923038155647893,0.40696184435210725
1.15,3.448943627183847,-2.298943627183847
-0.82,-0.6343598933899462,-0.1856401066100537
10.31,5.918283691491445,4.391716308508555
1.49,3.5514930062587693,-2.061493006258769
7.35,4.723418340897875,2.6265816591021247
1.84,0.9796468631054652,0.8603531368945349
74.42,49.572948999519014,24.847051000480988
-0.91,-0.9070049511942796,-0.002995048805720435
0.97,2.574729672320422,-1.604729672320422
10.45,8.57737578401512,1.8726242159848798
5.96,4.59577114898633,1.36422885101367
7.36,6.525581034622363,0.8344189653776377
6.18,4.002220938799422,2.177779061200578
1.18,3.0923817253639845,-1.9123817253639845
5.99,10.6048225020932,-4.614822502093199
1.24,2.488922553194289,-1.2489225531942891
0.42,-0.10994478114491014,0.5299447811449102
1.76,2.8363021394137733,-1.0763021394137733
24.16,17.808161380716946,6.351838619283054
0.61,0.9007036170407045,-0.29070361704070447
1.11,0.28779335144708207,0.822206648552918
-0.3,0.6886257186154635,-0.9886257186154634
2.33,1.9935979271881967,0.33640207281180334
3.11,2.063278048009231,1.0467219519907687
1.6,1.4520872631021158,0.1479127368978843
1.78,1.178000704948353,0.6019992950516471
7.95,5.116723395201674,2.8332766047983258
0.1,-0.12335265616819771,0.22335265616819772
16.28,12.184597314274692,4.095402685725309
19.15,28.819790238095223,-9.669790238095224
-0.09,-0.2160964605078196,0.1260964605078196
1.47,2.230350407167446,-0.7603504071674461
0.92,0.6457383612583825,0.2742616387416176
0.29,-0.04346450085202976,0.3334645008520297
0.51,0.481530658699441,0.028469341300559003
-0.49,-0.11754498033414218,-0.3724550196658578
0.13,-0.28281808855978335,0.41281808855978336
-0.9,-0.799291862420132,-0.10070813757986807
2.48,3.401335761037425,-0.9213357610374251
3.54,3.5324009758877333,0.007599024112266761
2.02,1.4781983389100484,0.5418016610899516
2.33,5.09900610394744,-2.76900610394744
-0.59,-0.7018158143984149,0.11181581439841493
-0.69,-0.5120100876624891,-0.17798991233751082
0.08,0.030523002670765978,0.049476997329234024
6.21,8.50058373079112,-2.2905837307911208
0.87,0.33895675249762086,0.5310432475023792
0.54,0.764195725634846,-0.2241957256348459
-0.16,-0.08138662289381507,-0.07861337710618493
1.6,1.2897796106657904,0.3102203893342097
0.71,0.42930023376031384,0.2806997662396861
0.65,0.6725404921431285,-0.022540492143128477
-0.59,-0.09473456248313215,-0.4952654375168678
0.39,0.2768180016761488,0.11318199832385123
-0.31,-0.5279976758975975,0.2179976758975975
0.15,-0.13069737547267332,0.2806973754726733
4.07,3.4881150601405055,0.5818849398594947
8.69,5.4502773565914895,3.23972264340851
2.95,1.5336416179030865,1.4163583820969137
2.27,3.675762953905936,-1.4057629539059362
0.52,0.4692955012577113,0.05070449874228872
-0.72,-0.3737202992458194,-0.3462797007541806
16.94,12.043908649145749,4.8960913508542525
1.05,1.0633986085334168,-0.01339860853341679
3.93,3.9292760982699604,0.0007239017300397776
10.05,10.422566963751287,-0.37256696375128584
-0.84,-0.7431329504212688,-0.09686704957873116
-0.78,-0.6250549165419069,-0.1549450834580931
0.58,0.35562941585304414,0.22437058414695582
2.09,6.306430597383942,-4.216430597383942
2.25,3.851851943923438,-1.601851943923438
-0.63,-0.6376004178807413,0.007600417880741284
-0.7,-0.4640395283692187,-0.23596047163078127
-0.45,-0.07098892274757927,-0.3790110772524207
-0.1,-0.3579014020929616,0.25790140209296164
24.56,31.04718583971584,-6.487185839715842
-0.54,-0.3245594765818377,-0.21544052341816233
5.52,8.342119077962144,-2.822119077962144
1.74,3.4841666914168883,-1.7441666914168883
3.87,3.582350831829618,0.2876491681703821
0.98,2.753416445663807,-1.7734164456638069
30.5,25.40023715633315,5.0997628436668485
1.47,2.7396050722423175,-1.2696050722423176
-0.45,-0.03486783145586304,-0.415132168544137
0.73,0.526355596936749,0.20364440306325093
8.88,7.633960602689131,1.24603939731087
-0.02,-0.26504573608458987,0.24504573608458988
3.16,3.430915292066479,-0.270915292066479
-0.48,-0.4330151892589554,-0.0469848107410446
21.98,12.464526377624063,9.515473622375938
0.19,0.7184550239655145,-0.5284550239655146
0.71,1.5710316792102104,-0.8610316792102104
0.67,0.11153615135185536,0.5584638486481447
3.63,7.279480947142051,-3.6494809471420515
4.47,3.527092815273702,0.9429071847262978
1.39,0.8534620516646506,0.5365379483353493
3.48,3.0058421834523577,0.47415781654764233
0.1,0.33384536668415865,-0.23384536668415865
16.25,15.49539098366237,0.7546090163376302
0.12,-0.20137334823988082,0.32137334823988084
1.17,3.013110097819812,-1.843110097819812
4.37,7.654788678444714,-3.2847886784447136
0.21,0.7067840176284421,-0.49678401762844215
8.03,8.568019555962692,-0.538019555962693
0.97,0.21423290486444677,0.7557670951355532
2.15,1.9457373506891584,0.20426264931084148
0.79,1.455314575229304,-0.6653145752293039
4.72,2.799165225319839,1.9208347746801606
-0.46,-0.058606076041668696,-0.40139392395833134
1.39,0.8753236223620068,0.5146763776379931
2.91,3.268433599090661,-0.35843359909066086
1.67,2.0578044548869436,-0.3878044548869437
0.07,0.45807792636744543,-0.3880779263674454
1.25,3.3166603366611436,-2.0666603366611436
4.35,2.793335387240197,1.5566646127598025
0.51,1.7045509805389285,-1.1945509805389285
0.23,0.043958019310407936,0.18604198068959207
1.26,2.119321661814693,-0.859321661814693
-0.91,-0.8438028109203334,-0.06619718907966665
18.01,14.33601922489064,3.673980775109362
1.02,0.33112096921464373,0.6888790307853563
8.44,6.342085188937214,2.097914811062785
-0.72,-0.5161312601543301,-0.2038687398456699
7.57,5.961887117036985,1.608112882963015
-0.22,-0.4068482171234622,0.1868482171234622
4.6,3.5037502213510976,1.096249778648902
3.72,2.414330303309508,1.3056696966904924
3.68,6.979411290895844,-3.299411290895844
0.79,2.1406384956867064,-1.3506384956867064
0.89,0.15266140340760914,0.7373385965923909
11.37,14.788824854613361,-3.418824854613362
0.28,0.06958379036376545,0.21041620963623459
0.13,0.8820323852526857,-0.7520323852526857
3.24,1.91599734029893,1.3240026597010701
-0.26,-0.5287119844951941,0.26871198449519407
10.09,5.9119976529952645,4.178002347004735
2.84,7.651302665876586,-4.811302665876586
-0.35,-0.01566059247902912,-0.33433940752097085
-0.33,-0.02184321969285968,-0.30815678030714033
10.09,8.899675366131444,1.1903246338685562
2.93,2.2626031533563005,0.6673968466436997
-0.12,-0.11579377040560136,-0.004206229594398633
-0.69,-0.6337669149344896,-0.05623308506551039
1.37,3.1649397301949302,-1.7949397301949301
5.11,3.006802246634378,2.1031977533656225
-0.83,-0.8216466187335195,-0.008353381266480442
1.81,2.5495437047518155,-0.7395437047518154
3.36,4.28309115462838,-0.9230911546283802
0.39,0.41174227956458376,-0.021742279564583744
2.98,1.5052563532139147,1.4747436467860853
0.61,0.17215658864458683,0.43784341135541316
-0.52,-0.4890729045610365,-0.030927095438963492
0.08,-0.10270599957956336,0.18270599957956335
0.71,0.04812223973185489,0.661877760268145
-0.19,-0.1004145495012239,-0.0895854504987761
-0.48,-0.35298579254964013,-0.12701420745035985
0.58,1.1323685125388976,-0.5523685125388976
4.23,3.691593008584697,0.5384069914153033
-0.65,-0.5931435078458637,-0.05685649215413635
-0.61,-0.43156273367769066,-0.17843726632230933
1.66,1.5814787791239093,0.07852122087609059
-0.74,-0.8407637933306947,0.10076379333069474
3.67,5.813892591018905,-2.143892591018905
5.81,4.058700875225878,1.7512991247741212
0.18,0.9055799174478268,-0.7255799174478268
-0.48,-0.055053637968557466,-0.42494636203144254
36.33,26.946323557422964,9.383676442577034
-0.19,0.20580359544358506,-0.39580359544358507
-0.73,-0.5769068077236963,-0.1530931922763037
8.21,8.026579581849443,0.18342041815055765
1.27,1.028943335533951,0.241056664466049
0.74,1.9277229478311073,-1.1877229478311073
5.56,5.889120434125926,-0.32912043412592595
-0.11,1.1064560911497845,-1.2164560911497846
1.32,1.1625524340704994,0.1574475659295007
3.47,3.5291050280622183,-0.05910502806221807
0.26,-0.13735360628309218,0.3973536062830922
2.32,1.8103710622032494,0.5096289377967504
0.14,0.527649904921352,-0.387649904921352
8.39,12.48165217278446,-4.091652172784459
-0.18,0.5107614759265705,-0.6907614759265706
5.57,3.72391761654761,1.8460823834523903
0.68,2.900224614931646,-2.220224614931646
17.11,13.383179140073247,3.726820859926752
3.61,5.687502512106625,-2.077502512106625
-0.67,-0.4002860024355886,-0.26971399756441145
5.4,6.0613997211996455,-0.6613997211996452
1.32,0.563593866415647,0.756406133584353
17.46,19.36610012473352,-1.9061001247335199
0.54,0.33629421052822933,0.2037057894717707
2.86,1.9805165568945684,0.8794834431054315
4.61,2.625327534615304,1.9846724653846963
2.31,5.884071076367028,-3.574071076367028
0.05,0.5727373158440359,-0.5227373158440358
3.72,4.781397774192597,-1.061397774192597
-0.65,-0.7492110323484562,0.09921103234845619
0.35,0.6692792982413985,-0.31927929824139856
0.0,-0.31826092803677314,0.31826092803677314
-0.11,-0.4248495806233844,0.3148495806233844
-0.69,-0.6775567452657427,-0.012443254734257225
1.2,1.5978032411628496,-0.3978032411628496
0.11,1.3614757113586324,-1.2514757113586323
0.19,1.6656867542818354,-1.4756867542818355
1.69,5.36057261973476,-3.67057261973476
-0.46,0.29567399156503915,-0.7556739915650392
3.18,2.9291036867613944,0.25089631323860573
-0.03,-0.03508144111778478,0.005081441117784781
3.23,2.4613582880695084,0.7686417119304916
26.79,19.442293472952166,7.3477065270478334
2.26,3.263694319302799,-1.0036943193027992
-0.32,-0.5813402969172481,0.2613402969172481
6.72,4.711945149089577,2.0080548509104226
-0.67,-0.6152041254662618,-0.05479587453373824
0.37,0.9165888069389934,-0.5465888069389934
-0.87,-0.7611567899427236,-0.10884321005727637
7.56,6.70622213229941,0.8537778677005896
3.57,8.138152918197688,-4.568152918197688
6.0,4.095471758456078,1.9045282415439218
1.98,4.55735949850364,-2.57735949850364
-0.7,-0.6286697453776398,-0.0713302546223602
2.25,3.0694224647715056,-0.8194224647715056
1.57,0.7996165374348178,0.7703834625651823
0.72,2.775154673480309,-2.055154673480309
1.98,6.557049692998191,-4.577049692998191
0.01,0.4635005868840389,-0.4535005868840389
2.65,5.138750869182877,-2.488750869182877
1.06,0.9528943248264012,0.10710567517359881
-0.11,-0.00011795669929928161,-0.10988204330070071
2.3,1.1656087598766312,1.1343912401233687
0.64,1.0119877239437567,-0.3719877239437567
0.1,0.2099169739125489,-0.1099169739125489
1.66,1.157960327217376,0.502039672782624
2.15,2.4311486434113734,-0.28114864341137347
4.93,6.2677768973297745,-1.3377768973297748
-0.62,-0.4057725855451361,-0.21422741445486387
5.47,3.457474875053093,2.0125251249469067
3.35,1.8073756557938574,1.5426243442061427
2.79,5.6765128992129155,-2.8865128992129154
6.0,4.741811042842413,1.2581889571575866
0.59,2.1582538381794185,-1.5682538381794187
1.75,1.6818136999366917,0.06818630006330828
-0.68,-0.6976374774142868,0.017637477414286784
3.85,3.9008736970783433,-0.050873697078343216
-0.52,-0.27892901413389015,-0.24107098586610987
4.4,3.0409644435926686,1.3590355564073318
9.41,10.45621479390217,-1.0462147939021698
12.29,11.71476270914394,0.5752372908560588
1.26,0.4537268428549287,0.8062731571450713
0.39,0.3967571959075303,-0.006757195907530267
-0.14,-0.45584143256527937,0.31584143256527936
2.09,4.20255110018702,-2.1125511001870203
4.06,2.8719117702040378,1.1880882297959618
-0.68,-0.8320552379253547,0.1520552379253547
31.6,18.766965935639483,12.833034064360518
0.49,0.4649182778324368,0.025081722167563214
-0.83,-0.8823059752010477,0.05230597520104774
3.68,3.547060474727911,0.1329395252720893
1.61,1.1789090929032775,0.4310909070967226
3.16,3.1917303283917726,-0.03173032839177248
-0.17,0.5136464797932909,-0.683646479793291
4.87,2.738061519229299,2.131938480770701
5.97,4.7649748254062345,1.2050251745937652
0.18,-0.10638664289828025,0.28638664289828025
1.78,3.332811001361514,-1.552811001361514
6.56,4.344111396856386,2.215888603143614
0.17,0.6968021632446754,-0.5268021632446753
-0.15,-0.08735170293370469,-0.06264829706629531
14.59,11.410166014560716,3.1798339854392843
-0.82,-0.7690909602235793,-0.050909039776420695
-0.44,0.2231997988390061,-0.6631997988390061
0.05,0.7331102634453167,-0.6831102634453167
2.56,3.550668636642561,-0.9906686366425608
3.43,2.276670238139552,1.1533297618604483
-0.1,0.11722498516047082,-0.21722498516047084
-0.14,0.8308518677522022,-0.9708518677522022
4.13,3.38634153847788,0.74365846152212
3.23,3.0259748091129537,0.2040251908870463
0.14,-0.13190109044408416,0.27190109044408417
0.66,0.2432552177543976,0.4167447822456024
-0.08,0.10101376349577235,-0.18101376349577236
0.22,-0.2554417563331509,0.4754417563331509
-0.38,-0.22429738196159968,-0.15570261803840033
3.42,2.914398348764667,0.5056016512353327
-0.49,0.14059381774590998,-0.63059381774591
-0.34,0.2801837074623307,-0.6201837074623306
-0.66,-0.6199372741895827,-0.040062725810417366
5.7,13.225955617810888,-7.5259556178108875
1.89,1.1721154943954832,0.7178845056045167
0.78,1.4934901181948466,-0.7134901181948465
0.51,-0.15080686947242172,0.6608068694724217
2.84,3.079450138471375,-0.23945013847137497
2.01,2.0062880408587516,0.0037119591412482222
2.15,1.3373379351477097,0.8126620648522902
1.73,1.4252059719050907,0.3047940280949093
2.93,1.6630586990336018,1.2669413009663983
4.1,2.398084882137994,1.7019151178620056
-0.01,0.23809370080269324,-0.24809370080269325
0.1,-0.2980835200661133,0.39808352006611336
5.24,11.523837426536824,-6.283837426536824
0.48,1.1253891921747274,-0.6453891921747275
-0.22,-0.40535057662984836,0.18535057662984836
0.61,0.8689159716983844,-0.25891597169838443
-0.06,-0.3258629707310527,0.2658629707310527
2.16,3.3992440920834857,-1.2392440920834855
-0.41,-0.5876680554796955,0.1776680554796955
0.38,0.014583969157780803,0.3654160308422192
-0.49,-0.21197642772068007,-0.27802357227931995
1.4,0.9792723973330342,0.42072760266696574
4.49,3.2820191416034064,1.2079808583965939
-0.45,-0.13547324226800647,-0.31452675773199357
9.42,6.364209218020292,3.0557907819797077
-0.16,0.9053547869654683,-1.0653547869654683
-0.17,-0.3585254717773451,0.1885254717773451
7.08,4.123871730152547,2.9561282698474534
0.03,0.26173887814474983,-0.23173887814474983
2.28,2.0997818914821993,0.1802181085178005
0.08,0.07117353233818588,0.008826467661814122
0.01,1.4238724726469043,-1.4138724726469043
-0.14,-0.1288950864866824,-0.011104913513317605
1.54,4.697617330442577,-3.1576173304425765
1.34,1.1344641153494235,0.2055358846505766
8.14,6.715036672614388,1.4249633273856128
4.18,5.917309994965674,-1.737309994965674
0.66,0.6389030725244863,0.021096927475513727
-0.36,0.46693269814991833,-0.8269326981499183
-0.81,-0.85714503366084,0.04714503366084
3.5,9.474698289429952,-5.974698289429952
0.17,1.6391416994033845,-1.4691416994033846
1.82,1.8123081907763792,0.0076918092236208935
1.22,0.5311562858713668,0.6888437141286332
7.79,6.381187735982931,1.4088122640170688
-0.65,-0.467099819741956,-0.182900180258044
-0.5,0.06053327885636819,-0.5605332788563682
0.75,0.4552055420310515,0.2947944579689485
-0.32,0.4461552976709628,-0.7661552976709628
2.89,2.23518729225525,0.6548127077447501
10.33,8.33602491927823,1.9939750807217695
0.26,0.9070279846516914,-0.6470279846516914
-0.62,-0.5989315641645351,-0.021068435835464916
5.45,6.285794619945236,-0.8357946199452355
0.48,2.3719626961988745,-1.8919626961988745
4.19,8.254814189797349,-4.064814189797349
-0.26,-0.2123087368410616,-0.0476912631589384
3.02,3.264411453622522,-0.24441145362252215
-0.59,-0.16859857769947395,-0.421401422300526
2.06,3.5514376974204516,-1.4914376974204515
-0.07,1.0327601714754209,-1.102760171475421
2.44,3.45863725216093,-1.01863725216093
2.49,2.976774093449237,-0.48677409344923683
-0.7,-0.6982551869548134,-0.0017448130451865884
2.36,1.6024683348849584,0.7575316651150414
1.92,0.860502262898702,1.059497737101298
7.85,6.714941947820538,1.1350580521794615
1.01,1.8959877884488772,-0.8859877884488772
3.09,1.9203808063248113,1.1696191936751885
0.93,3.579087386185254,-2.6490873861852537
4.18,2.947544081305264,1.2324559186947357
7.22,4.416340579463533,2.8036594205364667
0.14,0.7874187694718225,-0.6474187694718225
1.35,2.03781404840909,-0.68781404840909
0.0,1.326132952067932,-1.326132952067932
8.15,26.732838131599113,-18.58283813159911
-0.08,0.010951618507737734,-0.09095161850773774
2.34,2.4155367339772447,-0.07553673397724481
0.14,-0.12572223451102937,0.2657222345110294
-0.31,0.054104376004316904,-0.3641043760043169
5.94,5.597713668003118,0.3422863319968821
-0.34,0.23385372062487017,-0.5738537206248702
12.64,15.185527181734715,-2.5455271817347143
0.68,0.6642733881146548,0.0157266118853453
-0.91,-0.87541021075554,-0.03458978924445999
8.73,12.402397374486288,-3.6723973744862874
-0.63,-0.5009884729997652,-0.12901152700023477
3.29,4.320496868012742,-1.030496868012742
3.88,2.2438673882722577,1.6361326117277422
-0.11,0.44705003661086756,-0.5570500366108676
-0.91,-0.9070332066732747,-0.0029667933267253366
1.33,0.909568174191012,0.4204318258089881
-0.53,-0.6829631060071747,0.15296310600717467
7.18,9.161792341515842,-1.9817923415158418
-0.03,0.47636115044475114,-0.5063611504447512
0.17,1.1791086806078017,-1.0091086806078018
1.48,5.262057242393429,-3.7820572423934293
-0.59,-0.7228491682639979,0.13284916826399795
0.34,0.703425803672097,-0.3634258036720969
0.36,0.7685289604116534,-0.40852896041165343
7.32,6.346113919941664,0.9738860800583362
-0.4,0.2271522597996314,-0.6271522597996314
5.04,5.328933566342364,-0.2889335663423642
5.0,6.20555247973023,-1.2055524797302297
0.51,2.7382449672213403,-2.2282449672213405
1.14,0.614413460631544,0.5255865393684559
4.41,4.518816842303902,-0.1088168423039022
-0.26,-0.14099526435218948,-0.11900473564781053
18.86,12.333164625287155,6.526835374712844
0.8,2.18064258717927,-1.3806425871792698
3.23,4.171834304989996,-0.9418343049899964
-0.62,-0.6949156367313633,0.07491563673136326
7.7,10.880048835030818,-3.180048835030818
0.65,0.29228309913873785,0.3577169008612622
-0.5,-0.7179313751298825,0.21793137512988248
5.32,3.390686362515346,1.9293136374846545
2.8,2.9159135056742267,-0.11591350567422687
-0.38,0.1127182616526403,-0.4927182616526403
0.97,0.3360686680591864,0.6339313319408135
5.44,3.4211464671714795,2.018853532828521
0.03,-0.2587388031882892,0.28873880318828915
-0.59,-0.6156315216059706,0.025631521605970597
-0.81,-0.8719097224134669,0.06190972241346682
1.93,2.1858963580416675,-0.25589635804166755
5.44,7.239420533663559,-1.7994205336635583
1.58,2.915745101664726,-1.3357451016647257
4.25,2.6614890154754147,1.5885109845245853
10.19,6.477352008995748,3.7126479910042516
3.21,6.61515130067504,-3.4051513006750405
5.36,5.7177892576930445,-0.35778925769304415
9.37,15.076026362355988,-5.706026362355988
1.4,3.664062477542626,-2.264062477542626
-0.85,-0.6575103218761209,-0.19248967812387907
0.65,3.2360250051747736,-2.5860250051747737
-0.43,-0.5202899246628037,0.09028992466280367
0.23,1.9127238515208338,-1.6827238515208338
6.45,3.918873001567604,2.5311269984323963
2.67,2.218927243507118,0.45107275649288203
1.57,0.6739276767151803,0.8960723232848198
-0.48,-0.5517629117203021,0.07176291172030214
0.13,0.10889146506706761,0.021108534932932396
2.99,2.3241378368418193,0.6658621631581809
1.92,1.4275270022415785,0.49247299775842146
3.57,2.462802536230182,1.1071974637698179
1.29,2.6921872813301606,-1.4021872813301606
-0.84,-0.6409493631014926,-0.19905063689850733
3.07,2.390885490724369,0.6791145092756308
-0.23,-0.36156922443663936,0.13156922443663935
17.66,23.269149618996995,-5.6091496189969945
2.55,1.7028654440425814,0.8471345559574184
5.79,4.346233474793672,1.4437665252063283
1.13,0.9075359355115309,0.222464064488469
2.25,1.2747826896651886,0.9752173103348114
1.15,0.49616998673962315,0.6538300132603767
-0.31,-0.1564368793555203,-0.1535631206444797
1.7,3.698560377957468,-1.998560377957468
20.99,12.271725838470651,8.718274161529347
3.07,4.1931802849706905,-1.1231802849706907
0.57,1.3959823124215598,-0.8259823124215598
-0.35,-0.5380168439582524,0.18801684395825247
1.24,0.7605621809337765,0.4794378190662235
-0.05,-0.15507911069726943,0.10507911069726943
0.42,0.007378062468459787,0.4126219375315402
3.46,2.505174395677575,0.954825604322425
2.31,1.4885654964603974,0.8214345035396027
1.61,2.484255991782467,-0.8742559917824668
0.1,0.1597056434877688,-0.0597056434877688
0.18,-0.27188035416137385,0.45188035416137384
8.33,5.030614575300233,3.299385424699767
1.6,2.4716336985561083,-0.8716336985561082
1.53,2.53103851088083,-1.0010385108808302
2.16,1.7291553611640822,0.43084463883591795
-0.51,-0.41670381790019745,-0.09329618209980256
12.46,11.267611162365,1.1923888376350007
6.2,8.42844536046189,-2.2284453604618895
1.8,3.399743266180522,-1.599743266180522
2.9,5.4007527978555006,-2.5007527978555006
3.05,3.546018368016321,-0.49601836801632126
5.99,4.7900672022424216,1.1999327977575787
0.76,3.440569757729473,-2.680569757729473
21.68,13.881424885658356,7.798575114341643
0.15,-0.2325849136034558,0.3825849136034558
-0.08,0.5396820573323416,-0.6196820573323416
3.4,2.3908856826826352,1.0091143173173647
2.99,3.6400856234346075,-0.6500856234346073
0.91,0.8067264681090109,0.10327353189098909
4.11,1.9667314086535865,2.1432685913464136
0.54,0.4224560309996139,0.11754396900038616
1.12,0.7217588529837108,0.3982411470162893
-0.27,-0.1425235457727439,-0.12747645422725612
-0.04,1.0837249229757306,-1.1237249229757307
-0.52,-0.3090411625423801,-0.2109588374576199
1.3,1.19602363991203,0.10397636008796995
1.55,1.585375740249576,-0.035375740249576015
-0.09,0.1923611656947867,-0.2823611656947867
1.61,1.2157809669206827,0.3942190330793174
-0.26,0.5342641098871874,-0.7942641098871874
-0.41,-0.27786551271328847,-0.1321344872867115
-0.58,-0.6082438420553562,0.02824384205535624
1.98,1.561428479592232,0.418571520407768
5.31,2.9258005646692604,2.384199435330739
0.28,-0.03540879553675793,0.31540879553675794
0.7,0.4747460314663231,0.22525396853367685
2.59,1.4112301707749495,1.1787698292250504
1.35,2.3310288805622936,-0.9810288805622935
-0.14,-0.08053773162238811,-0.0594622683776119
2.91,1.7408296392895821,1.169170360710418
0.27,0.16106008142133602,0.108939918578664
1.72,3.913945981576393,-2.193945981576393
7.15,4.871033460127979,2.2789665398720214
6.09,9.527156698146836,-3.437156698146836
0.65,1.400463098894157,-0.7504630988941571
0.01,0.12759099793179593,-0.11759099793179593
-0.7,-0.549581370636299,-0.15041862936370098
-0.04,-0.14841717620570305,0.10841717620570304
-0.2,-0.3030177845397061,0.10301778453970611
3.53,5.52842237596878,-1.9984223759687798
-0.01,0.4064561734741685,-0.4164561734741685
-0.31,-0.027258464421664505,-0.2827415355783355
-0.24,-0.3073734250903803,0.0673734250903803
3.65,1.8804361082055585,1.7695638917944414
-0.77,-0.648421967971607,-0.12157803202839301
3.06,5.7782475468271,-2.7182475468271003
-0.46,-0.4147235606938438,-0.04527643930615621
-0.28,-0.0013219218110638157,-0.2786780781889362
-0.4,-0.11504645539415309,-0.28495354460584693
4.32,3.960170997120567,0.3598290028794331
-0.18,0.03949078547457592,-0.2194907854745759
5.22,4.194633162146033,1.0253668378539667
0.02,0.09460664923574438,-0.07460664923574438
0.96,2.988725058720395,-2.028725058720395
15.03,9.931292746096739,5.09870725390326
1.8,1.0759351700913344,0.7240648299086656
-0.68,-0.6870351314611066,0.00703513146110657
-0.58,-0.15157216875755783,-0.4284278312424421
-0.73,-0.519568801048031,-0.21043119895196893
17.91,17.981969348254914,-0.07196934825491397
1.89,1.751724375746248,0.13827562425375195
-0.44,-0.4999216508532003,0.05992165085320028
-0.14,-0.15844544445065925,0.018445444450659237
-0.87,-0.871538135864616,0.0015381358646160415
-0.68,-0.19403121161350717,-0.4859687883864929
-0.58,-0.5377877997860758,-0.042212200213924134
1.95,3.432462156282761,-1.4824621562827611
2.71,3.8661001101765944,-1.1561001101765944
-0.19,0.17350510888584997,-0.36350510888584997
1.15,0.48746316943449225,0.6625368305655077
3.65,5.749740940057771,-2.0997409400577713
0.34,0.4593873527298854,-0.11938735272988538
6.84,7.4144777332562,-0.5744777332562006
-0.31,-0.36680575691238776,0.05680575691238776
-0.29,0.2070333827355853,-0.4970333827355853
0.61,1.4051335323905876,-0.7951335323905876
-0.43,-0.46644025446836385,0.03644025446836385
8.25,8.037612690013166,0.21238730998683408
-0.24,-0.04733029006782618,-0.1926697099321738
1.55,2.816737018192631,-1.2667370181926307
0.22,0.9608455230471346,-0.7408455230471346
1.61,1.6144073992110168,-0.004407399211016738
6.96,5.757817814190496,1.2021821858095043
0.0,0.692542391403546,-0.692542391403546
1.42,2.633908065510825,-1.2139080655108252
4.9,2.7631922438483514,2.136807756151649
19.84,18.30151594292979,1.5384840570702103
-0.03,-0.16610021797558772,0.13610021797558772
2.21,5.830150813553448,-3.6201508135534484
6.29,4.052907552991305,2.2370924470086955
-0.53,0.14694097888759,-0.67694097888759
-0.29,0.39511129556775815,-0.6851112955677581
2.45,1.9348348300342346,0.5151651699657656
-0.71,-0.6811746344713943,-0.028825365528605706
9.29,6.493750779811423,2.7962492201885762
-0.82,-0.6160266433967617,-0.20397335660323823
4.12,2.8145856154627893,1.3054143845372108
0.14,1.6216415700912306,-1.4816415700912304
2.72,2.0237558878898434,0.6962441121101568
-0.52,-0.642688777132858,0.12268877713285797
-0.04,-0.3745234433345493,0.3345234433345493
2.88,3.4475070157313983,-0.5675070157313984
0.55,-0.07062342608884753,0.6206234260888476
3.97,3.4620285846533725,0.5079714153466277
19.25,14.223589390965932,5.026410609034068
0.75,0.6955623497483462,0.05443765025165381
-0.61,-0.6415304373646195,0.03153043736461947
1.98,1.3243321144479467,0.6556678855520532
0.51,0.8039217520666907,-0.2939217520666907
8.01,8.60353598961522,-0.593535989615221
-0.14,-0.37546444737824297,0.23546444737824296
0.34,0.7924606676359497,-0.45246066763594966
1.47,3.1219662061663263,-1.6519662061663263
0.93,1.2813138434927465,-0.3513138434927464
7.28,6.345142475533725,0.9348575244662749
0.14,0.23834871830089369,-0.09834871830089367
0.24,0.16076166900838487,0.07923833099161512
7.86,4.683908842084359,3.176091157915641
1.75,0.9912674814903606,0.7587325185096394
1.56,2.8289234016757674,-1.2689234016757673
-0.45,-0.13458147457452407,-0.31541852542547594
1.72,1.4712695575971422,0.2487304424028578
0.18,1.6857430107985565,-1.5057430107985565
0.31,1.7110654230976892,-1.4010654230976891
3.16,3.208915951196266,-0.048915951196265794
0.17,-0.016741541991198712,0.18674154199119872
0.54,0.3967673367789516,0.14323266322104844
6.46,4.625973712915895,1.8340262870841046
-0.29,0.705087514226923,-0.9950875142269229
1.16,0.7989754159117609,0.361024584088239
11.77,7.9685594758640805,3.801440524135919
2.0,1.3315745131076857,0.6684254868923143
1.64,0.9296028430177604,0.7103971569822395
-0.1,0.7801398084571415,-0.8801398084571415
12.12,8.018539917963077,4.1014600820369225
0.54,1.4626938183349385,-0.9226938183349385
3.83,3.9062503780826137,-0.07625037808261359
0.75,0.2926413046578191,0.4573586953421809
8.33,8.080098629546182,0.24990137045381822
-0.4,-0.08770989096423182,-0.3122901090357682
1.64,1.7404668351386317,-0.10046683513863175
1.77,1.3631681465298202,0.4068318534701798
0.66,1.1093071502055651,-0.4493071502055651
0.37,1.9467140525550781,-1.576714052555078
6.74,8.696390250625132,-1.956390250625132
-0.77,-0.8285805058634915,0.058580505863491505
3.25,3.2179704181751467,0.03202958182485327
0.2,0.1693821827721349,0.030617817227865107
3.23,2.251065549809176,0.9789344501908239
-0.19,-0.149419839943599,-0.040580160056401
-0.23,-0.44388453430422636,0.21388453430422635
5.51,6.425776850508064,-0.9157768505080641
-0.7,-0.6557470261871632,-0.04425297381283677
0.43,1.1985870138983088,-0.7685870138983089
1.19,2.150954173599915,-0.960954173599915
-0.04,0.3631988762783871,-0.4031988762783871
2.22,3.087024422627685,-0.8670244226276846
1.57,2.8759149744688286,-1.3059149744688285
0.88,0.6043614041877512,0.2756385958122488
3.17,3.7177400037860546,-0.5477400037860547
0.02,-0.3250858954721477,0.34508589547214774
-0.27,0.4663888773051345,-0.7363888773051346
3.32,1.7656471948005161,1.5543528051994837
6.3,7.8967785840535285,-1.5967785840535287
9.31,9.34153017183681,-0.03153017183680973
6.5,4.016812050731853,2.483187949268147
0.18,1.2260170188156172,-1.0460170188156173
2.18,1.376682341799923,0.8033176582000772
0.72,0.31115693765520475,0.4088430623447952
0.58,1.1006704837699324,-0.5206704837699324
16.29,10.816168970419694,5.473831029580305
-0.68,-0.7363281582066893,0.05632815820668924
-0.22,0.03994464029220216,-0.25994464029220216
-0.85,-0.7244625434622307,-0.12553745653776927
3.19,8.840181878616427,-5.6501818786164275
-0.77,-0.8220680560559965,0.052068056055996514
28.05,38.16262784752286,-10.112627847522862
0.2,0.6765412964468492,-0.4765412964468492
-0.37,-0.5293168500740861,0.15931685007408614
0.2,1.478163827580477,-1.278163827580477
1.86,3.5778541422355237,-1.7178541422355236
-0.83,-0.7551154767167367,-0.07488452328326323
2.47,3.111090093802264,-0.6410900938022639
3.5,2.424995691967672,1.075004308032328
-0.53,-0.5281997333634673,-0.0018002666365327658
2.52,3.271680923334641,-0.7516809233346411
1.62,2.1554499815989834,-0.5354499815989833
4.31,2.3800327338732385,1.929967266126761
0.33,0.2707101262178205,0.059289873782179536
-0.19,0.1776266678750166,-0.36762666787501663
-0.38,-0.5185943653193071,0.13859436531930713
1.93,1.6660092452040909,0.26399075479590906
2.51,3.478068851630685,-0.9680688516306852
0.71,1.844532996238261,-1.134532996238261
